{"type": "FeatureCollection", "features": [{"type": "Feature", "id": 7176, "geometry": {"type": "Polygon", "coordinates": [[[-119.87962473283082, 42.724503679325764], [-119.87469696401148, 42.724512410773436], [-119.87471500962899, 42.72819432505447], [-119.87473305424666, 42.73187621633542], [-119.87608083047091, 42.73187465621301], [-119.87966038006648, 42.73187051188788], [-119.88458768288615, 42.73186478344027], [-119.88457008026803, 42.72817986615919], [-119.88455247765006, 42.72449492487803], [-119.87962473283082, 42.724503679325764]]]}, "properties": {"OBJECTID": 7176, "ID": "845347902699278336", "CSE_NAME": "Golden Peacock 1", "STAGE_ID": "842855960451153920", "BLM_PROD": "Lode Claim", "CSE_TYPE_NR": "384101", "CSE_NR": "OR105238733", "LEG_CSE_NR": "", "SF_ID": "a02t0000007lRE6AAM", "CSE_DISP": "Active", "SRC": "LLD", "QLTY": "0: OR330330S0240E0SN100ASWNW\n36 sections retrieved\n598 intersected features retrieved, OR330330S0240E0SN100ANWNW\n36 sections retrieved\n598 intersected features retrieved, OR330330S0240E0SN100ANENW\n36 sections retrieved\n598 intersected features retrieved, ", "CSE_META": "OR 33 0330S 0240E 010 A SWNW|OR 33 0330S 0240E 010 A NWNW|OR 33 0330S 0240E 010 A NENW|OR 33 0330S 0240E 010 A SENW", "RCRD_ACRS": 20.66, "Created": 1621555200000, "Modified": 1728294041000, "Shape__Length": 0.03444399665437645, "Shape__Area": 7.260115294059002e-05}}, {"type": "Feature", "id": 7177, "geometry": {"type": "Polygon", "coordinates": [[[-119.87962473283082, 42.724503679325764], [-119.87469696401148, 42.724512410773436], [-119.87471500962899, 42.72819432505447], [-119.87473305424666, 42.73187621633542], [-119.87608083047091, 42.73187465621301], [-119.87966038006648, 42.73187051188788], [-119.88458768288615, 42.73186478344027], [-119.88457008026803, 42.72817986615919], [-119.88455247765006, 42.72449492487803], [-119.87962473283082, 42.724503679325764]]]}, "properties": {"OBJECTID": 7177, "ID": "845347997670785024", "CSE_NAME": "Golden Peacock 2", "STAGE_ID": "842856316677517312", "BLM_PROD": "Lode Claim", "CSE_TYPE_NR": "384101", "CSE_NR": "OR105238734", "LEG_CSE_NR": "", "SF_ID": "a02t0000007lRE7AAM", "CSE_DISP": "Active", "SRC": "LLD", "QLTY": "0: OR330330S0240E0SN100ASWNW\n36 sections retrieved\n598 intersected features retrieved, OR330330S0240E0SN100ANWNW\n36 sections retrieved\n598 intersected features retrieved, OR330330S0240E0SN100ANENW\n36 sections retrieved\n598 intersected features retrieved, ", "CSE_META": "OR 33 0330S 0240E 010 A SWNW|OR 33 0330S 0240E 010 A NWNW|OR 33 0330S 0240E 010 A NENW|OR 33 0330S 0240E 010 A SENW", "RCRD_ACRS": 20.66, "Created": 1621555200000, "Modified": 1728294041000, "Shape__Length": 0.03444399665437645, "Shape__Area": 7.260115294059002e-05}}, {"type": "Feature", "id": 7178, "geometry": {"type": "Polygon", "coordinates": [[[-119.87962473283082, 42.724503679325764], [-119.87469696401148, 42.724512410773436], [-119.87471500962899, 42.72819432505447], [-119.87473305424666, 42.73187621633542], [-119.87608083047091, 42.73187465621301], [-119.87966038006648, 42.73187051188788], [-119.88458768288615, 42.73186478344027], [-119.88457008026803, 42.72817986615919], [-119.88455247765006, 42.72449492487803], [-119.87962473283082, 42.724503679325764]]]}, "properties": {"OBJECTID": 7178, "ID": "845348112808726528", "CSE_NAME": "Golden Peacock 3", "STAGE_ID": "842856630315008000", "BLM_PROD": "Lode Claim", "CSE_TYPE_NR": "384101", "CSE_NR": "OR105238735", "LEG_CSE_NR": "", "SF_ID": "a02t0000007lRE8AAM", "CSE_DISP": "Active", "SRC": "LLD", "QLTY": "0: OR330330S0240E0SN100ASWNW\n36 sections retrieved\n598 intersected features retrieved, OR330330S0240E0SN100ANWNW\n36 sections retrieved\n598 intersected features retrieved, OR330330S0240E0SN100ANENW\n36 sections retrieved\n598 intersected features retrieved, ", "CSE_META": "OR 33 0330S 0240E 010 A SWNW|OR 33 0330S 0240E 010 A NWNW|OR 33 0330S 0240E 010 A NENW|OR 33 0330S 0240E 010 A SENW", "RCRD_ACRS": 20.66, "Created": 1621555200000, "Modified": 1728294041000, "Shape__Length": 0.03444399665437645, "Shape__Area": 7.260115294059002e-05}}, {"type": "Feature", "id": 7179, "geometry": {"type": "Polygon", "coordinates": [[[-119.87962473283082, 42.724503679325764], [-119.87469696401148, 42.724512410773436], [-119.87471500962899, 42.72819432505447], [-119.87473305424666, 42.73187621633542], [-119.87608083047091, 42.73187465621301], [-119.87966038006648, 42.73187051188788], [-119.88458768288615, 42.73186478344027], [-119.88457008026803, 42.72817986615919], [-119.88455247765006, 42.72449492487803], [-119.87962473283082, 42.724503679325764]]]}, "properties": {"OBJECTID": 7179, "ID": "845348241435414528", "CSE_NAME": "Golden Peacock 4", "STAGE_ID": "842856916286812160", "BLM_PROD": "Lode Claim", "CSE_TYPE_NR": "384101", "CSE_NR": "OR105238736", "LEG_CSE_NR": "", "SF_ID": "a02t0000007lRE9AAM", "CSE_DISP": "Active", "SRC": "LLD", "QLTY": "0: OR330330S0240E0SN100ANWNW\n36 sections retrieved\n598 intersected features retrieved, OR330330S0240E0SN100ASWNW\n36 sections retrieved\n598 intersected features retrieved, OR330330S0240E0SN100ANENW\n36 sections retrieved\n598 intersected features retrieved, ", "CSE_META": "OR 33 0330S 0240E 010 A NWNW|OR 33 0330S 0240E 010 A SWNW|OR 33 0330S 0240E 010 A NENW|OR 33 0330S 0240E 010 A SENW", "RCRD_ACRS": 20.66, "Created": 1621555200000, "Modified": 1728294041000, "Shape__Length": 0.03444399665437645, "Shape__Area": 7.260115294059002e-05}}, {"type": "Feature", "id": 15565, "geometry": {"type": "Polygon", "coordinates": [[[-119.86236469011995, 42.713499708045966], [-119.85988967570879, 42.713507462270975], [-119.85987624201313, 42.7153462184135], [-119.85986280831753, 42.71718485955601], [-119.86233365372807, 42.71717761033139], [-119.86480450013858, 42.7171703301068], [-119.86482208983475, 42.71533115396392], [-119.86483967953103, 42.713491954820974], [-119.86236469011995, 42.713499708045966]]]}, "properties": {"OBJECTID": 15565, "ID": "877356978383482880", "CSE_NAME": "KM - 2", "STAGE_ID": "873215629556080640", "BLM_PROD": "LODE CLAIM", "CSE_TYPE_NR": "384101", "CSE_NR": "OR105254631", "LEG_CSE_NR": null, "SF_ID": "a02t0000007FlhWAAS", "CSE_DISP": "Active", "SRC": "LLD", "QLTY": "1: 4 intersecting parts\naliquot\n36 sections retrieved\n598 intersected features retrieved\n25 matching sections found\nuncleaned section features returned", "CSE_META": "OR 33 0330S 0240E 014 A NWNW", "RCRD_ACRS": 20.66, "Created": 1629244800000, "Modified": 1754944123000, "Shape__Length": 0.01724777802577269, "Shape__Area": 1.8189834385895003e-05}}, {"type": "Feature", "id": 30348, "geometry": {"type": "Polygon", "coordinates": [[[-119.88543869753441, 42.84225394481124], [-119.8904036253618, 42.842254037358664], [-119.89044301975765, 42.838625115078024], [-119.88545976792786, 42.83862888753249], [-119.88543869753441, 42.84225394481124]]]}, "properties": {"OBJECTID": 30348, "ID": "936398040439324672", "CSE_NAME": "Butch #3", "STAGE_ID": "934145644803719168", "BLM_PROD": "Lode Claim", "CSE_TYPE_NR": "384101", "CSE_NR": "OR105289073", "LEG_CSE_NR": "", "SF_ID": "a023d000008lcvLAAQ", "CSE_DISP": "Active", "SRC": "LLD", "QLTY": "0: OR330310S0240E0SN330ANESE\n36 sections retrieved\n552 intersected features retrieved", "CSE_META": "OR 33 0310S 0240E 033 A NESE", "RCRD_ACRS": 20.66, "Created": 1643241600000, "Modified": 1728143234000, "Shape__Length": 0.017202433493190193, "Shape__Area": 1.8040912961462004e-05}}, {"type": "Feature", "id": 30349, "geometry": {"type": "Polygon", "coordinates": [[[-119.88543869753441, 42.84225394481124], [-119.8904036253618, 42.842254037358664], [-119.89044301975765, 42.838625115078024], [-119.88545976792786, 42.83862888753249], [-119.88543869753441, 42.84225394481124]]]}, "properties": {"OBJECTID": 30349, "ID": "936398279975952384", "CSE_NAME": "Butch #1", "STAGE_ID": "934157247993413632", "BLM_PROD": "Lode Claim", "CSE_TYPE_NR": "384101", "CSE_NR": "OR105289074", "LEG_CSE_NR": "", "SF_ID": "a023d000008lfB3AAI", "CSE_DISP": "Active", "SRC": "LLD", "QLTY": "0: OR330310S0240E0SN330ANESE\n36 sections retrieved\n552 intersected features retrieved", "CSE_META": "OR 33 0310S 0240E 033 A NESE", "RCRD_ACRS": 20.66, "Created": 1643241600000, "Modified": 1728143234000, "Shape__Length": 0.017202433493190193, "Shape__Area": 1.8040912961462004e-05}}, {"type": "Feature", "id": 54451, "geometry": {"type": "Polygon", "coordinates": [[[-119.78535228754768, 42.72115115961663], [-119.78529589615219, 42.724833026905586], [-119.78523948175695, 42.728514895194536], [-119.78518309136177, 42.732196762483454], [-119.79015349019339, 42.73220502803333], [-119.79512389002483, 42.73221329258323], [-119.80009440585623, 42.732221558133084], [-119.80506492168745, 42.73222982268288], [-119.80511425808066, 42.72854402039457], [-119.80513892677733, 42.72670111925043], [-119.805163594474, 42.724858218106206], [-119.80521293086754, 42.721172275817885], [-119.80523759856433, 42.71932930467363], [-119.80526226726121, 42.71748633352943], [-119.80029894543195, 42.71748200297896], [-119.79533562360248, 42.717477672428494], [-119.79037213977296, 42.71747348187804], [-119.78540865494332, 42.7174692913276], [-119.78535228754768, 42.72115115961663]]]}, "properties": {"OBJECTID": 54451, "ID": "1019135286577295360", "CSE_NAME": "Pink Lizard 3", "STAGE_ID": "1019135285381918720", "BLM_PROD": "LODE CLAIM", "CSE_TYPE_NR": "384101", "CSE_NR": "OR105785180", "LEG_CSE_NR": null, "SF_ID": "a023d00000Edvo9AAB", "CSE_DISP": "Filed", "SRC": "LLD/CLS", "QLTY": "8; Only mapped PLSS First Div, DOES NOT MATCH PM ANGLES, aliquot", "CSE_META": "OR 33 0330S 0250E 008 A", "RCRD_ACRS": 640, "Created": 1663027200000, "Modified": 1763652511000, "Shape__Length": 0.06920947682685528, "Shape__Area": 0.0002927668814311731}}, {"type": "Feature", "id": 62186, "geometry": {"type": "Polygon", "coordinates": [[[-119.84008048780858, 42.70991879779076], [-119.83511944798816, 42.709959753243545], [-119.83512631660352, 42.71364476452654], [-119.83513320921904, 42.717329751809416], [-119.84008547103639, 42.71727908735651], [-119.84503773385367, 42.717228422903595], [-119.8450386875474, 42.71539078376222], [-119.84503964224119, 42.71355314462082], [-119.84504155062888, 42.70987784233791], [-119.84008048780858, 42.70991879779076]]]}, "properties": {"OBJECTID": 62186, "ID": "1053071472291074048", "CSE_NAME": "Minion #1", "STAGE_ID": "1050802867335626752", "BLM_PROD": "LODE CLAIM", "CSE_TYPE_NR": "384101", "CSE_NR": "OR105801772", "LEG_CSE_NR": null, "SF_ID": "a023d00000F5Mm9AAF", "CSE_DISP": "Active", "SRC": "LLD", "QLTY": "1: MIDPOINT\nTYPICAL QUARTER SECTION WITH 4 STANDARD LEGALS ATTRIBUTED\naliquot\n36 sections retrieved\n598 intersected features retrieved\n22 matching sections found\nsection 13 issimple: False, OR330330S0240E0SN130ASWNW\n36 sections retrieved\n598 intersected f", "CSE_META": "OR 33 0330S 0240E 013 A NW|OR 33 0330S 0240E 013 A SWNW|OR 33 0330S 0240E 013 A NWNW|OR 33 0330S 0240E 013 A SENW|OR 33 0330S 0240E 013 A NENW", "RCRD_ACRS": 20.66, "Created": 1671062400000, "Modified": 1787009689000, "Shape__Length": 0.03454807223048267, "Shape__Area": 7.296534055750402e-05}}, {"type": "Feature", "id": 62188, "geometry": {"type": "Polygon", "coordinates": [[[-119.84008048780858, 42.70991879779076], [-119.83511944798816, 42.709959753243545], [-119.83512631660352, 42.71364476452654], [-119.83513320921904, 42.717329751809416], [-119.84008547103639, 42.71727908735651], [-119.84503773385367, 42.717228422903595], [-119.8450386875474, 42.71539078376222], [-119.84503964224119, 42.71355314462082], [-119.84504155062888, 42.70987784233791], [-119.84008048780858, 42.70991879779076]]]}, "properties": {"OBJECTID": 62188, "ID": "1053071715913089024", "CSE_NAME": "Minion #3", "STAGE_ID": "1050803496527409152", "BLM_PROD": "LODE CLAIM", "CSE_TYPE_NR": "384101", "CSE_NR": "OR105801774", "LEG_CSE_NR": null, "SF_ID": "a023d00000F5MmBAAV", "CSE_DISP": "Active", "SRC": "LLD", "QLTY": "1: OR330330S0240E0SN130ASENW\n36 sections retrieved\n598 intersected features retrieved, OR330330S0240E0SN130ANENW\n36 sections retrieved\n598 intersected features retrieved, OR330330S0240E0SN130ASWNW\n36 sections retrieved\n598 intersected features retrieved, ", "CSE_META": "OR 33 0330S 0240E 013 A SENW|OR 33 0330S 0240E 013 A NENW|OR 33 0330S 0240E 013 A SWNW|OR 33 0330S 0240E 013 A NWNW|OR 33 0330S 0240E 013 A NW", "RCRD_ACRS": 20.66, "Created": 1671062400000, "Modified": 1787009691000, "Shape__Length": 0.03454807223048267, "Shape__Area": 7.296534055750402e-05}}, {"type": "Feature", "id": 62189, "geometry": {"type": "Polygon", "coordinates": [[[-119.84008048780858, 42.70991879779076], [-119.83511944798816, 42.709959753243545], [-119.83512631660352, 42.71364476452654], [-119.83513320921904, 42.717329751809416], [-119.84008547103639, 42.71727908735651], [-119.84503773385367, 42.717228422903595], [-119.8450386875474, 42.71539078376222], [-119.84503964224119, 42.71355314462082], [-119.84504155062888, 42.70987784233791], [-119.84008048780858, 42.70991879779076]]]}, "properties": {"OBJECTID": 62189, "ID": "1053071813359271936", "CSE_NAME": "Minion #2", "STAGE_ID": "1050803158353461248", "BLM_PROD": "LODE CLAIM", "CSE_TYPE_NR": "384101", "CSE_NR": "OR105801773", "LEG_CSE_NR": null, "SF_ID": "a023d00000F5MmAAAV", "CSE_DISP": "Active", "SRC": "LLD", "QLTY": "1: MIDPOINT\nTYPICAL QUARTER SECTION WITH 4 STANDARD LEGALS ATTRIBUTED\naliquot\n36 sections retrieved\n598 intersected features retrieved\n22 matching sections found\nsection 13 issimple: False, OR330330S0240E0SN130ANENW\n36 sections retrieved\n598 intersected f", "CSE_META": "OR 33 0330S 0240E 013 A NW|OR 33 0330S 0240E 013 A NENW|OR 33 0330S 0240E 013 A SWNW|OR 33 0330S 0240E 013 A NWNW|OR 33 0330S 0240E 013 A SENW", "RCRD_ACRS": 20.66, "Created": 1671062400000, "Modified": 1787009689000, "Shape__Length": 0.03454807223048267, "Shape__Area": 7.296534055750402e-05}}, {"type": "Feature", "id": 62191, "geometry": {"type": "Polygon", "coordinates": [[[-119.84008048780858, 42.70991879779076], [-119.83511944798816, 42.709959753243545], [-119.83512631660352, 42.71364476452654], [-119.83513320921904, 42.717329751809416], [-119.84008547103639, 42.71727908735651], [-119.84503773385367, 42.717228422903595], [-119.8450386875474, 42.71539078376222], [-119.84503964224119, 42.71355314462082], [-119.84504155062888, 42.70987784233791], [-119.84008048780858, 42.70991879779076]]]}, "properties": {"OBJECTID": 62191, "ID": "1053072929526501376", "CSE_NAME": "Minion #4", "STAGE_ID": "1050803794406903808", "BLM_PROD": "LODE CLAIM", "CSE_TYPE_NR": "384101", "CSE_NR": "OR105801775", "LEG_CSE_NR": null, "SF_ID": "a023d00000F5MmCAAV", "CSE_DISP": "Active", "SRC": "LLD", "QLTY": "1: MIDPOINT\nTYPICAL QUARTER SECTION WITH 4 STANDARD LEGALS ATTRIBUTED\naliquot\n36 sections retrieved\n598 intersected features retrieved\n22 matching sections found\nsection 13 issimple: False, OR330330S0240E0SN130ANENW\n36 sections retrieved\n598 intersected f", "CSE_META": "OR 33 0330S 0240E 013 A NW|OR 33 0330S 0240E 013 A NENW|OR 33 0330S 0240E 013 A SWNW|OR 33 0330S 0240E 013 A NWNW|OR 33 0330S 0240E 013 A SENW", "RCRD_ACRS": 20.66, "Created": 1671062400000, "Modified": 1787009693000, "Shape__Length": 0.03454807223048267, "Shape__Area": 7.296534055750402e-05}}, {"type": "Feature", "id": 62192, "geometry": {"type": "Polygon", "coordinates": [[[-119.72100014292742, 42.70998001958437], [-119.71604927810272, 42.7100034430345], [-119.7160454367106, 42.713657185317636], [-119.71604159531859, 42.71731092660069], [-119.72099930614509, 42.717291485150085], [-119.72595701597147, 42.71727206669943], [-119.72595403536165, 42.7136143204168], [-119.72595103175193, 42.70995659713414], [-119.72100014292742, 42.70998001958437]]]}, "properties": {"OBJECTID": 62192, "ID": "1053072936115781632", "CSE_NAME": "Minion #5", "STAGE_ID": "1050804073571500032", "BLM_PROD": "LODE CLAIM", "CSE_TYPE_NR": "384101", "CSE_NR": "OR105801776", "LEG_CSE_NR": null, "SF_ID": "a023d00000F5MmDAAV", "CSE_DISP": "Active", "SRC": "LLD", "QLTY": "1: OR330330S0250E0SN130ANENW\n36 sections retrieved\n585 intersected features retrieved, OR330330S0250E0SN130ANWNW\n36 sections retrieved\n585 intersected features retrieved, OR330330S0250E0SN130ASWNW\n36 sections retrieved\n585 intersected features retrieved, ", "CSE_META": "OR 33 0330S 0250E 013 A NENW|OR 33 0330S 0250E 013 A NWNW|OR 33 0330S 0250E 013 A SWNW|OR 33 0330S 0250E 013 A SENW|OR 33 0330S 0250E 013 A NW", "RCRD_ACRS": 20.66, "Created": 1671062400000, "Modified": 1787009694000, "Shape__Length": 0.03444031644226197, "Shape__Area": 7.244633648056352e-05}}, {"type": "Feature", "id": 62193, "geometry": {"type": "Polygon", "coordinates": [[[-119.72100014292742, 42.70998001958437], [-119.71604927810272, 42.7100034430345], [-119.7160454367106, 42.713657185317636], [-119.71604159531859, 42.71731092660069], [-119.72099930614509, 42.717291485150085], [-119.72595701597147, 42.71727206669943], [-119.72595403536165, 42.7136143204168], [-119.72595103175193, 42.70995659713414], [-119.72100014292742, 42.70998001958437]]]}, "properties": {"OBJECTID": 62193, "ID": "1053073612325683200", "CSE_NAME": "Minion #6", "STAGE_ID": "1050804397141037056", "BLM_PROD": "LODE CLAIM", "CSE_TYPE_NR": "384101", "CSE_NR": "OR105801777", "LEG_CSE_NR": null, "SF_ID": "a023d00000F5MmEAAV", "CSE_DISP": "Active", "SRC": "LLD", "QLTY": "1: MIDPOINT\nTYPICAL QUARTER SECTION WITH 4 STANDARD LEGALS ATTRIBUTED\naliquot\n36 sections retrieved\n585 intersected features retrieved\n16 matching sections found\nsection 13 issimple: True, OR330330S0250E0SN130ASENW\n36 sections retrieved\n585 intersected fe", "CSE_META": "OR 33 0330S 0250E 013 A NW|OR 33 0330S 0250E 013 A SENW|OR 33 0330S 0250E 013 A NENW|OR 33 0330S 0250E 013 A NWNW|OR 33 0330S 0250E 013 A SWNW", "RCRD_ACRS": 20.66, "Created": 1671062400000, "Modified": 1787009695000, "Shape__Length": 0.03444031644226197, "Shape__Area": 7.244633648056352e-05}}, {"type": "Feature", "id": 71375, "geometry": {"type": "Polygon", "coordinates": [[[-119.81013955830342, 42.72485111565451], [-119.80765157688876, 42.724854699880396], [-119.805163594474, 42.724858218106206], [-119.80513892677733, 42.72670111925043], [-119.80511425808066, 42.72854402039457], [-119.80506492168745, 42.73222982268288], [-119.81003515851705, 42.73222928623207], [-119.81500539534653, 42.732228727781205], [-119.81506045873952, 42.72853635949198], [-119.81511549913272, 42.72484401420276], [-119.81013955830342, 42.72485111565451]]]}, "properties": {"OBJECTID": 71375, "ID": "1088471136024571904", "CSE_NAME": "Sunrise #1", "STAGE_ID": "1086319160864165888", "BLM_PROD": "Lode Claim", "CSE_TYPE_NR": "384101", "CSE_NR": "OR105823177", "LEG_CSE_NR": "", "SF_ID": "a023d00000FeZfVAAV", "CSE_DISP": "Active", "SRC": "LLD/CLS", "QLTY": "15: 4 intersecting parts\nRequested value 'T ' was not found.\n   at System.Enum.TryParseByName(RuntimeType enumType, ReadOnlySpan`1 value, Boolean ignoreCase, Boolean throwOnFailure, UInt64& result)\n   at System.Enum.TryParseInt32Enum(RuntimeType enumType,", "CSE_META": "OR 33 0330S 0250E 007 A Remainder Aliquot Part SWSENE|OR 33 0330S 0250E 007 A SWNE|OR 33 0330S 0250E 007 A NENE|OR 33 0330S 0250E 007 A Remainder Aliquot Part NESENE|OR 33 0330S 0250E 007 A Remainder Aliquot Part SESENE|OR 33 0330S 0250E 007 A NWNE|OR 33 0330S 0250E 007 A Remainder Aliquot Part NWSENE|OR 33 0330S 0250E 007 A NE", "RCRD_ACRS": 20.66, "Created": 1679529600000, "Modified": 1728155090000, "Shape__Length": 0.03465018335504566, "Shape__Area": 7.338376530391301e-05}}, {"type": "Feature", "id": 329723, "geometry": {"type": "Polygon", "coordinates": [[[-119.82020717974859, 42.71744588917151], [-119.81522555791987, 42.7174610936243], [-119.81517051652621, 42.721152553913576], [-119.81511549913272, 42.72484401420276], [-119.8200919989619, 42.72483646975094], [-119.82009453596233, 42.72483662275071], [-119.82515699780565, 42.724828786291006], [-119.8251928071947, 42.721129945003106], [-119.82522863858387, 42.71743110371519], [-119.82020717974859, 42.71744588917151]]]}, "properties": {"OBJECTID": 329723, "ID": "799126715065434273", "CSE_NAME": "NIGHT BIRD 1", "STAGE_ID": null, "BLM_PROD": "Lode Claim", "CSE_TYPE_NR": "384101", "CSE_NR": "OR101482749", "LEG_CSE_NR": "ORMC107064", "SF_ID": "a02t000000585UqAAI", "CSE_DISP": "Active", "SRC": "LLD", "QLTY": "1: SIMPLE\nTYPICAL QUARTER SECTION WITH 4 STANDARD LEGALS ATTRIBUTED\nDOES NOT MATCH PM ANGLES\naliquot\n36 sections retrieved\n585 intersected features retrieved\n22 matching sections found\nsection 7 issimple: False", "CSE_META": "OR 33 0330S 0250E 007 A SW", "RCRD_ACRS": 19.28, "Created": 1610668800000, "Modified": 1728174215000, "Shape__Length": 0.03482640656336589, "Shape__Area": 7.406743043670752e-05}}, {"type": "Feature", "id": 329790, "geometry": {"type": "Polygon", "coordinates": [[[-119.81522555791987, 42.7174610936243], [-119.81520485830124, 42.713770844342], [-119.81518418268283, 42.7100806180596], [-119.81021003385592, 42.71009998951186], [-119.805235886029, 42.71011936196412], [-119.80524906464505, 42.71380283524675], [-119.80526226726121, 42.71748633352943], [-119.80775308967591, 42.71748003530314], [-119.81024391209061, 42.717473713076885], [-119.81522555791987, 42.7174610936243]]]}, "properties": {"OBJECTID": 329790, "ID": "799126715438727230", "CSE_NAME": "BIMBO #1", "STAGE_ID": null, "BLM_PROD": "Lode Claim", "CSE_TYPE_NR": "384101", "CSE_NR": "OR101484507", "LEG_CSE_NR": "ORMC141125", "SF_ID": "a02t0000005876kAAA", "CSE_DISP": "Active", "SRC": "LLD", "QLTY": "1: SIMPLE\nTYPICAL QUARTER SECTION WITH 4 STANDARD LEGALS ATTRIBUTED\naliquot\n36 sections retrieved\n585 intersected features retrieved\n16 matching sections found\n4 alias QQs added\nsection 18 issimple: False", "CSE_META": "OR 33 0330S 0250E 018 A NE", "RCRD_ACRS": 20.66, "Created": 1610668800000, "Modified": 1728174357000, "Shape__Length": 0.03465930060757706, "Shape__Area": 7.341236609421601e-05}}, {"type": "Feature", "id": 329791, "geometry": {"type": "Polygon", "coordinates": [[[-119.80526226726121, 42.71748633352943], [-119.80523759856433, 42.71932930467363], [-119.80521293086754, 42.721172275817885], [-119.805163594474, 42.724858218106206], [-119.80765157688876, 42.724854699880396], [-119.81013955830342, 42.72485111565451], [-119.81511549913272, 42.72484401420276], [-119.81517051652621, 42.721152553913576], [-119.81522555791987, 42.7174610936243], [-119.81520485830124, 42.713770844342], [-119.81518418268283, 42.7100806180596], [-119.81021003385592, 42.71009998951186], [-119.805235886029, 42.71011936196412], [-119.80524906464505, 42.71380283524675], [-119.80526226726121, 42.71748633352943]]]}, "properties": {"OBJECTID": 329791, "ID": "799126715136737426", "CSE_NAME": "SAMPO #2", "STAGE_ID": null, "BLM_PROD": "Lode Claim", "CSE_TYPE_NR": "384101", "CSE_NR": "OR101483738", "LEG_CSE_NR": "ORMC141127", "SF_ID": "a02t000000585v8AAA", "CSE_DISP": "Active", "SRC": "LLD", "QLTY": "1: SIMPLE\nFULLY ATTRIBUTED QUARTER SECTION ALL BUCKETS ARE EQUAL\nDOES NOT MATCH PM ANGLES\naliquot\n36 sections retrieved\n585 intersected features retrieved\n22 matching sections found\nsection 7 issimple: False, SIMPLE\nTYPICAL QUARTER SECTION WITH 4 STANDARD", "CSE_META": "OR 33 0330S 0250E 007 A SE|OR 33 0330S 0250E 018 A NE", "RCRD_ACRS": 20.66, "Created": 1610668800000, "Modified": 1728174252000, "Shape__Length": 0.049404177438018546, "Shape__Area": 0.00014687150544829105}}, {"type": "Feature", "id": 329817, "geometry": {"type": "Polygon", "coordinates": [[[-119.82020717974859, 42.71744588917151], [-119.81522555791987, 42.7174610936243], [-119.81517051652621, 42.721152553913576], [-119.81511549913272, 42.72484401420276], [-119.8200919989619, 42.72483646975094], [-119.82009453596233, 42.72483662275071], [-119.82515699780565, 42.724828786291006], [-119.8251928071947, 42.721129945003106], [-119.82522863858387, 42.71743110371519], [-119.82020717974859, 42.71744588917151]]]}, "properties": {"OBJECTID": 329817, "ID": "799126733159661709", "CSE_NAME": "NIGHT BIRD II", "STAGE_ID": null, "BLM_PROD": "Lode Claim", "CSE_TYPE_NR": "384101", "CSE_NR": "OR101435025", "LEG_CSE_NR": "ORMC145982", "SF_ID": "a02t000000584HjAAI", "CSE_DISP": "Active", "SRC": "LLD", "QLTY": "1: SIMPLE\nTYPICAL QUARTER SECTION WITH 4 STANDARD LEGALS ATTRIBUTED\nDOES NOT MATCH PM ANGLES\naliquot\n36 sections retrieved\n585 intersected features retrieved\n22 matching sections found\nsection 7 issimple: False", "CSE_META": "OR 33 0330S 0250E 007 A SW", "RCRD_ACRS": 19.28, "Created": 1610668800000, "Modified": 1728174095000, "Shape__Length": 0.03482640656336589, "Shape__Area": 7.406743043670752e-05}}, {"type": "Feature", "id": 329818, "geometry": {"type": "Polygon", "coordinates": [[[-119.81024391209061, 42.717473713076885], [-119.80775308967591, 42.71748003530314], [-119.80526226726121, 42.71748633352943], [-119.80523759856433, 42.71932930467363], [-119.80521293086754, 42.721172275817885], [-119.805163594474, 42.724858218106206], [-119.80765157688876, 42.724854699880396], [-119.81013955830342, 42.72485111565451], [-119.81511549913272, 42.72484401420276], [-119.81517051652621, 42.721152553913576], [-119.81522555791987, 42.7174610936243], [-119.81024391209061, 42.717473713076885]]]}, "properties": {"OBJECTID": 329818, "ID": "799126714981548094", "CSE_NAME": "NIGHT BIRD III", "STAGE_ID": null, "BLM_PROD": "Lode Claim", "CSE_TYPE_NR": "384101", "CSE_NR": "OR101481003", "LEG_CSE_NR": "ORMC145983", "SF_ID": "a02t000000584N4AAI", "CSE_DISP": "Active", "SRC": "LLD", "QLTY": "1: SIMPLE\nFULLY ATTRIBUTED QUARTER SECTION ALL BUCKETS ARE EQUAL\nDOES NOT MATCH PM ANGLES\naliquot\n36 sections retrieved\n585 intersected features retrieved\n22 matching sections found\nsection 7 issimple: False", "CSE_META": "OR 33 0330S 0250E 007 A SE", "RCRD_ACRS": 19.28, "Created": 1610668800000, "Modified": 1728174103000, "Shape__Length": 0.03467151876588009, "Shape__Area": 7.345913935407502e-05}}, {"type": "Feature", "id": 329839, "geometry": {"type": "Polygon", "coordinates": [[[-119.87471847555898, 42.70978633764062], [-119.86979666774138, 42.709799958087885], [-119.86487485992367, 42.70981355653509], [-119.86483967953103, 42.713491954820974], [-119.86482208983475, 42.71533115396392], [-119.86480450013858, 42.7171703301068], [-119.8697326869577, 42.71715901365905], [-119.8746608977768, 42.71714769821126], [-119.87468969816783, 42.71346701792595], [-119.87471847555898, 42.70978633764062]]]}, "properties": {"OBJECTID": 329839, "ID": "799126732635373685", "CSE_NAME": "LAST CHANCE #2", "STAGE_ID": null, "BLM_PROD": "Lode Claim", "CSE_TYPE_NR": "384101", "CSE_NR": "OR101431162", "LEG_CSE_NR": "ORMC146464", "SF_ID": "a02t000000584IwAAI", "CSE_DISP": "Active", "SRC": "LLD", "QLTY": "1: MIDPOINT\nTYPICAL QUARTER SECTION WITH 4 STANDARD LEGALS ATTRIBUTED\naliquot\n36 sections retrieved\n598 intersected features retrieved\n16 matching sections found\nsection 15 issimple: True", "CSE_META": "OR 33 0330S 0240E 015 A NE", "RCRD_ACRS": 20.66, "Created": 1610668800000, "Modified": 1728174097000, "Shape__Length": 0.03441876825508684, "Shape__Area": 7.248523422045802e-05}}, {"type": "Feature", "id": 329840, "geometry": {"type": "Polygon", "coordinates": [[[-119.81511549913272, 42.72484401420276], [-119.81013955830342, 42.72485111565451], [-119.80765157688876, 42.724854699880396], [-119.805163594474, 42.724858218106206], [-119.80268012905893, 42.72485521333116], [-119.80019668764382, 42.72485214155613], [-119.79522975681344, 42.72484606500597], [-119.79517681141905, 42.72852967829463], [-119.79512389002483, 42.73221329258323], [-119.80009440585623, 42.732221558133084], [-119.80506492168745, 42.73222982268288], [-119.81003515851705, 42.73222928623207], [-119.81500539534653, 42.732228727781205], [-119.81506045873952, 42.72853635949198], [-119.81511549913272, 42.72484401420276]]]}, "properties": {"OBJECTID": 329840, "ID": "799126732685705272", "CSE_NAME": "COYOTE #1", "STAGE_ID": null, "BLM_PROD": "Lode Claim", "CSE_TYPE_NR": "384101", "CSE_NR": "OR101431735", "LEG_CSE_NR": "ORMC147112", "SF_ID": "a02t000000584W8AAI", "CSE_DISP": "Active", "SRC": "LLD", "QLTY": "1: SIMPLE\nFULLY ATTRIBUTED QUARTER SECTION ALL BUCKETS ARE EQUAL\nDOES NOT MATCH PM ANGLES\naliquot\n36 sections retrieved\n585 intersected features retrieved\n22 matching sections found\nsection 7 issimple: False, MIDPOINT\nFULLY ATTRIBUTED QUARTER SECTION ALL ", "CSE_META": "OR 33 0330S 0250E 007 A NE|OR 33 0330S 0250E 008 A NW", "RCRD_ACRS": 20.66, "Created": 1610668800000, "Modified": 1728174118000, "Shape__Length": 0.05452079378441355, "Shape__Area": 0.00014661826938346554}}, {"type": "Feature", "id": 329956, "geometry": {"type": "Polygon", "coordinates": [[[-119.82515699780565, 42.724828786291006], [-119.82512116641682, 42.72852762657887], [-119.82508535702813, 42.73222644486667], [-119.8300668628467, 42.73215161240903], [-119.83504836866513, 42.732076779951385], [-119.83506957905338, 42.72839020966597], [-119.83509078844182, 42.724703638380504], [-119.83012388162378, 42.724766223835786], [-119.82515699780565, 42.724828786291006]]]}, "properties": {"OBJECTID": 329956, "ID": "799126718282465382", "CSE_NAME": "OSG 9", "STAGE_ID": null, "BLM_PROD": "Lode Claim", "CSE_TYPE_NR": "384101", "CSE_NR": "OR101358616", "LEG_CSE_NR": "ORMC150080", "SF_ID": "a02t000000588ygAAA", "CSE_DISP": "Active", "SRC": "LLD", "QLTY": "1: MIDPOINT\nTYPICAL QUARTER SECTION WITH 4 STANDARD LEGALS ATTRIBUTED\nDOES NOT MATCH PM ANGLES\naliquot\n36 sections retrieved\n598 intersected features retrieved\n16 matching sections found\nsection 12 issimple: True", "CSE_META": "OR 33 0330S 0240E 012 A NE", "RCRD_ACRS": 16.36, "Created": 1610668800000, "Modified": 1728174520000, "Shape__Length": 0.03466997926708839, "Shape__Area": 7.346505399861401e-05}}, {"type": "Feature", "id": 329957, "geometry": {"type": "Polygon", "coordinates": [[[-119.82515699780565, 42.724828786291006], [-119.82512116641682, 42.72852762657887], [-119.82508535702813, 42.73222644486667], [-119.8300668628467, 42.73215161240903], [-119.83504836866513, 42.732076779951385], [-119.83506957905338, 42.72839020966597], [-119.83509078844182, 42.724703638380504], [-119.83012388162378, 42.724766223835786], [-119.82515699780565, 42.724828786291006]]]}, "properties": {"OBJECTID": 329957, "ID": "799126732824117321", "CSE_NAME": "OSG 10", "STAGE_ID": null, "BLM_PROD": "Lode Claim", "CSE_TYPE_NR": "384101", "CSE_NR": "OR101433173", "LEG_CSE_NR": "ORMC150081", "SF_ID": "a02t000000585PIAAY", "CSE_DISP": "Active", "SRC": "LLD", "QLTY": "1: MIDPOINT\nTYPICAL QUARTER SECTION WITH 4 STANDARD LEGALS ATTRIBUTED\nDOES NOT MATCH PM ANGLES\naliquot\n36 sections retrieved\n598 intersected features retrieved\n16 matching sections found\nsection 12 issimple: True", "CSE_META": "OR 33 0330S 0240E 012 A NE", "RCRD_ACRS": 18.18, "Created": 1610668800000, "Modified": 1728174207000, "Shape__Length": 0.03466997926708839, "Shape__Area": 7.346505399861401e-05}}, {"type": "Feature", "id": 329958, "geometry": {"type": "Polygon", "coordinates": [[[-119.82515699780565, 42.724828786291006], [-119.82512116641682, 42.72852762657887], [-119.82508535702813, 42.73222644486667], [-119.8300668628467, 42.73215161240903], [-119.83504836866513, 42.732076779951385], [-119.83506957905338, 42.72839020966597], [-119.83509078844182, 42.724703638380504], [-119.83012388162378, 42.724766223835786], [-119.82515699780565, 42.724828786291006]]]}, "properties": {"OBJECTID": 329958, "ID": "799126715098988667", "CSE_NAME": "OSG 13", "STAGE_ID": null, "BLM_PROD": "Lode Claim", "CSE_TYPE_NR": "384101", "CSE_NR": "OR101483263", "LEG_CSE_NR": "ORMC150084", "SF_ID": "a02t000000584r4AAA", "CSE_DISP": "Active", "SRC": "LLD", "QLTY": "1: MIDPOINT\nTYPICAL QUARTER SECTION WITH 4 STANDARD LEGALS ATTRIBUTED\nDOES NOT MATCH PM ANGLES\naliquot\n36 sections retrieved\n598 intersected features retrieved\n16 matching sections found\nsection 12 issimple: True", "CSE_META": "OR 33 0330S 0240E 012 A NE", "RCRD_ACRS": 10.66, "Created": 1610668800000, "Modified": 1728174153000, "Shape__Length": 0.03466997926708839, "Shape__Area": 7.346505399861401e-05}}, {"type": "Feature", "id": 330095, "geometry": {"type": "Polygon", "coordinates": [[[-119.81024391209061, 42.717473713076885], [-119.80775308967591, 42.71748003530314], [-119.80526226726121, 42.71748633352943], [-119.80523759856433, 42.71932930467363], [-119.80521293086754, 42.721172275817885], [-119.805163594474, 42.724858218106206], [-119.80765157688876, 42.724854699880396], [-119.81013955830342, 42.72485111565451], [-119.81511549913272, 42.72484401420276], [-119.81517051652621, 42.721152553913576], [-119.81522555791987, 42.7174610936243], [-119.81024391209061, 42.717473713076885]]]}, "properties": {"OBJECTID": 330095, "ID": "799126733151273042", "CSE_NAME": "WISH FULL", "STAGE_ID": null, "BLM_PROD": "Lode Claim", "CSE_TYPE_NR": "384101", "CSE_NR": "OR101434784", "LEG_CSE_NR": "ORMC153106", "SF_ID": "a02t000000587k4AAA", "CSE_DISP": "Active", "SRC": "LLD", "QLTY": "1: SIMPLE\nFULLY ATTRIBUTED QUARTER SECTION ALL BUCKETS ARE EQUAL\nDOES NOT MATCH PM ANGLES\naliquot\n36 sections retrieved\n585 intersected features retrieved\n22 matching sections found\nsection 7 issimple: False", "CSE_META": "OR 33 0330S 0250E 007 A SE", "RCRD_ACRS": 16.12, "Created": 1610668800000, "Modified": 1728174413000, "Shape__Length": 0.03467151876588009, "Shape__Area": 7.345913935407502e-05}}, {"type": "Feature", "id": 330096, "geometry": {"type": "Polygon", "coordinates": [[[-119.81522555791987, 42.7174610936243], [-119.81520485830124, 42.713770844342], [-119.81518418268283, 42.7100806180596], [-119.81021003385592, 42.71009998951186], [-119.805235886029, 42.71011936196412], [-119.80524906464505, 42.71380283524675], [-119.80526226726121, 42.71748633352943], [-119.80775308967591, 42.71748003530314], [-119.81024391209061, 42.717473713076885], [-119.81522555791987, 42.7174610936243]]]}, "properties": {"OBJECTID": 330096, "ID": "799126732568264720", "CSE_NAME": "THANK FULL", "STAGE_ID": null, "BLM_PROD": "Lode Claim", "CSE_TYPE_NR": "384101", "CSE_NR": "OR101370258", "LEG_CSE_NR": "ORMC153107", "SF_ID": "a02t0000005841pAAA", "CSE_DISP": "Active", "SRC": "LLD", "QLTY": "1: SIMPLE\nTYPICAL QUARTER SECTION WITH 4 STANDARD LEGALS ATTRIBUTED\naliquot\n36 sections retrieved\n585 intersected features retrieved\n16 matching sections found\n4 alias QQs added\nsection 18 issimple: False", "CSE_META": "OR 33 0330S 0250E 018 A NE", "RCRD_ACRS": 16.12, "Created": 1610668800000, "Modified": 1728174072000, "Shape__Length": 0.03465930060757706, "Shape__Area": 7.341236609421601e-05}}, {"type": "Feature", "id": 330097, "geometry": {"type": "Polygon", "coordinates": [[[-119.86487485992367, 42.70981355653509], [-119.86239570251199, 42.709821746760475], [-119.85991654410019, 42.70982985498586], [-119.8549582052766, 42.709846130436524], [-119.8549396488864, 42.71352275972094], [-119.85492109349636, 42.71719938800525], [-119.85986280831753, 42.71718485955601], [-119.86233365372807, 42.71717761033139], [-119.86480450013858, 42.7171703301068], [-119.86482208983475, 42.71533115396392], [-119.86483967953103, 42.713491954820974], [-119.86487485992367, 42.70981355653509]]]}, "properties": {"OBJECTID": 330097, "ID": "799126714977353733", "CSE_NAME": "DUST DEVIL #10", "STAGE_ID": null, "BLM_PROD": "Lode Claim", "CSE_TYPE_NR": "384101", "CSE_NR": "OR101480896", "LEG_CSE_NR": "ORMC153144", "SF_ID": "a02t000000587MVAAY", "CSE_DISP": "Active", "SRC": "LLD", "QLTY": "1: MIDPOINT\nFULLY ATTRIBUTED QUARTER SECTION ALL BUCKETS ARE EQUAL\naliquot\n36 sections retrieved\n598 intersected features retrieved\n25 matching sections found\nsection 14 issimple: False", "CSE_META": "OR 33 0330S 0240E 014 A NW", "RCRD_ACRS": 12.5, "Created": 1610668800000, "Modified": 1728174380000, "Shape__Length": 0.03451061432934342, "Shape__Area": 7.281308856130402e-05}}, {"type": "Feature", "id": 330098, "geometry": {"type": "Polygon", "coordinates": [[[-119.87471847555898, 42.70978633764062], [-119.86979666774138, 42.709799958087885], [-119.86487485992367, 42.70981355653509], [-119.86483967953103, 42.713491954820974], [-119.86482208983475, 42.71533115396392], [-119.86480450013858, 42.7171703301068], [-119.8697326869577, 42.71715901365905], [-119.8746608977768, 42.71714769821126], [-119.87468969816783, 42.71346701792595], [-119.87471847555898, 42.70978633764062]]]}, "properties": {"OBJECTID": 330098, "ID": "799126733042221061", "CSE_NAME": "DUST DEVIL #11", "STAGE_ID": null, "BLM_PROD": "Lode Claim", "CSE_TYPE_NR": "384101", "CSE_NR": "OR101433523", "LEG_CSE_NR": "ORMC153145", "SF_ID": "a02t000000585mvAAA", "CSE_DISP": "Active", "SRC": "LLD", "QLTY": "1: MIDPOINT\nTYPICAL QUARTER SECTION WITH 4 STANDARD LEGALS ATTRIBUTED\naliquot\n36 sections retrieved\n598 intersected features retrieved\n16 matching sections found\nsection 15 issimple: True", "CSE_META": "OR 33 0330S 0240E 015 A NE", "RCRD_ACRS": 7.02, "Created": 1610668800000, "Modified": 1728174241000, "Shape__Length": 0.03441876825508684, "Shape__Area": 7.248523422045802e-05}}, {"type": "Feature", "id": 330105, "geometry": {"type": "Polygon", "coordinates": [[[-119.84504155062888, 42.70987784233791], [-119.84503964224119, 42.71355314462082], [-119.8450386875474, 42.71539078376222], [-119.84503773385367, 42.717228422903595], [-119.84750857926441, 42.71722118267905], [-119.84997942467508, 42.71721389445447], [-119.85492109349636, 42.71719938800525], [-119.8549396488864, 42.71352275972094], [-119.8549582052766, 42.709846130436524], [-119.8499998664528, 42.70986198688722], [-119.84504155062888, 42.70987784233791]]]}, "properties": {"OBJECTID": 330105, "ID": "799126732647956523", "CSE_NAME": "DUST DEVIL #2", "STAGE_ID": null, "BLM_PROD": "Lode Claim", "CSE_TYPE_NR": "384101", "CSE_NR": "OR101431389", "LEG_CSE_NR": "ORMC153608", "SF_ID": "a02t000000585mHAAQ", "CSE_DISP": "Active", "SRC": "LLD", "QLTY": "1: MIDPOINT\nFULLY ATTRIBUTED QUARTER SECTION ALL BUCKETS ARE EQUAL\naliquot\n36 sections retrieved\n598 intersected features retrieved\n25 matching sections found\nsection 14 issimple: False", "CSE_META": "OR 33 0330S 0240E 014 A NE", "RCRD_ACRS": 20.24, "Created": 1610668800000, "Modified": 1728174240000, "Shape__Length": 0.034504035996515955, "Shape__Area": 7.278341386870151e-05}}, {"type": "Feature", "id": 330122, "geometry": {"type": "Polygon", "coordinates": [[[-119.87471847555898, 42.70978633764062], [-119.86979666774138, 42.709799958087885], [-119.86487485992367, 42.70981355653509], [-119.86239570251199, 42.709821746760475], [-119.85991654410019, 42.70982985498586], [-119.8549582052766, 42.709846130436524], [-119.8549396488864, 42.71352275972094], [-119.85492109349636, 42.71719938800525], [-119.85986280831753, 42.71718485955601], [-119.86233365372807, 42.71717761033139], [-119.86480450013858, 42.7171703301068], [-119.8697326869577, 42.71715901365905], [-119.8746608977768, 42.71714769821126], [-119.87468969816783, 42.71346701792595], [-119.87471847555898, 42.70978633764062]]]}, "properties": {"OBJECTID": 330122, "ID": "799126753556562006", "CSE_NAME": "LAUREL & HARDY", "STAGE_ID": null, "BLM_PROD": "Lode Claim", "CSE_TYPE_NR": "384101", "CSE_NR": "OR101787417", "LEG_CSE_NR": "ORMC154445", "SF_ID": "a02t00000058Uo7AAE", "CSE_DISP": "Active", "SRC": "LLD", "QLTY": "1: MIDPOINT\nFULLY ATTRIBUTED QUARTER SECTION ALL BUCKETS ARE EQUAL\naliquot\n36 sections retrieved\n598 intersected features retrieved\n25 matching sections found\nsection 14 issimple: False, MIDPOINT\nTYPICAL QUARTER SECTION WITH 4 STANDARD LEGALS ATTRIBUTED\na", "CSE_META": "OR 33 0330S 0240E 014 A NW|OR 33 0330S 0240E 015 A NE", "RCRD_ACRS": 20.66, "Created": 1610668800000, "Modified": 1728176443000, "Shape__Length": 0.05421516365934277, "Shape__Area": 0.00014529832278176204}}, {"type": "Feature", "id": 330123, "geometry": {"type": "Polygon", "coordinates": [[[-119.84504155062888, 42.70987784233791], [-119.84503964224119, 42.71355314462082], [-119.8450386875474, 42.71539078376222], [-119.84503773385367, 42.717228422903595], [-119.84750857926441, 42.71722118267905], [-119.84997942467508, 42.71721389445447], [-119.85492109349636, 42.71719938800525], [-119.8549396488864, 42.71352275972094], [-119.8549582052766, 42.709846130436524], [-119.8499998664528, 42.70986198688722], [-119.84504155062888, 42.70987784233791]]]}, "properties": {"OBJECTID": 330123, "ID": "799126753556562008", "CSE_NAME": "MUTT AND JEFF #1", "STAGE_ID": null, "BLM_PROD": "Lode Claim", "CSE_TYPE_NR": "384101", "CSE_NR": "OR101787419", "LEG_CSE_NR": "ORMC154446", "SF_ID": "a02t00000058Uo9AAE", "CSE_DISP": "Active", "SRC": "LLD", "QLTY": "1: MIDPOINT\nFULLY ATTRIBUTED QUARTER SECTION ALL BUCKETS ARE EQUAL\naliquot\n36 sections retrieved\n598 intersected features retrieved\n25 matching sections found\nsection 14 issimple: False", "CSE_META": "OR 33 0330S 0240E 014 A NE", "RCRD_ACRS": 20.66, "Created": 1610668800000, "Modified": 1728176443000, "Shape__Length": 0.034504035996515955, "Shape__Area": 7.278341386870151e-05}}, {"type": "Feature", "id": 330124, "geometry": {"type": "Polygon", "coordinates": [[[-119.81511549913272, 42.72484401420276], [-119.81013955830342, 42.72485111565451], [-119.80765157688876, 42.724854699880396], [-119.805163594474, 42.724858218106206], [-119.80268012905893, 42.72485521333116], [-119.80019668764382, 42.72485214155613], [-119.79522975681344, 42.72484606500597], [-119.79517681141905, 42.72852967829463], [-119.79512389002483, 42.73221329258323], [-119.80009440585623, 42.732221558133084], [-119.80506492168745, 42.73222982268288], [-119.81003515851705, 42.73222928623207], [-119.81500539534653, 42.732228727781205], [-119.81506045873952, 42.72853635949198], [-119.81511549913272, 42.72484401420276]]]}, "properties": {"OBJECTID": 330124, "ID": "799126753556562009", "CSE_NAME": "THREE STOOGES", "STAGE_ID": null, "BLM_PROD": "Lode Claim", "CSE_TYPE_NR": "384101", "CSE_NR": "OR101787420", "LEG_CSE_NR": "ORMC154447", "SF_ID": "a02t00000058UoAAAU", "CSE_DISP": "Active", "SRC": "LLD", "QLTY": "1: SIMPLE\nFULLY ATTRIBUTED QUARTER SECTION ALL BUCKETS ARE EQUAL\nDOES NOT MATCH PM ANGLES\naliquot\n36 sections retrieved\n585 intersected features retrieved\n22 matching sections found\nsection 7 issimple: False, MIDPOINT\nFULLY ATTRIBUTED QUARTER SECTION ALL ", "CSE_META": "OR 33 0330S 0250E 007 A NE|OR 33 0330S 0250E 008 A NW", "RCRD_ACRS": 20.66, "Created": 1610668800000, "Modified": 1728176443000, "Shape__Length": 0.05452079378441355, "Shape__Area": 0.00014661826938346554}}, {"type": "Feature", "id": 330140, "geometry": {"type": "Polygon", "coordinates": [[[-119.85991654410019, 42.70982985498586], [-119.8549582052766, 42.709846130436524], [-119.8549396488864, 42.71352275972094], [-119.85492109349636, 42.71719938800525], [-119.85986280831753, 42.71718485955601], [-119.86233365372807, 42.71717761033139], [-119.86480450013858, 42.7171703301068], [-119.86482208983475, 42.71533115396392], [-119.86483967953103, 42.713491954820974], [-119.86487485992367, 42.70981355653509], [-119.86239570251199, 42.709821746760475], [-119.85991654410019, 42.70982985498586]]]}, "properties": {"OBJECTID": 330140, "ID": "799126756140253199", "CSE_NAME": "FACETERS FOLLY", "STAGE_ID": null, "BLM_PROD": "Lode Claim", "CSE_TYPE_NR": "384101", "CSE_NR": "OR101824520", "LEG_CSE_NR": "ORMC155151", "SF_ID": "a02t00000058RPTAA2", "CSE_DISP": "Active", "SRC": "LLD", "QLTY": "1: MIDPOINT\nFULLY ATTRIBUTED QUARTER SECTION ALL BUCKETS ARE EQUAL\naliquot\n36 sections retrieved\n598 intersected features retrieved\n25 matching sections found\nsection 14 issimple: False", "CSE_META": "OR 33 0330S 0240E 014 A NW", "RCRD_ACRS": 4.61, "Created": 1610668800000, "Modified": 1728176137000, "Shape__Length": 0.034510614329343416, "Shape__Area": 7.281308856130402e-05}}, {"type": "Feature", "id": 330143, "geometry": {"type": "Polygon", "coordinates": [[[-119.87508290777376, 42.74665463043749], [-119.87011765394463, 42.7466438038875], [-119.86515240011545, 42.74663300133746], [-119.86514826265896, 42.749888756587644], [-119.86514772073019, 42.75031542762046], [-119.86514301834511, 42.75399783090332], [-119.8701239651724, 42.75398129944975], [-119.8751049119996, 42.75396476799607], [-119.87509392138662, 42.750309699716794], [-119.87508290777376, 42.74665463043749]]]}, "properties": {"OBJECTID": 330143, "ID": "799126756140253202", "CSE_NAME": "SNAKE BITE #20", "STAGE_ID": null, "BLM_PROD": "Lode Claim", "CSE_TYPE_NR": "384101", "CSE_NR": "OR101824523", "LEG_CSE_NR": "ORMC155158", "SF_ID": "a02t00000058RPWAA2", "CSE_DISP": "Active", "SRC": "LLD", "QLTY": "1: MIDPOINT\nTYPICAL QUARTER SECTION WITH 4 STANDARD LEGALS ATTRIBUTED\naliquot\n36 sections retrieved\n576 intersected features retrieved\n16 matching sections found\nsection 34 issimple: True", "CSE_META": "OR 33 0320S 0240E 034 A SE", "RCRD_ACRS": 20.66, "Created": 1610668800000, "Modified": 1728176137000, "Shape__Length": 0.03456748151110844, "Shape__Area": 7.298016182687502e-05}}, {"type": "Feature", "id": 330144, "geometry": {"type": "Polygon", "coordinates": [[[-119.87508290777376, 42.74665463043749], [-119.87011765394463, 42.7466438038875], [-119.86515240011545, 42.74663300133746], [-119.86514826265896, 42.749888756587644], [-119.86514772073019, 42.75031542762046], [-119.86514301834511, 42.75399783090332], [-119.8701239651724, 42.75398129944975], [-119.8751049119996, 42.75396476799607], [-119.87509392138662, 42.750309699716794], [-119.87508290777376, 42.74665463043749]]]}, "properties": {"OBJECTID": 330144, "ID": "799126756140253203", "CSE_NAME": "SNAKE BITE #21", "STAGE_ID": null, "BLM_PROD": "Lode Claim", "CSE_TYPE_NR": "384101", "CSE_NR": "OR101824524", "LEG_CSE_NR": "ORMC155159", "SF_ID": "a02t00000058RPXAA2", "CSE_DISP": "Active", "SRC": "LLD", "QLTY": "1: MIDPOINT\nTYPICAL QUARTER SECTION WITH 4 STANDARD LEGALS ATTRIBUTED\naliquot\n36 sections retrieved\n576 intersected features retrieved\n16 matching sections found\nsection 34 issimple: True", "CSE_META": "OR 33 0320S 0240E 034 A SE", "RCRD_ACRS": 20.66, "Created": 1610668800000, "Modified": 1728176137000, "Shape__Length": 0.03456748151110844, "Shape__Area": 7.298016182687502e-05}}, {"type": "Feature", "id": 330145, "geometry": {"type": "Polygon", "coordinates": [[[-119.87508290777376, 42.74665463043749], [-119.87011765394463, 42.7466438038875], [-119.86515240011545, 42.74663300133746], [-119.86514826265896, 42.749888756587644], [-119.86514772073019, 42.75031542762046], [-119.86514301834511, 42.75399783090332], [-119.8701239651724, 42.75398129944975], [-119.8751049119996, 42.75396476799607], [-119.87509392138662, 42.750309699716794], [-119.87508290777376, 42.74665463043749]]]}, "properties": {"OBJECTID": 330145, "ID": "799126756140253204", "CSE_NAME": "SNAKE BITE #22", "STAGE_ID": null, "BLM_PROD": "Lode Claim", "CSE_TYPE_NR": "384101", "CSE_NR": "OR101824525", "LEG_CSE_NR": "ORMC155160", "SF_ID": "a02t00000058RPYAA2", "CSE_DISP": "Active", "SRC": "LLD", "QLTY": "1: MIDPOINT\nTYPICAL QUARTER SECTION WITH 4 STANDARD LEGALS ATTRIBUTED\naliquot\n36 sections retrieved\n576 intersected features retrieved\n16 matching sections found\nsection 34 issimple: True", "CSE_META": "OR 33 0320S 0240E 034 A SE", "RCRD_ACRS": 20.66, "Created": 1610668800000, "Modified": 1728176137000, "Shape__Length": 0.03456748151110844, "Shape__Area": 7.298016182687502e-05}}, {"type": "Feature", "id": 330146, "geometry": {"type": "Polygon", "coordinates": [[[-119.87508290777376, 42.74665463043749], [-119.87011765394463, 42.7466438038875], [-119.86515240011545, 42.74663300133746], [-119.86514826265896, 42.749888756587644], [-119.86514772073019, 42.75031542762046], [-119.86514301834511, 42.75399783090332], [-119.8701239651724, 42.75398129944975], [-119.8751049119996, 42.75396476799607], [-119.87509392138662, 42.750309699716794], [-119.87508290777376, 42.74665463043749]]]}, "properties": {"OBJECTID": 330146, "ID": "799126756140253205", "CSE_NAME": "SNAKE BITE #23", "STAGE_ID": null, "BLM_PROD": "Lode Claim", "CSE_TYPE_NR": "384101", "CSE_NR": "OR101824526", "LEG_CSE_NR": "ORMC155161", "SF_ID": "a02t00000058RPZAA2", "CSE_DISP": "Active", "SRC": "LLD", "QLTY": "1: MIDPOINT\nTYPICAL QUARTER SECTION WITH 4 STANDARD LEGALS ATTRIBUTED\naliquot\n36 sections retrieved\n576 intersected features retrieved\n16 matching sections found\nsection 34 issimple: True", "CSE_META": "OR 33 0320S 0240E 034 A SE", "RCRD_ACRS": 20.66, "Created": 1610668800000, "Modified": 1728176138000, "Shape__Length": 0.03456748151110844, "Shape__Area": 7.298016182687502e-05}}, {"type": "Feature", "id": 330147, "geometry": {"type": "Polygon", "coordinates": [[[-119.87508290777376, 42.74665463043749], [-119.87011765394463, 42.7466438038875], [-119.86515240011545, 42.74663300133746], [-119.86514826265896, 42.749888756587644], [-119.86514772073019, 42.75031542762046], [-119.86514301834511, 42.75399783090332], [-119.8701239651724, 42.75398129944975], [-119.8751049119996, 42.75396476799607], [-119.87509392138662, 42.750309699716794], [-119.87508290777376, 42.74665463043749]]]}, "properties": {"OBJECTID": 330147, "ID": "799126756140253206", "CSE_NAME": "SNAKE BITE #24", "STAGE_ID": null, "BLM_PROD": "Lode Claim", "CSE_TYPE_NR": "384101", "CSE_NR": "OR101824527", "LEG_CSE_NR": "ORMC155162", "SF_ID": "a02t00000058RPaAAM", "CSE_DISP": "Active", "SRC": "LLD", "QLTY": "1: MIDPOINT\nTYPICAL QUARTER SECTION WITH 4 STANDARD LEGALS ATTRIBUTED\naliquot\n36 sections retrieved\n576 intersected features retrieved\n16 matching sections found\nsection 34 issimple: True", "CSE_META": "OR 33 0320S 0240E 034 A SE", "RCRD_ACRS": 20.66, "Created": 1610668800000, "Modified": 1728176138000, "Shape__Length": 0.03456748151110844, "Shape__Area": 7.298016182687502e-05}}, {"type": "Feature", "id": 330148, "geometry": {"type": "Polygon", "coordinates": [[[-119.87508290777376, 42.74665463043749], [-119.87011765394463, 42.7466438038875], [-119.86515240011545, 42.74663300133746], [-119.86514826265896, 42.749888756587644], [-119.86514772073019, 42.75031542762046], [-119.86514301834511, 42.75399783090332], [-119.8701239651724, 42.75398129944975], [-119.8751049119996, 42.75396476799607], [-119.87509392138662, 42.750309699716794], [-119.87508290777376, 42.74665463043749]]]}, "properties": {"OBJECTID": 330148, "ID": "799126756215750756", "CSE_NAME": "SNAKE BITE #25", "STAGE_ID": null, "BLM_PROD": "Lode Claim", "CSE_TYPE_NR": "384101", "CSE_NR": "OR101825708", "LEG_CSE_NR": "ORMC155163", "SF_ID": "a02t00000058RPdAAM", "CSE_DISP": "Active", "SRC": "LLD", "QLTY": "1: MIDPOINT\nTYPICAL QUARTER SECTION WITH 4 STANDARD LEGALS ATTRIBUTED\naliquot\n36 sections retrieved\n576 intersected features retrieved\n16 matching sections found\nsection 34 issimple: True", "CSE_META": "OR 33 0320S 0240E 034 A SE", "RCRD_ACRS": 20.66, "Created": 1610668800000, "Modified": 1728176138000, "Shape__Length": 0.03456748151110844, "Shape__Area": 7.298016182687502e-05}}, {"type": "Feature", "id": 330149, "geometry": {"type": "Polygon", "coordinates": [[[-119.87508290777376, 42.74665463043749], [-119.87011765394463, 42.7466438038875], [-119.86515240011545, 42.74663300133746], [-119.86514826265896, 42.749888756587644], [-119.86514772073019, 42.75031542762046], [-119.86514301834511, 42.75399783090332], [-119.8701239651724, 42.75398129944975], [-119.8751049119996, 42.75396476799607], [-119.87509392138662, 42.750309699716794], [-119.87508290777376, 42.74665463043749]]]}, "properties": {"OBJECTID": 330149, "ID": "799126756140253207", "CSE_NAME": "SNAKE BITE #26", "STAGE_ID": null, "BLM_PROD": "Lode Claim", "CSE_TYPE_NR": "384101", "CSE_NR": "OR101824528", "LEG_CSE_NR": "ORMC155164", "SF_ID": "a02t00000058RPbAAM", "CSE_DISP": "Active", "SRC": "LLD", "QLTY": "1: MIDPOINT\nTYPICAL QUARTER SECTION WITH 4 STANDARD LEGALS ATTRIBUTED\naliquot\n36 sections retrieved\n576 intersected features retrieved\n16 matching sections found\nsection 34 issimple: True", "CSE_META": "OR 33 0320S 0240E 034 A SE", "RCRD_ACRS": 20.66, "Created": 1610668800000, "Modified": 1728176138000, "Shape__Length": 0.03456748151110844, "Shape__Area": 7.298016182687502e-05}}, {"type": "Feature", "id": 330150, "geometry": {"type": "Polygon", "coordinates": [[[-119.87508290777376, 42.74665463043749], [-119.87011765394463, 42.7466438038875], [-119.86515240011545, 42.74663300133746], [-119.86514826265896, 42.749888756587644], [-119.86514772073019, 42.75031542762046], [-119.86514301834511, 42.75399783090332], [-119.8701239651724, 42.75398129944975], [-119.8751049119996, 42.75396476799607], [-119.87509392138662, 42.750309699716794], [-119.87508290777376, 42.74665463043749]]]}, "properties": {"OBJECTID": 330150, "ID": "799126756215750755", "CSE_NAME": "SNAKE BITE #31", "STAGE_ID": null, "BLM_PROD": "Lode Claim", "CSE_TYPE_NR": "384101", "CSE_NR": "OR101825707", "LEG_CSE_NR": "ORMC155165", "SF_ID": "a02t00000058RPcAAM", "CSE_DISP": "Active", "SRC": "LLD", "QLTY": "1: MIDPOINT\nTYPICAL QUARTER SECTION WITH 4 STANDARD LEGALS ATTRIBUTED\naliquot\n36 sections retrieved\n576 intersected features retrieved\n16 matching sections found\nsection 34 issimple: True", "CSE_META": "OR 33 0320S 0240E 034 A SE", "RCRD_ACRS": 20.66, "Created": 1610668800000, "Modified": 1728176138000, "Shape__Length": 0.03456748151110844, "Shape__Area": 7.298016182687502e-05}}, {"type": "Feature", "id": 330154, "geometry": {"type": "Polygon", "coordinates": [[[-119.83513320921904, 42.717329751809416], [-119.83512631660352, 42.71364476452654], [-119.83511944798816, 42.709959753243545], [-119.83264347957864, 42.709980014469515], [-119.83016744216903, 42.71000019669547], [-119.82769147375943, 42.710020473921475], [-119.82521545934974, 42.71004066314742], [-119.82521875665823, 42.71188826728937], [-119.82522204896671, 42.71373587143129], [-119.82522863858387, 42.71743110371519], [-119.8301809244015, 42.71738041626233], [-119.83513320921904, 42.717329751809416]]]}, "properties": {"OBJECTID": 330154, "ID": "799126755611771027", "CSE_NAME": "SCORPION ONE", "STAGE_ID": null, "BLM_PROD": "Lode Claim", "CSE_TYPE_NR": "384101", "CSE_NR": "OR101578358", "LEG_CSE_NR": "ORMC155242", "SF_ID": "a02t00000058TPsAAM", "CSE_DISP": "Active", "SRC": "LLD", "QLTY": "1: MIDPOINT\nFULLY ATTRIBUTED QUARTER SECTION ALL BUCKETS ARE EQUAL\naliquot\n36 sections retrieved\n598 intersected features retrieved\n22 matching sections found\nsection 13 issimple: False", "CSE_META": "OR 33 0330S 0240E 013 A NE", "RCRD_ACRS": 20.66, "Created": 1610668800000, "Modified": 1728176319000, "Shape__Length": 0.034569867612762706, "Shape__Area": 7.309671168474052e-05}}, {"type": "Feature", "id": 330180, "geometry": {"type": "Polygon", "coordinates": [[[-119.85484192619458, 42.69145867803276], [-119.8547908195739, 42.68778065175434], [-119.84983168875094, 42.68780181720506], [-119.84487255892793, 42.68782300465585], [-119.84491574954689, 42.691499028934956], [-119.84495891716601, 42.695175075214046], [-119.84500215378532, 42.69885116849304], [-119.84502377709504, 42.700689203632514], [-119.84504539140481, 42.70252723877201], [-119.84753288481798, 42.70251844854592], [-119.85002035423118, 42.70250961331982], [-119.85499531705736, 42.70249201086768], [-119.85997025688343, 42.702474408415455], [-119.86494519670943, 42.702456782963246], [-119.86488603408662, 42.698777126685656], [-119.86482687146402, 42.6950974714081], [-119.85985996363972, 42.69511707585958], [-119.85489305681536, 42.695136704311096], [-119.85484192619458, 42.69145867803276]]]}, "properties": {"OBJECTID": 330180, "ID": "799126756962336777", "CSE_NAME": "FACETEER #1", "STAGE_ID": null, "BLM_PROD": "Lode Claim", "CSE_TYPE_NR": "384101", "CSE_NR": "OR101829788", "LEG_CSE_NR": "ORMC155452", "SF_ID": "a02t00000058UmTAAU", "CSE_DISP": "Active", "SRC": "LLD", "QLTY": "1: MIDPOINT\nTYPICAL QUARTER SECTION WITH 4 STANDARD LEGALS ATTRIBUTED\nDOES NOT MATCH PM ANGLES\naliquot\n36 sections retrieved\n598 intersected features retrieved\n19 matching sections found\nsection 23 issimple: False, MIDPOINT\nFULLY ATTRIBUTED QUARTER SECTIO", "CSE_META": "OR 33 0330S 0240E 023 A NW|OR 33 0330S 0240E 023 A NE|OR 33 0330S 0240E 023 A SE", "RCRD_ACRS": 20.66, "Created": 1610668800000, "Modified": 1728176440000, "Shape__Length": 0.06917443984653251, "Shape__Area": 0.00021926561201591406}}, {"type": "Feature", "id": 330181, "geometry": {"type": "Polygon", "coordinates": [[[-119.85484192619458, 42.69145867803276], [-119.8547908195739, 42.68778065175434], [-119.84983168875094, 42.68780181720506], [-119.84487255892793, 42.68782300465585], [-119.84491574954689, 42.691499028934956], [-119.84495891716601, 42.695175075214046], [-119.84500215378532, 42.69885116849304], [-119.84502377709504, 42.700689203632514], [-119.84504539140481, 42.70252723877201], [-119.84753288481798, 42.70251844854592], [-119.85002035423118, 42.70250961331982], [-119.85499531705736, 42.70249201086768], [-119.85997025688343, 42.702474408415455], [-119.86494519670943, 42.702456782963246], [-119.86488603408662, 42.698777126685656], [-119.86482687146402, 42.6950974714081], [-119.85985996363972, 42.69511707585958], [-119.85489305681536, 42.695136704311096], [-119.85484192619458, 42.69145867803276]]]}, "properties": {"OBJECTID": 330181, "ID": "799126756962336778", "CSE_NAME": "FACETEER #2", "STAGE_ID": null, "BLM_PROD": "Lode Claim", "CSE_TYPE_NR": "384101", "CSE_NR": "OR101829789", "LEG_CSE_NR": "ORMC155453", "SF_ID": "a02t00000058UmUAAU", "CSE_DISP": "Active", "SRC": "LLD", "QLTY": "1: MIDPOINT\nTYPICAL QUARTER SECTION WITH 4 STANDARD LEGALS ATTRIBUTED\nDOES NOT MATCH PM ANGLES\naliquot\n36 sections retrieved\n598 intersected features retrieved\n19 matching sections found\nsection 23 issimple: False, MIDPOINT\nFULLY ATTRIBUTED QUARTER SECTIO", "CSE_META": "OR 33 0330S 0240E 023 A NW|OR 33 0330S 0240E 023 A NE|OR 33 0330S 0240E 023 A SE", "RCRD_ACRS": 20.66, "Created": 1610668800000, "Modified": 1728176440000, "Shape__Length": 0.06917443984653251, "Shape__Area": 0.00021926561201591406}}, {"type": "Feature", "id": 330182, "geometry": {"type": "Polygon", "coordinates": [[[-119.85484192619458, 42.69145867803276], [-119.8547908195739, 42.68778065175434], [-119.84983168875094, 42.68780181720506], [-119.84487255892793, 42.68782300465585], [-119.84491574954689, 42.691499028934956], [-119.84495891716601, 42.695175075214046], [-119.84500215378532, 42.69885116849304], [-119.84502377709504, 42.700689203632514], [-119.84504539140481, 42.70252723877201], [-119.84753288481798, 42.70251844854592], [-119.85002035423118, 42.70250961331982], [-119.85499531705736, 42.70249201086768], [-119.85997025688343, 42.702474408415455], [-119.86494519670943, 42.702456782963246], [-119.86488603408662, 42.698777126685656], [-119.86482687146402, 42.6950974714081], [-119.85985996363972, 42.69511707585958], [-119.85489305681536, 42.695136704311096], [-119.85484192619458, 42.69145867803276]]]}, "properties": {"OBJECTID": 330182, "ID": "799126756962336779", "CSE_NAME": "FACETEER #3", "STAGE_ID": null, "BLM_PROD": "Lode Claim", "CSE_TYPE_NR": "384101", "CSE_NR": "OR101829790", "LEG_CSE_NR": "ORMC155454", "SF_ID": "a02t00000058UmVAAU", "CSE_DISP": "Active", "SRC": "LLD", "QLTY": "1: MIDPOINT\nTYPICAL QUARTER SECTION WITH 4 STANDARD LEGALS ATTRIBUTED\nDOES NOT MATCH PM ANGLES\naliquot\n36 sections retrieved\n598 intersected features retrieved\n19 matching sections found\nsection 23 issimple: False, MIDPOINT\nFULLY ATTRIBUTED QUARTER SECTIO", "CSE_META": "OR 33 0330S 0240E 023 A NW|OR 33 0330S 0240E 023 A NE|OR 33 0330S 0240E 023 A SE", "RCRD_ACRS": 20.66, "Created": 1610668800000, "Modified": 1728176440000, "Shape__Length": 0.06917443984653251, "Shape__Area": 0.00021926561201591406}}, {"type": "Feature", "id": 330284, "geometry": {"type": "Polygon", "coordinates": [[[-119.85002035423118, 42.70250961331982], [-119.84753288481798, 42.70251844854592], [-119.84504539140481, 42.70252723877201], [-119.84504345901675, 42.70620254105499], [-119.84504155062888, 42.70987784233791], [-119.84503964224119, 42.71355314462082], [-119.8450386875474, 42.71539078376222], [-119.84503773385367, 42.717228422903595], [-119.84750857926441, 42.71722118267905], [-119.84997942467508, 42.71721389445447], [-119.85492109349636, 42.71719938800525], [-119.8549396488864, 42.71352275972094], [-119.8549582052766, 42.709846130436524], [-119.85497676166692, 42.70616908215214], [-119.85499531705736, 42.70249201086768], [-119.85002035423118, 42.70250961331982]]]}, "properties": {"OBJECTID": 330284, "ID": "799126744756912156", "CSE_NAME": "WATERMELON PATCH", "STAGE_ID": null, "BLM_PROD": "Lode Claim", "CSE_TYPE_NR": "384101", "CSE_NR": "OR101477163", "LEG_CSE_NR": "ORMC156120", "SF_ID": "a02t00000058SKoAAM", "CSE_DISP": "Active", "SRC": "LLD", "QLTY": "1: MIDPOINT\nFULLY ATTRIBUTED QUARTER SECTION ALL BUCKETS ARE EQUAL\naliquot\n36 sections retrieved\n598 intersected features retrieved\n25 matching sections found\nsection 14 issimple: False, MIDPOINT\nTYPICAL QUARTER SECTION WITH 4 STANDARD LEGALS ATTRIBUTED\na", "CSE_META": "OR 33 0330S 0240E 014 A NE|OR 33 0330S 0240E 014 A SE", "RCRD_ACRS": 20.66, "Created": 1610668800000, "Modified": 1728176219000, "Shape__Length": 0.049242135304057834, "Shape__Area": 0.00014581590106580504}}, {"type": "Feature", "id": 330305, "geometry": {"type": "Polygon", "coordinates": [[[-119.8351160545187, 42.74310925179336], [-119.83509344590021, 42.73942899051255], [-119.83011319708426, 42.739517489971256], [-119.82513297226812, 42.73960598942993], [-119.82512333388524, 42.7433103017157], [-119.82511369550252, 42.74701463800139], [-119.83012628332385, 42.74692509053951], [-119.83513884914508, 42.74683552007763], [-119.83511624052504, 42.74314683079622], [-119.8351160545187, 42.74310925179336]]]}, "properties": {"OBJECTID": 330305, "ID": "799126731595186179", "CSE_NAME": "L-1", "STAGE_ID": null, "BLM_PROD": "Lode Claim", "CSE_TYPE_NR": "384101", "CSE_NR": "OR101363449", "LEG_CSE_NR": "ORMC156873", "SF_ID": "a02t00000058SPqAAM", "CSE_DISP": "Active", "SRC": "LLD", "QLTY": "1: SIMPLE\nTYPICAL QUARTER SECTION WITH 4 STANDARD LEGALS ATTRIBUTED\nDOES NOT MATCH PM ANGLES\naliquot\n36 sections retrieved\n598 intersected features retrieved\n16 matching sections found\n4 alias QQs added\nsection 1 issimple: False", "CSE_META": "OR 33 0330S 0240E 001 A NE", "RCRD_ACRS": 20.66, "Created": 1610668800000, "Modified": 1728176226000, "Shape__Length": 0.03480413776326887, "Shape__Area": 7.402512090226652e-05}}, {"type": "Feature", "id": 330306, "geometry": {"type": "Polygon", "coordinates": [[[-119.8351160545187, 42.74310925179336], [-119.83509344590021, 42.73942899051255], [-119.83011319708426, 42.739517489971256], [-119.82513297226812, 42.73960598942993], [-119.82512333388524, 42.7433103017157], [-119.82511369550252, 42.74701463800139], [-119.83012628332385, 42.74692509053951], [-119.83513884914508, 42.74683552007763], [-119.83511624052504, 42.74314683079622], [-119.8351160545187, 42.74310925179336]]]}, "properties": {"OBJECTID": 330306, "ID": "799126731595186180", "CSE_NAME": "L-2", "STAGE_ID": null, "BLM_PROD": "Lode Claim", "CSE_TYPE_NR": "384101", "CSE_NR": "OR101363450", "LEG_CSE_NR": "ORMC156874", "SF_ID": "a02t00000058SPrAAM", "CSE_DISP": "Active", "SRC": "LLD", "QLTY": "1: SIMPLE\nTYPICAL QUARTER SECTION WITH 4 STANDARD LEGALS ATTRIBUTED\nDOES NOT MATCH PM ANGLES\naliquot\n36 sections retrieved\n598 intersected features retrieved\n16 matching sections found\n4 alias QQs added\nsection 1 issimple: False", "CSE_META": "OR 33 0330S 0240E 001 A NE", "RCRD_ACRS": 20.66, "Created": 1610668800000, "Modified": 1728176226000, "Shape__Length": 0.03480413776326887, "Shape__Area": 7.402512090226652e-05}}, {"type": "Feature", "id": 330307, "geometry": {"type": "Polygon", "coordinates": [[[-119.8351160545187, 42.74310925179336], [-119.83509344590021, 42.73942899051255], [-119.83011319708426, 42.739517489971256], [-119.82513297226812, 42.73960598942993], [-119.82512333388524, 42.7433103017157], [-119.82511369550252, 42.74701463800139], [-119.83012628332385, 42.74692509053951], [-119.83513884914508, 42.74683552007763], [-119.83511624052504, 42.74314683079622], [-119.8351160545187, 42.74310925179336]]]}, "properties": {"OBJECTID": 330307, "ID": "799126731595186181", "CSE_NAME": "L-3", "STAGE_ID": null, "BLM_PROD": "Lode Claim", "CSE_TYPE_NR": "384101", "CSE_NR": "OR101363451", "LEG_CSE_NR": "ORMC156875", "SF_ID": "a02t00000058SPsAAM", "CSE_DISP": "Active", "SRC": "LLD", "QLTY": "1: SIMPLE\nTYPICAL QUARTER SECTION WITH 4 STANDARD LEGALS ATTRIBUTED\nDOES NOT MATCH PM ANGLES\naliquot\n36 sections retrieved\n598 intersected features retrieved\n16 matching sections found\n4 alias QQs added\nsection 1 issimple: False", "CSE_META": "OR 33 0330S 0240E 001 A NE", "RCRD_ACRS": 20.66, "Created": 1610668800000, "Modified": 1728176226000, "Shape__Length": 0.03480413776326887, "Shape__Area": 7.402512090226652e-05}}, {"type": "Feature", "id": 330308, "geometry": {"type": "Polygon", "coordinates": [[[-119.8351160545187, 42.74310925179336], [-119.83509344590021, 42.73942899051255], [-119.83011319708426, 42.739517489971256], [-119.82513297226812, 42.73960598942993], [-119.82512333388524, 42.7433103017157], [-119.82511369550252, 42.74701463800139], [-119.83012628332385, 42.74692509053951], [-119.83513884914508, 42.74683552007763], [-119.83511624052504, 42.74314683079622], [-119.8351160545187, 42.74310925179336]]]}, "properties": {"OBJECTID": 330308, "ID": "799126731595186182", "CSE_NAME": "L-4", "STAGE_ID": null, "BLM_PROD": "Lode Claim", "CSE_TYPE_NR": "384101", "CSE_NR": "OR101363452", "LEG_CSE_NR": "ORMC156876", "SF_ID": "a02t00000058SPtAAM", "CSE_DISP": "Active", "SRC": "LLD", "QLTY": "1: SIMPLE\nTYPICAL QUARTER SECTION WITH 4 STANDARD LEGALS ATTRIBUTED\nDOES NOT MATCH PM ANGLES\naliquot\n36 sections retrieved\n598 intersected features retrieved\n16 matching sections found\n4 alias QQs added\nsection 1 issimple: False", "CSE_META": "OR 33 0330S 0240E 001 A NE", "RCRD_ACRS": 20.66, "Created": 1610668800000, "Modified": 1728176226000, "Shape__Length": 0.03480413776326887, "Shape__Area": 7.402512090226652e-05}}, {"type": "Feature", "id": 330309, "geometry": {"type": "Polygon", "coordinates": [[[-119.8351160545187, 42.74310925179336], [-119.83509344590021, 42.73942899051255], [-119.83011319708426, 42.739517489971256], [-119.82513297226812, 42.73960598942993], [-119.82001067441328, 42.739605314894696], [-119.82000275741196, 42.73960535289543], [-119.81501477957943, 42.739604663347905], [-119.81501950619968, 42.74331379563288], [-119.81502421081784, 42.747009213916655], [-119.81999472664785, 42.74701191446577], [-119.82511369550252, 42.74701463800139], [-119.83012628332385, 42.74692509053951], [-119.83513884914508, 42.74683552007763], [-119.83511624052504, 42.74314683079622], [-119.8351160545187, 42.74310925179336]]]}, "properties": {"OBJECTID": 330309, "ID": "799126731637129230", "CSE_NAME": "L-5", "STAGE_ID": null, "BLM_PROD": "Lode Claim", "CSE_TYPE_NR": "384101", "CSE_NR": "OR101364403", "LEG_CSE_NR": "ORMC156877", "SF_ID": "a02t00000058SPuAAM", "CSE_DISP": "Active", "SRC": "LLD", "QLTY": "1: SIMPLE\nTYPICAL QUARTER SECTION WITH 4 STANDARD LEGALS ATTRIBUTED\nDOES NOT MATCH PM ANGLES\naliquot\n36 sections retrieved\n598 intersected features retrieved\n16 matching sections found\n4 alias QQs added\nsection 1 issimple: False, SIMPLE\nTYPICAL QUARTER SE", "CSE_META": "OR 33 0330S 0240E 001 A NE|OR 33 0330S 0250E 006 A NW", "RCRD_ACRS": 20.66, "Created": 1610668800000, "Modified": 1728176226000, "Shape__Length": 0.0550076963285067, "Shape__Area": 0.00014886026010344454}}, {"type": "Feature", "id": 330310, "geometry": {"type": "Polygon", "coordinates": [[[-119.82508535702813, 42.73222644486667], [-119.82510915264807, 42.73591622914835], [-119.82513297226812, 42.73960598942993], [-119.82512333388524, 42.7433103017157], [-119.82511369550252, 42.74701463800139], [-119.83012628332385, 42.74692509053951], [-119.83513884914508, 42.74683552007763], [-119.83511624052504, 42.74314683079622], [-119.8351160545187, 42.74310925179336], [-119.83509344590021, 42.73942899051255], [-119.83507090728261, 42.735752874231984], [-119.83504836866513, 42.732076779951385], [-119.8300668628467, 42.73215161240903], [-119.82508535702813, 42.73222644486667]]]}, "properties": {"OBJECTID": 330310, "ID": "799126731637129231", "CSE_NAME": "L-6", "STAGE_ID": null, "BLM_PROD": "Lode Claim", "CSE_TYPE_NR": "384101", "CSE_NR": "OR101364404", "LEG_CSE_NR": "ORMC156878", "SF_ID": "a02t00000058SPvAAM", "CSE_DISP": "Active", "SRC": "LLD", "QLTY": "1: SIMPLE\nTYPICAL QUARTER SECTION WITH 4 STANDARD LEGALS ATTRIBUTED\nDOES NOT MATCH PM ANGLES\naliquot\n36 sections retrieved\n598 intersected features retrieved\n16 matching sections found\n4 alias QQs added\nsection 1 issimple: False, SIMPLE\nTYPICAL QUARTER SE", "CSE_META": "OR 33 0330S 0240E 001 A NE|OR 33 0330S 0240E 001 A SE", "RCRD_ACRS": 6.89, "Created": 1610668800000, "Modified": 1728176226000, "Shape__Length": 0.04953827309984464, "Shape__Area": 0.00014740969313819654}}, {"type": "Feature", "id": 330311, "geometry": {"type": "Polygon", "coordinates": [[[-119.82508535702813, 42.73222644486667], [-119.82510915264807, 42.73591622914835], [-119.82513297226812, 42.73960598942993], [-119.82512333388524, 42.7433103017157], [-119.82511369550252, 42.74701463800139], [-119.83012628332385, 42.74692509053951], [-119.83513884914508, 42.74683552007763], [-119.83511624052504, 42.74314683079622], [-119.8351160545187, 42.74310925179336], [-119.83509344590021, 42.73942899051255], [-119.83507090728261, 42.735752874231984], [-119.83504836866513, 42.732076779951385], [-119.8300668628467, 42.73215161240903], [-119.82508535702813, 42.73222644486667]]]}, "properties": {"OBJECTID": 330311, "ID": "799126731637129232", "CSE_NAME": "L-7", "STAGE_ID": null, "BLM_PROD": "Lode Claim", "CSE_TYPE_NR": "384101", "CSE_NR": "OR101364405", "LEG_CSE_NR": "ORMC156879", "SF_ID": "a02t00000058SPwAAM", "CSE_DISP": "Active", "SRC": "LLD", "QLTY": "1: SIMPLE\nTYPICAL QUARTER SECTION WITH 4 STANDARD LEGALS ATTRIBUTED\nDOES NOT MATCH PM ANGLES\naliquot\n36 sections retrieved\n598 intersected features retrieved\n16 matching sections found\n4 alias QQs added\nsection 1 issimple: False, SIMPLE\nTYPICAL QUARTER SE", "CSE_META": "OR 33 0330S 0240E 001 A NE|OR 33 0330S 0240E 001 A SE", "RCRD_ACRS": 20.66, "Created": 1610668800000, "Modified": 1728176226000, "Shape__Length": 0.04953827309984464, "Shape__Area": 0.00014740969313819654}}, {"type": "Feature", "id": 330312, "geometry": {"type": "Polygon", "coordinates": [[[-119.82508535702813, 42.73222644486667], [-119.82510915264807, 42.73591622914835], [-119.82513297226812, 42.73960598942993], [-119.82512333388524, 42.7433103017157], [-119.82511369550252, 42.74701463800139], [-119.83012628332385, 42.74692509053951], [-119.83513884914508, 42.74683552007763], [-119.83511624052504, 42.74314683079622], [-119.8351160545187, 42.74310925179336], [-119.83509344590021, 42.73942899051255], [-119.83507090728261, 42.735752874231984], [-119.83504836866513, 42.732076779951385], [-119.8300668628467, 42.73215161240903], [-119.82508535702813, 42.73222644486667]]]}, "properties": {"OBJECTID": 330312, "ID": "799126731637129233", "CSE_NAME": "L-8", "STAGE_ID": null, "BLM_PROD": "Lode Claim", "CSE_TYPE_NR": "384101", "CSE_NR": "OR101364406", "LEG_CSE_NR": "ORMC156880", "SF_ID": "a02t00000058SPxAAM", "CSE_DISP": "Active", "SRC": "LLD", "QLTY": "1: SIMPLE\nTYPICAL QUARTER SECTION WITH 4 STANDARD LEGALS ATTRIBUTED\nDOES NOT MATCH PM ANGLES\naliquot\n36 sections retrieved\n598 intersected features retrieved\n16 matching sections found\n4 alias QQs added\nsection 1 issimple: False, SIMPLE\nTYPICAL QUARTER SE", "CSE_META": "OR 33 0330S 0240E 001 A NE|OR 33 0330S 0240E 001 A SE", "RCRD_ACRS": 20.66, "Created": 1610668800000, "Modified": 1728176226000, "Shape__Length": 0.04953827309984464, "Shape__Area": 0.00014740969313819654}}, {"type": "Feature", "id": 330313, "geometry": {"type": "Polygon", "coordinates": [[[-119.82508535702813, 42.73222644486667], [-119.82510915264807, 42.73591622914835], [-119.82513297226812, 42.73960598942993], [-119.82512333388524, 42.7433103017157], [-119.82511369550252, 42.74701463800139], [-119.83012628332385, 42.74692509053951], [-119.83513884914508, 42.74683552007763], [-119.83511624052504, 42.74314683079622], [-119.8351160545187, 42.74310925179336], [-119.83509344590021, 42.73942899051255], [-119.83507090728261, 42.735752874231984], [-119.83504836866513, 42.732076779951385], [-119.8300668628467, 42.73215161240903], [-119.82508535702813, 42.73222644486667]]]}, "properties": {"OBJECTID": 330313, "ID": "799126731637129234", "CSE_NAME": "L-9", "STAGE_ID": null, "BLM_PROD": "Lode Claim", "CSE_TYPE_NR": "384101", "CSE_NR": "OR101364407", "LEG_CSE_NR": "ORMC156881", "SF_ID": "a02t00000058SPyAAM", "CSE_DISP": "Active", "SRC": "LLD", "QLTY": "1: SIMPLE\nTYPICAL QUARTER SECTION WITH 4 STANDARD LEGALS ATTRIBUTED\nDOES NOT MATCH PM ANGLES\naliquot\n36 sections retrieved\n598 intersected features retrieved\n16 matching sections found\n4 alias QQs added\nsection 1 issimple: False, SIMPLE\nTYPICAL QUARTER SE", "CSE_META": "OR 33 0330S 0240E 001 A NE|OR 33 0330S 0240E 001 A SE", "RCRD_ACRS": 20.66, "Created": 1610668800000, "Modified": 1728176226000, "Shape__Length": 0.04953827309984464, "Shape__Area": 0.00014740969313819654}}, {"type": "Feature", "id": 330314, "geometry": {"type": "Polygon", "coordinates": [[[-119.82508535702813, 42.73222644486667], [-119.8199778201761, 42.73222763233007], [-119.81500539534653, 42.732228727781205], [-119.81501009896293, 42.73591669506456], [-119.81501477957943, 42.739604663347905], [-119.81501950619968, 42.74331379563288], [-119.81502421081784, 42.747009213916655], [-119.81999472664785, 42.74701191446577], [-119.82511369550252, 42.74701463800139], [-119.83012628332385, 42.74692509053951], [-119.83513884914508, 42.74683552007763], [-119.83511624052504, 42.74314683079622], [-119.8351160545187, 42.74310925179336], [-119.83509344590021, 42.73942899051255], [-119.83507090728261, 42.735752874231984], [-119.83504836866513, 42.732076779951385], [-119.8300668628467, 42.73215161240903], [-119.82508535702813, 42.73222644486667]]]}, "properties": {"OBJECTID": 330314, "ID": "799126731637129235", "CSE_NAME": "L-10", "STAGE_ID": null, "BLM_PROD": "Lode Claim", "CSE_TYPE_NR": "384101", "CSE_NR": "OR101364408", "LEG_CSE_NR": "ORMC156882", "SF_ID": "a02t00000058SPzAAM", "CSE_DISP": "Active", "SRC": "LLD", "QLTY": "1: SIMPLE\nTYPICAL QUARTER SECTION WITH 4 STANDARD LEGALS ATTRIBUTED\nDOES NOT MATCH PM ANGLES\naliquot\n36 sections retrieved\n598 intersected features retrieved\n16 matching sections found\n4 alias QQs added\nsection 1 issimple: False, SIMPLE\nTYPICAL QUARTER SE", "CSE_META": "OR 33 0330S 0240E 001 A NE|OR 33 0330S 0240E 001 A SE|OR 33 0330S 0250E 006 A NW|OR 33 0330S 0250E 006 A SW", "RCRD_ACRS": 20.66, "Created": 1610668800000, "Modified": 1728176226000, "Shape__Length": 0.06969984410330386, "Shape__Area": 0.00029675303370016155}}, {"type": "Feature", "id": 330315, "geometry": {"type": "Polygon", "coordinates": [[[-119.82508535702813, 42.73222644486667], [-119.82510915264807, 42.73591622914835], [-119.82513297226812, 42.73960598942993], [-119.83011319708426, 42.739517489971256], [-119.83509344590021, 42.73942899051255], [-119.83507090728261, 42.735752874231984], [-119.83504836866513, 42.732076779951385], [-119.8300668628467, 42.73215161240903], [-119.82508535702813, 42.73222644486667]]]}, "properties": {"OBJECTID": 330315, "ID": "799126731637129236", "CSE_NAME": "L-11", "STAGE_ID": null, "BLM_PROD": "Lode Claim", "CSE_TYPE_NR": "384101", "CSE_NR": "OR101364409", "LEG_CSE_NR": "ORMC156883", "SF_ID": "a02t00000058SQ0AAM", "CSE_DISP": "Active", "SRC": "LLD", "QLTY": "1: SIMPLE\nTYPICAL QUARTER SECTION WITH 4 STANDARD LEGALS ATTRIBUTED\nDOES NOT MATCH PM ANGLES\naliquot\n36 sections retrieved\n598 intersected features retrieved\n16 matching sections found\n4 alias QQs added\nsection 1 issimple: False", "CSE_META": "OR 33 0330S 0240E 001 A SE", "RCRD_ACRS": 20.66, "Created": 1610668800000, "Modified": 1728176226000, "Shape__Length": 0.03465822435010793, "Shape__Area": 7.338457223593001e-05}}, {"type": "Feature", "id": 330316, "geometry": {"type": "Polygon", "coordinates": [[[-119.82508535702813, 42.73222644486667], [-119.82510915264807, 42.73591622914835], [-119.82513297226812, 42.73960598942993], [-119.83011319708426, 42.739517489971256], [-119.83509344590021, 42.73942899051255], [-119.83507090728261, 42.735752874231984], [-119.83504836866513, 42.732076779951385], [-119.8300668628467, 42.73215161240903], [-119.82508535702813, 42.73222644486667]]]}, "properties": {"OBJECTID": 330316, "ID": "799126731637129237", "CSE_NAME": "L-12", "STAGE_ID": null, "BLM_PROD": "Lode Claim", "CSE_TYPE_NR": "384101", "CSE_NR": "OR101364410", "LEG_CSE_NR": "ORMC156884", "SF_ID": "a02t00000058SQ1AAM", "CSE_DISP": "Active", "SRC": "LLD", "QLTY": "1: SIMPLE\nTYPICAL QUARTER SECTION WITH 4 STANDARD LEGALS ATTRIBUTED\nDOES NOT MATCH PM ANGLES\naliquot\n36 sections retrieved\n598 intersected features retrieved\n16 matching sections found\n4 alias QQs added\nsection 1 issimple: False", "CSE_META": "OR 33 0330S 0240E 001 A SE", "RCRD_ACRS": 20.66, "Created": 1610668800000, "Modified": 1728176227000, "Shape__Length": 0.03465822435010793, "Shape__Area": 7.338457223593001e-05}}, {"type": "Feature", "id": 330317, "geometry": {"type": "Polygon", "coordinates": [[[-119.82508535702813, 42.73222644486667], [-119.82510915264807, 42.73591622914835], [-119.82513297226812, 42.73960598942993], [-119.83011319708426, 42.739517489971256], [-119.83509344590021, 42.73942899051255], [-119.83507090728261, 42.735752874231984], [-119.83504836866513, 42.732076779951385], [-119.8300668628467, 42.73215161240903], [-119.82508535702813, 42.73222644486667]]]}, "properties": {"OBJECTID": 330317, "ID": "799126731637129238", "CSE_NAME": "L-13", "STAGE_ID": null, "BLM_PROD": "Lode Claim", "CSE_TYPE_NR": "384101", "CSE_NR": "OR101364411", "LEG_CSE_NR": "ORMC156885", "SF_ID": "a02t00000058SQ2AAM", "CSE_DISP": "Active", "SRC": "LLD", "QLTY": "1: SIMPLE\nTYPICAL QUARTER SECTION WITH 4 STANDARD LEGALS ATTRIBUTED\nDOES NOT MATCH PM ANGLES\naliquot\n36 sections retrieved\n598 intersected features retrieved\n16 matching sections found\n4 alias QQs added\nsection 1 issimple: False", "CSE_META": "OR 33 0330S 0240E 001 A SE", "RCRD_ACRS": 20.66, "Created": 1610668800000, "Modified": 1728176227000, "Shape__Length": 0.03465822435010793, "Shape__Area": 7.338457223593001e-05}}, {"type": "Feature", "id": 330318, "geometry": {"type": "Polygon", "coordinates": [[[-119.82508535702813, 42.73222644486667], [-119.82510915264807, 42.73591622914835], [-119.82513297226812, 42.73960598942993], [-119.83011319708426, 42.739517489971256], [-119.83509344590021, 42.73942899051255], [-119.83507090728261, 42.735752874231984], [-119.83504836866513, 42.732076779951385], [-119.8300668628467, 42.73215161240903], [-119.82508535702813, 42.73222644486667]]]}, "properties": {"OBJECTID": 330318, "ID": "799126731637129239", "CSE_NAME": "L-14", "STAGE_ID": null, "BLM_PROD": "Lode Claim", "CSE_TYPE_NR": "384101", "CSE_NR": "OR101364412", "LEG_CSE_NR": "ORMC156886", "SF_ID": "a02t00000058SQ3AAM", "CSE_DISP": "Active", "SRC": "LLD", "QLTY": "1: SIMPLE\nTYPICAL QUARTER SECTION WITH 4 STANDARD LEGALS ATTRIBUTED\nDOES NOT MATCH PM ANGLES\naliquot\n36 sections retrieved\n598 intersected features retrieved\n16 matching sections found\n4 alias QQs added\nsection 1 issimple: False", "CSE_META": "OR 33 0330S 0240E 001 A SE", "RCRD_ACRS": 20.66, "Created": 1610668800000, "Modified": 1728176227000, "Shape__Length": 0.03465822435010793, "Shape__Area": 7.338457223593001e-05}}, {"type": "Feature", "id": 330319, "geometry": {"type": "Polygon", "coordinates": [[[-119.82508535702813, 42.73222644486667], [-119.8199778201761, 42.73222763233007], [-119.81500539534653, 42.732228727781205], [-119.81501009896293, 42.73591669506456], [-119.81501477957943, 42.739604663347905], [-119.82000275741196, 42.73960535289543], [-119.82001067441328, 42.739605314894696], [-119.82513297226812, 42.73960598942993], [-119.83011319708426, 42.739517489971256], [-119.83509344590021, 42.73942899051255], [-119.83507090728261, 42.735752874231984], [-119.83504836866513, 42.732076779951385], [-119.8300668628467, 42.73215161240903], [-119.82508535702813, 42.73222644486667]]]}, "properties": {"OBJECTID": 330319, "ID": "799126731637129240", "CSE_NAME": "L-15", "STAGE_ID": null, "BLM_PROD": "Lode Claim", "CSE_TYPE_NR": "384101", "CSE_NR": "OR101364413", "LEG_CSE_NR": "ORMC156887", "SF_ID": "a02t00000058SQ4AAM", "CSE_DISP": "Active", "SRC": "LLD", "QLTY": "1: SIMPLE\nTYPICAL QUARTER SECTION WITH 4 STANDARD LEGALS ATTRIBUTED\nDOES NOT MATCH PM ANGLES\naliquot\n36 sections retrieved\n598 intersected features retrieved\n16 matching sections found\n4 alias QQs added\nsection 1 issimple: False, SIMPLE\nTYPICAL QUARTER SE", "CSE_META": "OR 33 0330S 0240E 001 A SE|OR 33 0330S 0250E 006 A SW", "RCRD_ACRS": 20.66, "Created": 1610668800000, "Modified": 1728176227000, "Shape__Length": 0.054852619155119464, "Shape__Area": 0.00014789277359671704}}, {"type": "Feature", "id": 330320, "geometry": {"type": "Polygon", "coordinates": [[[-119.82515699780565, 42.724828786291006], [-119.82512116641682, 42.72852762657887], [-119.82508535702813, 42.73222644486667], [-119.82510915264807, 42.73591622914835], [-119.82513297226812, 42.73960598942993], [-119.83011319708426, 42.739517489971256], [-119.83509344590021, 42.73942899051255], [-119.83507090728261, 42.735752874231984], [-119.83504836866513, 42.732076779951385], [-119.83506957905338, 42.72839020966597], [-119.83509078844182, 42.724703638380504], [-119.83012388162378, 42.724766223835786], [-119.82515699780565, 42.724828786291006]]]}, "properties": {"OBJECTID": 330320, "ID": "799126731637129241", "CSE_NAME": "L-16", "STAGE_ID": null, "BLM_PROD": "Lode Claim", "CSE_TYPE_NR": "384101", "CSE_NR": "OR101364414", "LEG_CSE_NR": "ORMC156888", "SF_ID": "a02t00000058SQ5AAM", "CSE_DISP": "Active", "SRC": "LLD", "QLTY": "1: SIMPLE\nTYPICAL QUARTER SECTION WITH 4 STANDARD LEGALS ATTRIBUTED\nDOES NOT MATCH PM ANGLES\naliquot\n36 sections retrieved\n598 intersected features retrieved\n16 matching sections found\n4 alias QQs added\nsection 1 issimple: False, MIDPOINT\nTYPICAL QUARTER ", "CSE_META": "OR 33 0330S 0240E 001 A SE|OR 33 0330S 0240E 012 A NE", "RCRD_ACRS": 20.66, "Created": 1610668800000, "Modified": 1728176227000, "Shape__Length": 0.04939993549645928, "Shape__Area": 0.00014684962623454404}}, {"type": "Feature", "id": 330321, "geometry": {"type": "Polygon", "coordinates": [[[-119.82515699780565, 42.724828786291006], [-119.82512116641682, 42.72852762657887], [-119.82508535702813, 42.73222644486667], [-119.82510915264807, 42.73591622914835], [-119.82513297226812, 42.73960598942993], [-119.83011319708426, 42.739517489971256], [-119.83509344590021, 42.73942899051255], [-119.83507090728261, 42.735752874231984], [-119.83504836866513, 42.732076779951385], [-119.83506957905338, 42.72839020966597], [-119.83509078844182, 42.724703638380504], [-119.83012388162378, 42.724766223835786], [-119.82515699780565, 42.724828786291006]]]}, "properties": {"OBJECTID": 330321, "ID": "799126731637129242", "CSE_NAME": "L-17", "STAGE_ID": null, "BLM_PROD": "Lode Claim", "CSE_TYPE_NR": "384101", "CSE_NR": "OR101364415", "LEG_CSE_NR": "ORMC156889", "SF_ID": "a02t00000058SQ6AAM", "CSE_DISP": "Active", "SRC": "LLD", "QLTY": "1: SIMPLE\nTYPICAL QUARTER SECTION WITH 4 STANDARD LEGALS ATTRIBUTED\nDOES NOT MATCH PM ANGLES\naliquot\n36 sections retrieved\n598 intersected features retrieved\n16 matching sections found\n4 alias QQs added\nsection 1 issimple: False, MIDPOINT\nTYPICAL QUARTER ", "CSE_META": "OR 33 0330S 0240E 001 A SE|OR 33 0330S 0240E 012 A NE", "RCRD_ACRS": 20.66, "Created": 1610668800000, "Modified": 1728176227000, "Shape__Length": 0.04939993549645928, "Shape__Area": 0.00014684962623454404}}, {"type": "Feature", "id": 330322, "geometry": {"type": "Polygon", "coordinates": [[[-119.82515699780565, 42.724828786291006], [-119.82512116641682, 42.72852762657887], [-119.82508535702813, 42.73222644486667], [-119.82510915264807, 42.73591622914835], [-119.82513297226812, 42.73960598942993], [-119.83011319708426, 42.739517489971256], [-119.83509344590021, 42.73942899051255], [-119.83507090728261, 42.735752874231984], [-119.83504836866513, 42.732076779951385], [-119.83506957905338, 42.72839020966597], [-119.83509078844182, 42.724703638380504], [-119.83012388162378, 42.724766223835786], [-119.82515699780565, 42.724828786291006]]]}, "properties": {"OBJECTID": 330322, "ID": "799126731637129243", "CSE_NAME": "L-18", "STAGE_ID": null, "BLM_PROD": "Lode Claim", "CSE_TYPE_NR": "384101", "CSE_NR": "OR101364416", "LEG_CSE_NR": "ORMC156890", "SF_ID": "a02t00000058SQ7AAM", "CSE_DISP": "Active", "SRC": "LLD", "QLTY": "1: SIMPLE\nTYPICAL QUARTER SECTION WITH 4 STANDARD LEGALS ATTRIBUTED\nDOES NOT MATCH PM ANGLES\naliquot\n36 sections retrieved\n598 intersected features retrieved\n16 matching sections found\n4 alias QQs added\nsection 1 issimple: False, MIDPOINT\nTYPICAL QUARTER ", "CSE_META": "OR 33 0330S 0240E 001 A SE|OR 33 0330S 0240E 012 A NE", "RCRD_ACRS": 20.66, "Created": 1610668800000, "Modified": 1728176227000, "Shape__Length": 0.04939993549645928, "Shape__Area": 0.00014684962623454404}}, {"type": "Feature", "id": 330323, "geometry": {"type": "Polygon", "coordinates": [[[-119.82515699780565, 42.724828786291006], [-119.82512116641682, 42.72852762657887], [-119.82508535702813, 42.73222644486667], [-119.82510915264807, 42.73591622914835], [-119.82513297226812, 42.73960598942993], [-119.83011319708426, 42.739517489971256], [-119.83509344590021, 42.73942899051255], [-119.83507090728261, 42.735752874231984], [-119.83504836866513, 42.732076779951385], [-119.83506957905338, 42.72839020966597], [-119.83509078844182, 42.724703638380504], [-119.83012388162378, 42.724766223835786], [-119.82515699780565, 42.724828786291006]]]}, "properties": {"OBJECTID": 330323, "ID": "799126731637129244", "CSE_NAME": "L-19", "STAGE_ID": null, "BLM_PROD": "Lode Claim", "CSE_TYPE_NR": "384101", "CSE_NR": "OR101364417", "LEG_CSE_NR": "ORMC156891", "SF_ID": "a02t00000058SQ8AAM", "CSE_DISP": "Active", "SRC": "LLD", "QLTY": "1: SIMPLE\nTYPICAL QUARTER SECTION WITH 4 STANDARD LEGALS ATTRIBUTED\nDOES NOT MATCH PM ANGLES\naliquot\n36 sections retrieved\n598 intersected features retrieved\n16 matching sections found\n4 alias QQs added\nsection 1 issimple: False, MIDPOINT\nTYPICAL QUARTER ", "CSE_META": "OR 33 0330S 0240E 001 A SE|OR 33 0330S 0240E 012 A NE", "RCRD_ACRS": 20.66, "Created": 1610668800000, "Modified": 1728176227000, "Shape__Length": 0.04939993549645928, "Shape__Area": 0.00014684962623454404}}, {"type": "Feature", "id": 330324, "geometry": {"type": "Polygon", "coordinates": [[[-119.82515699780565, 42.724828786291006], [-119.82009453596233, 42.72483662275071], [-119.8200919989619, 42.72483646975094], [-119.81511549913272, 42.72484401420276], [-119.81506045873952, 42.72853635949198], [-119.81500539534653, 42.732228727781205], [-119.81501009896293, 42.73591669506456], [-119.81501477957943, 42.739604663347905], [-119.82000275741196, 42.73960535289543], [-119.82001067441328, 42.739605314894696], [-119.82513297226812, 42.73960598942993], [-119.83011319708426, 42.739517489971256], [-119.83509344590021, 42.73942899051255], [-119.83507090728261, 42.735752874231984], [-119.83504836866513, 42.732076779951385], [-119.83506957905338, 42.72839020966597], [-119.83509078844182, 42.724703638380504], [-119.83012388162378, 42.724766223835786], [-119.82515699780565, 42.724828786291006]]]}, "properties": {"OBJECTID": 330324, "ID": "799126731637129245", "CSE_NAME": "L-20", "STAGE_ID": null, "BLM_PROD": "Lode Claim", "CSE_TYPE_NR": "384101", "CSE_NR": "OR101364418", "LEG_CSE_NR": "ORMC156892", "SF_ID": "a02t00000058SQ9AAM", "CSE_DISP": "Active", "SRC": "LLD", "QLTY": "1: SIMPLE\nTYPICAL QUARTER SECTION WITH 4 STANDARD LEGALS ATTRIBUTED\nDOES NOT MATCH PM ANGLES\naliquot\n36 sections retrieved\n598 intersected features retrieved\n16 matching sections found\n4 alias QQs added\nsection 1 issimple: False, MIDPOINT\nTYPICAL QUARTER ", "CSE_META": "OR 33 0330S 0240E 001 A SE|OR 33 0330S 0240E 012 A NE|OR 33 0330S 0250E 006 A SW|OR 33 0330S 0250E 007 A NW", "RCRD_ACRS": 20.66, "Created": 1610668800000, "Modified": 1728176227000, "Shape__Length": 0.06954341231673619, "Shape__Area": 0.00029571740602082707}}, {"type": "Feature", "id": 330326, "geometry": {"type": "Polygon", "coordinates": [[[-119.81522555791987, 42.7174610936243], [-119.81520485830124, 42.713770844342], [-119.81518418268283, 42.7100806180596], [-119.81021003385592, 42.71009998951186], [-119.805235886029, 42.71011936196412], [-119.80524906464505, 42.71380283524675], [-119.80526226726121, 42.71748633352943], [-119.80775308967591, 42.71748003530314], [-119.81024391209061, 42.717473713076885], [-119.81522555791987, 42.7174610936243]]]}, "properties": {"OBJECTID": 330326, "ID": "799126731981062228", "CSE_NAME": "WESTERN SUN #3", "STAGE_ID": null, "BLM_PROD": "Lode Claim", "CSE_TYPE_NR": "384101", "CSE_NR": "OR101366147", "LEG_CSE_NR": "ORMC156961", "SF_ID": "a02t00000058VaLAAU", "CSE_DISP": "Active", "SRC": "LLD", "QLTY": "1: SIMPLE\nTYPICAL QUARTER SECTION WITH 4 STANDARD LEGALS ATTRIBUTED\naliquot\n36 sections retrieved\n585 intersected features retrieved\n16 matching sections found\n4 alias QQs added\nsection 18 issimple: False", "CSE_META": "OR 33 0330S 0250E 018 A NE", "RCRD_ACRS": 20.66, "Created": 1610668800000, "Modified": 1728176511000, "Shape__Length": 0.03465930060757706, "Shape__Area": 7.341236609421601e-05}}, {"type": "Feature", "id": 330648, "geometry": {"type": "Polygon", "coordinates": [[[-119.80027696520077, 42.71011659141324], [-119.79531804437237, 42.71011382086239], [-119.79532682198733, 42.71379575814549], [-119.79533562360248, 42.717477672428494], [-119.80029894543195, 42.71748200297896], [-119.80526226726121, 42.71748633352943], [-119.80524906464505, 42.71380283524675], [-119.805235886029, 42.71011936196412], [-119.80027696520077, 42.71011659141324]]]}, "properties": {"OBJECTID": 330648, "ID": "799126760514912333", "CSE_NAME": "HOBO #1", "STAGE_ID": null, "BLM_PROD": "LODE CLAIM", "CSE_TYPE_NR": "384101", "CSE_NR": "OR101658907", "LEG_CSE_NR": "ORMC158342", "SF_ID": "a02t00000058bJ9AAI", "CSE_DISP": "Active", "SRC": "LLD", "QLTY": "1; MIDPOINT, TYPICAL QUARTER SECTION WITH 4 STANDARD LEGALS ATTRIBUTED, DOES NOT MATCH PM ANGLES, aliquot; MIDPOINT, TYPICAL QUARTER SECTION WITH 4 STANDARD LEGALS ATTRIBUTED, aliquot", "CSE_META": "OR 33 0330S 0250E 008 A SW | OR 33 0330S 0250E 017 A NW", "RCRD_ACRS": 320, "Created": 1610668800000, "Modified": 1745971200000, "Shape__Length": 0.034575377538845944, "Shape__Area": 7.308122715842152e-05}}, {"type": "Feature", "id": 330649, "geometry": {"type": "Polygon", "coordinates": [[[-119.80029894543195, 42.71748200297896], [-119.79533562360248, 42.717477672428494], [-119.79528267920786, 42.72116186871725], [-119.79522975681344, 42.72484606500597], [-119.80019668764382, 42.72485214155613], [-119.80268012905893, 42.72485521333116], [-119.805163594474, 42.724858218106206], [-119.80521293086754, 42.721172275817885], [-119.80523759856433, 42.71932930467363], [-119.80526226726121, 42.71748633352943], [-119.80029894543195, 42.71748200297896]]]}, "properties": {"OBJECTID": 330649, "ID": "799126760514912334", "CSE_NAME": "HOBO #2", "STAGE_ID": null, "BLM_PROD": "Lode Claim", "CSE_TYPE_NR": "384101", "CSE_NR": "OR101658908", "LEG_CSE_NR": "ORMC158343", "SF_ID": "a02t00000058bJAAAY", "CSE_DISP": "Active", "SRC": "LLD", "QLTY": "1; MIDPOINT, TYPICAL QUARTER SECTION WITH 4 STANDARD LEGALS ATTRIBUTED, DOES NOT MATCH PM ANGLES, aliquot; MIDPOINT, TYPICAL QUARTER SECTION WITH 4 STANDARD LEGALS ATTRIBUTED, DOES NOT MATCH PM ANGLES, aliquot", "CSE_META": "OR 33 0330S 0250E 008 A SE | OR 33 0330S 0250E 008 A SW", "RCRD_ACRS": 320, "Created": 1610668800000, "Modified": 1745971200000, "Shape__Length": 0.03460218607886204, "Shape__Area": 7.318841900343402e-05}}, {"type": "Feature", "id": 330690, "geometry": {"type": "Polygon", "coordinates": [[[-119.86487485992367, 42.70981355653509], [-119.86483967953103, 42.713491954820974], [-119.86482208983475, 42.71533115396392], [-119.86480450013858, 42.7171703301068], [-119.8697326869577, 42.71715901365905], [-119.8746608977768, 42.71714769821126], [-119.87468969816783, 42.71346701792595], [-119.87471847555898, 42.70978633764062], [-119.86979666774138, 42.709799958087885], [-119.86487485992367, 42.70981355653509]]]}, "properties": {"OBJECTID": 330690, "ID": "799126759483113603", "CSE_NAME": "KISS VICKI", "STAGE_ID": null, "BLM_PROD": "Lode Claim", "CSE_TYPE_NR": "384101", "CSE_NR": "OR101651844", "LEG_CSE_NR": "ORMC158986", "SF_ID": "a02t00000058XgiAAE", "CSE_DISP": "Active", "SRC": "LLD", "QLTY": "1: MIDPOINT\nTYPICAL QUARTER SECTION WITH 4 STANDARD LEGALS ATTRIBUTED\naliquot\n36 sections retrieved\n598 intersected features retrieved\n16 matching sections found\nsection 15 issimple: True", "CSE_META": "OR 33 0330S 0240E 015 A NE", "RCRD_ACRS": 20.66, "Created": 1610668800000, "Modified": 1728176696000, "Shape__Length": 0.03441876825508685, "Shape__Area": 7.248523422045802e-05}}, {"type": "Feature", "id": 330692, "geometry": {"type": "Polygon", "coordinates": [[[-119.85997025688343, 42.702474408415455], [-119.85499531705736, 42.70249201086768], [-119.85497676166692, 42.70616908215214], [-119.8549582052766, 42.709846130436524], [-119.8549396488864, 42.71352275972094], [-119.85492109349636, 42.71719938800525], [-119.85986280831753, 42.71718485955601], [-119.86233365372807, 42.71717761033139], [-119.86480450013858, 42.7171703301068], [-119.86482208983475, 42.71533115396392], [-119.86483967953103, 42.713491954820974], [-119.86487485992367, 42.70981355653509], [-119.86489244962009, 42.70797438039216], [-119.86491004031646, 42.70613518124918], [-119.86494519670943, 42.702456782963246], [-119.85997025688343, 42.702474408415455]]]}, "properties": {"OBJECTID": 330692, "ID": "799126759436976140", "CSE_NAME": "HOPE #1", "STAGE_ID": null, "BLM_PROD": "Lode Claim", "CSE_TYPE_NR": "384101", "CSE_NR": "OR101651130", "LEG_CSE_NR": "ORMC159185", "SF_ID": "a02t00000058cFlAAI", "CSE_DISP": "Active", "SRC": "LLD", "QLTY": "1: MIDPOINT\nFULLY ATTRIBUTED QUARTER SECTION ALL BUCKETS ARE EQUAL\naliquot\n36 sections retrieved\n598 intersected features retrieved\n25 matching sections found\nsection 14 issimple: False, MIDPOINT\nFULLY ATTRIBUTED QUARTER SECTION ALL BUCKETS ARE EQUAL\naliq", "CSE_META": "OR 33 0330S 0240E 014 A NW|OR 33 0330S 0240E 014 A SW", "RCRD_ACRS": 20.66, "Created": 1610668800000, "Modified": 1728177100000, "Shape__Length": 0.04925517008090327, "Shape__Area": 0.00014587500867739903}}, {"type": "Feature", "id": 330693, "geometry": {"type": "Polygon", "coordinates": [[[-119.82521545934974, 42.71004066314742], [-119.82521875665823, 42.71188826728937], [-119.82522204896671, 42.71373587143129], [-119.82522863858387, 42.71743110371519], [-119.8301809244015, 42.71738041626233], [-119.83513320921904, 42.717329751809416], [-119.83512631660352, 42.71364476452654], [-119.83511944798816, 42.709959753243545], [-119.83511602068106, 42.708120298102315], [-119.83511257837401, 42.70628081896102], [-119.83510570976, 42.70260188567844], [-119.83013586893739, 42.70263923213162], [-119.82516600511465, 42.7026765555848], [-119.82519073173214, 42.70635860886611], [-119.82521545934974, 42.71004066314742]]]}, "properties": {"OBJECTID": 330693, "ID": "799126759436976141", "CSE_NAME": "FISHERS PRICE", "STAGE_ID": null, "BLM_PROD": "Lode Claim", "CSE_TYPE_NR": "384101", "CSE_NR": "OR101651131", "LEG_CSE_NR": "ORMC159188", "SF_ID": "a02t00000058cFmAAI", "CSE_DISP": "Active", "SRC": "LLD", "QLTY": "1: MIDPOINT\nFULLY ATTRIBUTED QUARTER SECTION ALL BUCKETS ARE EQUAL\naliquot\n36 sections retrieved\n598 intersected features retrieved\n22 matching sections found\nsection 13 issimple: False, MIDPOINT\nFULLY ATTRIBUTED QUARTER SECTION ALL BUCKETS ARE EQUAL\naliq", "CSE_META": "OR 33 0330S 0240E 013 A NE|OR 33 0330S 0240E 013 A SE", "RCRD_ACRS": 20.66, "Created": 1610668800000, "Modified": 1728177100000, "Shape__Length": 0.04932768646067225, "Shape__Area": 0.00014613384814954255}}, {"type": "Feature", "id": 330694, "geometry": {"type": "Polygon", "coordinates": [[[-119.83016744216903, 42.71000019669547], [-119.83264347957864, 42.709980014469515], [-119.83511944798816, 42.709959753243545], [-119.83511602068106, 42.708120298102315], [-119.83511257837401, 42.70628081896102], [-119.83510570976, 42.70260188567844], [-119.83013586893739, 42.70263923213162], [-119.82516600511465, 42.7026765555848], [-119.82519073173214, 42.70635860886611], [-119.82521545934974, 42.71004066314742], [-119.82769147375943, 42.710020473921475], [-119.83016744216903, 42.71000019669547]]]}, "properties": {"OBJECTID": 330694, "ID": "799126759436976142", "CSE_NAME": "GROGANS HEROES", "STAGE_ID": null, "BLM_PROD": "Lode Claim", "CSE_TYPE_NR": "384101", "CSE_NR": "OR101651132", "LEG_CSE_NR": "ORMC159189", "SF_ID": "a02t00000058cFnAAI", "CSE_DISP": "Active", "SRC": "LLD", "QLTY": "1: MIDPOINT\nFULLY ATTRIBUTED QUARTER SECTION ALL BUCKETS ARE EQUAL\naliquot\n36 sections retrieved\n598 intersected features retrieved\n22 matching sections found\nsection 13 issimple: False", "CSE_META": "OR 33 0330S 0240E 013 A SE", "RCRD_ACRS": 20.66, "Created": 1610668800000, "Modified": 1728177100000, "Shape__Length": 0.03456645381261795, "Shape__Area": 7.303713646480202e-05}}, {"type": "Feature", "id": 330737, "geometry": {"type": "Polygon", "coordinates": [[[-119.81024391209061, 42.717473713076885], [-119.80775308967591, 42.71748003530314], [-119.80526226726121, 42.71748633352943], [-119.80523759856433, 42.71932930467363], [-119.80521293086754, 42.721172275817885], [-119.805163594474, 42.724858218106206], [-119.80765157688876, 42.724854699880396], [-119.81013955830342, 42.72485111565451], [-119.81511549913272, 42.72484401420276], [-119.81517051652621, 42.721152553913576], [-119.81522555791987, 42.7174610936243], [-119.81024391209061, 42.717473713076885]]]}, "properties": {"OBJECTID": 330737, "ID": "799126733314850858", "CSE_NAME": "DIAMOND RING", "STAGE_ID": null, "BLM_PROD": "Lode Claim", "CSE_TYPE_NR": "384101", "CSE_NR": "OR101436607", "LEG_CSE_NR": "ORMC159782", "SF_ID": "a02t00000058b95AAA", "CSE_DISP": "Active", "SRC": "LLD", "QLTY": "1: SIMPLE\nFULLY ATTRIBUTED QUARTER SECTION ALL BUCKETS ARE EQUAL\nDOES NOT MATCH PM ANGLES\naliquot\n36 sections retrieved\n585 intersected features retrieved\n22 matching sections found\nsection 7 issimple: False", "CSE_META": "OR 33 0330S 0250E 007 A SE", "RCRD_ACRS": 14.33, "Created": 1610668800000, "Modified": 1728177001000, "Shape__Length": 0.03467151876588009, "Shape__Area": 7.345913935407502e-05}}, {"type": "Feature", "id": 330770, "geometry": {"type": "Polygon", "coordinates": [[[-119.80027696520077, 42.71011659141324], [-119.79531804437237, 42.71011382086239], [-119.79532682198733, 42.71379575814549], [-119.79533562360248, 42.717477672428494], [-119.80029894543195, 42.71748200297896], [-119.80526226726121, 42.71748633352943], [-119.80524906464505, 42.71380283524675], [-119.805235886029, 42.71011936196412], [-119.80027696520077, 42.71011659141324]]]}, "properties": {"OBJECTID": 330770, "ID": "799126718278271092", "CSE_NAME": "HOBO #3", "STAGE_ID": null, "BLM_PROD": "LODE CLAIM", "CSE_TYPE_NR": "384101", "CSE_NR": "OR101358695", "LEG_CSE_NR": "ORMC161026", "SF_ID": "a02t00000058lfgAAA", "CSE_DISP": "Active", "SRC": "LLD", "QLTY": "1; MIDPOINT, TYPICAL QUARTER SECTION WITH 4 STANDARD LEGALS ATTRIBUTED, DOES NOT MATCH PM ANGLES, aliquot; MIDPOINT, TYPICAL QUARTER SECTION WITH 4 STANDARD LEGALS ATTRIBUTED, aliquot", "CSE_META": "OR 33 0330S 0250E 008 A SW | OR 33 0330S 0250E 017 A NW", "RCRD_ACRS": 320, "Created": 1610668800000, "Modified": 1745971200000, "Shape__Length": 0.034575377538845944, "Shape__Area": 7.308122715842152e-05}}, {"type": "Feature", "id": 330771, "geometry": {"type": "Polygon", "coordinates": [[[-119.78540865494332, 42.7174692913276], [-119.78535228754768, 42.72115115961663], [-119.78529589615219, 42.724833026905586], [-119.79026282698291, 42.724839546455776], [-119.79522975681344, 42.72484606500597], [-119.80019668764382, 42.72485214155613], [-119.80268012905893, 42.72485521333116], [-119.805163594474, 42.724858218106206], [-119.80521293086754, 42.721172275817885], [-119.80523759856433, 42.71932930467363], [-119.80526226726121, 42.71748633352943], [-119.80524906464505, 42.71380283524675], [-119.805235886029, 42.71011936196412], [-119.80027696520077, 42.71011659141324], [-119.79531804437237, 42.71011382086239], [-119.79035912254382, 42.71011063131146], [-119.78540020171508, 42.71010744276053], [-119.78540444032915, 42.71378835504408], [-119.78540865494332, 42.7174692913276]]]}, "properties": {"OBJECTID": 330771, "ID": "799126718278271093", "CSE_NAME": "HOBO #4", "STAGE_ID": null, "BLM_PROD": "Lode Claim", "CSE_TYPE_NR": "384101", "CSE_NR": "OR101358696", "LEG_CSE_NR": "ORMC161027", "SF_ID": "a02t00000058lfhAAA", "CSE_DISP": "Active", "SRC": "LLD", "QLTY": "1: MIDPOINT\nTYPICAL QUARTER SECTION WITH 4 STANDARD LEGALS ATTRIBUTED\nDOES NOT MATCH PM ANGLES\naliquot\n36 sections retrieved\n585 intersected features retrieved\n19 matching sections found\nsection 8 issimple: False, MIDPOINT\nTYPICAL QUARTER SECTION WITH 4 S", "CSE_META": "OR 33 0330S 0250E 008 A SW|OR 33 0330S 0250E 008 A SE|OR 33 0330S 0250E 017 A NW|OR 33 0330S 0250E 017 A NE", "RCRD_ACRS": 20.66, "Created": 1610668800000, "Modified": 1728177922000, "Shape__Length": 0.06916940932071353, "Shape__Area": 0.0002924757726970036}}, {"type": "Feature", "id": 330778, "geometry": {"type": "Polygon", "coordinates": [[[-119.87471847555898, 42.70978633764062], [-119.86979666774138, 42.709799958087885], [-119.86487485992367, 42.70981355653509], [-119.86483967953103, 42.713491954820974], [-119.86482208983475, 42.71533115396392], [-119.86480450013858, 42.7171703301068], [-119.8697326869577, 42.71715901365905], [-119.8746608977768, 42.71714769821126], [-119.87468969816783, 42.71346701792595], [-119.87471847555898, 42.70978633764062]]]}, "properties": {"OBJECTID": 330778, "ID": "799126733818167299", "CSE_NAME": "DE 2", "STAGE_ID": null, "BLM_PROD": "Lode Claim", "CSE_TYPE_NR": "384101", "CSE_NR": "OR101370917", "LEG_CSE_NR": "ORMC161192", "SF_ID": "a02t00000058mcEAAQ", "CSE_DISP": "Active", "SRC": "LLD", "QLTY": "1: MIDPOINT\nTYPICAL QUARTER SECTION WITH 4 STANDARD LEGALS ATTRIBUTED\naliquot\n36 sections retrieved\n598 intersected features retrieved\n16 matching sections found\nsection 15 issimple: True", "CSE_META": "OR 33 0330S 0240E 015 A NE", "RCRD_ACRS": 18.04, "Created": 1610668800000, "Modified": 1728178004000, "Shape__Length": 0.03441876825508684, "Shape__Area": 7.248523422045802e-05}}, {"type": "Feature", "id": 330779, "geometry": {"type": "Polygon", "coordinates": [[[-119.87471847555898, 42.70978633764062], [-119.86979666774138, 42.709799958087885], [-119.86487485992367, 42.70981355653509], [-119.86483967953103, 42.713491954820974], [-119.86482208983475, 42.71533115396392], [-119.86480450013858, 42.7171703301068], [-119.8697326869577, 42.71715901365905], [-119.8746608977768, 42.71714769821126], [-119.87468969816783, 42.71346701792595], [-119.87471847555898, 42.70978633764062]]]}, "properties": {"OBJECTID": 330779, "ID": "799126733818167300", "CSE_NAME": "JBC 2", "STAGE_ID": null, "BLM_PROD": "Lode Claim", "CSE_TYPE_NR": "384101", "CSE_NR": "OR101370918", "LEG_CSE_NR": "ORMC161194", "SF_ID": "a02t00000058mcFAAQ", "CSE_DISP": "Active", "SRC": "LLD", "QLTY": "1: MIDPOINT\nTYPICAL QUARTER SECTION WITH 4 STANDARD LEGALS ATTRIBUTED\naliquot\n36 sections retrieved\n598 intersected features retrieved\n16 matching sections found\nsection 15 issimple: True", "CSE_META": "OR 33 0330S 0240E 015 A NE", "RCRD_ACRS": 18.04, "Created": 1610668800000, "Modified": 1728178004000, "Shape__Length": 0.03441876825508684, "Shape__Area": 7.248523422045802e-05}}, {"type": "Feature", "id": 330780, "geometry": {"type": "Polygon", "coordinates": [[[-119.87511597161505, 42.75763329427633], [-119.8751049119996, 42.75396476799607], [-119.8701239651724, 42.75398129944975], [-119.86514301834511, 42.75399783090332], [-119.8651384559602, 42.75768025718623], [-119.8651338695755, 42.76136266046908], [-119.87013043940314, 42.761332229012815], [-119.87512703223064, 42.761301821556586], [-119.87511597161505, 42.75763329427633]]]}, "properties": {"OBJECTID": 330780, "ID": "799126734392787045", "CSE_NAME": "DOUBLE EAGLE #8", "STAGE_ID": null, "BLM_PROD": "Lode Claim", "CSE_TYPE_NR": "384101", "CSE_NR": "OR101371496", "LEG_CSE_NR": "ORMC161211", "SF_ID": "a02t00000058n5mAAA", "CSE_DISP": "Active", "SRC": "LLD", "QLTY": "1: MIDPOINT\nTYPICAL QUARTER SECTION WITH 4 STANDARD LEGALS ATTRIBUTED\naliquot\n36 sections retrieved\n576 intersected features retrieved\n16 matching sections found\nsection 34 issimple: True", "CSE_META": "OR 33 0320S 0240E 034 A NE", "RCRD_ACRS": 20.66, "Created": 1610668800000, "Modified": 1728178046000, "Shape__Length": 0.03465721407674895, "Shape__Area": 7.334440669560702e-05}}, {"type": "Feature", "id": 330781, "geometry": {"type": "Polygon", "coordinates": [[[-119.87511597161505, 42.75763329427633], [-119.8751049119996, 42.75396476799607], [-119.8701239651724, 42.75398129944975], [-119.86514301834511, 42.75399783090332], [-119.8651384559602, 42.75768025718623], [-119.8651338695755, 42.76136266046908], [-119.87013043940314, 42.761332229012815], [-119.87512703223064, 42.761301821556586], [-119.87511597161505, 42.75763329427633]]]}, "properties": {"OBJECTID": 330781, "ID": "799126734392787046", "CSE_NAME": "DOUBLE EAGLE #9", "STAGE_ID": null, "BLM_PROD": "Lode Claim", "CSE_TYPE_NR": "384101", "CSE_NR": "OR101371497", "LEG_CSE_NR": "ORMC161212", "SF_ID": "a02t00000058n5nAAA", "CSE_DISP": "Active", "SRC": "LLD", "QLTY": "1: MIDPOINT\nTYPICAL QUARTER SECTION WITH 4 STANDARD LEGALS ATTRIBUTED\naliquot\n36 sections retrieved\n576 intersected features retrieved\n16 matching sections found\nsection 34 issimple: True", "CSE_META": "OR 33 0320S 0240E 034 A NE", "RCRD_ACRS": 20.66, "Created": 1610668800000, "Modified": 1728178046000, "Shape__Length": 0.03465721407674895, "Shape__Area": 7.334440669560702e-05}}, {"type": "Feature", "id": 330782, "geometry": {"type": "Polygon", "coordinates": [[[-119.82515699780565, 42.724828786291006], [-119.82512116641682, 42.72852762657887], [-119.82508535702813, 42.73222644486667], [-119.8300668628467, 42.73215161240903], [-119.83504836866513, 42.732076779951385], [-119.83506957905338, 42.72839020966597], [-119.83509078844182, 42.724703638380504], [-119.83012388162378, 42.724766223835786], [-119.82515699780565, 42.724828786291006]]]}, "properties": {"OBJECTID": 330782, "ID": "801974245088297053", "CSE_NAME": "DOUBLE EAGLE #14", "STAGE_ID": null, "BLM_PROD": "LODE CLAIM", "CSE_TYPE_NR": "384101", "CSE_NR": "OR101371498", "LEG_CSE_NR": "ORMC161214", "SF_ID": "a02t00000058n5oAAA", "CSE_DISP": "Active", "SRC": "LLD", "QLTY": "1: MIDPOINT\nTYPICAL QUARTER SECTION WITH 4 STANDARD LEGALS ATTRIBUTED\nDOES NOT MATCH PM ANGLES\naliquot\n36 sections retrieved\n598 intersected features retrieved\n16 matching sections found\nsection 12 issimple: True", "CSE_META": "OR 33 0330S 0240E 012 A NE", "RCRD_ACRS": 11.23, "Created": 1611360000000, "Modified": 1777405611000, "Shape__Length": 0.03466997926708839, "Shape__Area": 7.346505399861401e-05}}, {"type": "Feature", "id": 330783, "geometry": {"type": "Polygon", "coordinates": [[[-119.82521875665823, 42.71188826728937], [-119.82521545934974, 42.71004066314742], [-119.8201692045113, 42.710060872606284], [-119.82016666551085, 42.71006075660653], [-119.81518418268283, 42.7100806180596], [-119.81520485830124, 42.713770844342], [-119.81522555791987, 42.7174610936243], [-119.82020717974859, 42.71744588917151], [-119.82522863858387, 42.71743110371519], [-119.82522204896671, 42.71373587143129], [-119.82521875665823, 42.71188826728937]]]}, "properties": {"OBJECTID": 330783, "ID": "801974245088297054", "CSE_NAME": "DOUBLE EAGLE #16", "STAGE_ID": null, "BLM_PROD": "Lode Claim", "CSE_TYPE_NR": "384101", "CSE_NR": "OR101371499", "LEG_CSE_NR": "ORMC161216", "SF_ID": "a02t00000058n5pAAA", "CSE_DISP": "Active", "SRC": "LLD", "QLTY": "1: SIMPLE\nTYPICAL QUARTER SECTION WITH 4 STANDARD LEGALS ATTRIBUTED\naliquot\n36 sections retrieved\n585 intersected features retrieved\n16 matching sections found\n4 alias QQs added\nsection 18 issimple: False", "CSE_META": "OR 33 0330S 0250E 018 A NW", "RCRD_ACRS": 20.66, "Created": 1611360000000, "Modified": 1728178046000, "Shape__Length": 0.034805524383103595, "Shape__Area": 7.398085333408152e-05}}, {"type": "Feature", "id": 330784, "geometry": {"type": "Polygon", "coordinates": [[[-119.85002035423118, 42.70250961331982], [-119.85499531705736, 42.70249201086768], [-119.85494418743633, 42.69881435758941], [-119.85489305681536, 42.695136704311096], [-119.84992598699078, 42.695155889762546], [-119.84495891716601, 42.695175075214046], [-119.84500215378532, 42.69885116849304], [-119.84502377709504, 42.700689203632514], [-119.84504539140481, 42.70252723877201], [-119.84753288481798, 42.70251844854592], [-119.85002035423118, 42.70250961331982]]]}, "properties": {"OBJECTID": 330784, "ID": "799126734619279379", "CSE_NAME": "ACES REDS #2", "STAGE_ID": null, "BLM_PROD": "Lode Claim", "CSE_TYPE_NR": "384101", "CSE_NR": "OR101374919", "LEG_CSE_NR": "ORMC161235", "SF_ID": "a02t00000058n7MAAQ", "CSE_DISP": "Active", "SRC": "LLD", "QLTY": "1: MIDPOINT\nFULLY ATTRIBUTED QUARTER SECTION ALL BUCKETS ARE EQUAL\nDOES NOT MATCH PM ANGLES\naliquot\n36 sections retrieved\n598 intersected features retrieved\n19 matching sections found\nsection 23 issimple: False", "CSE_META": "OR 33 0330S 0240E 023 A NE", "RCRD_ACRS": 17.91, "Created": 1610668800000, "Modified": 1728178048000, "Shape__Length": 0.034592886778106395, "Shape__Area": 7.311452365695952e-05}}, {"type": "Feature", "id": 330785, "geometry": {"type": "Polygon", "coordinates": [[[-119.83504836866513, 42.732076779951385], [-119.83506957905338, 42.72839020966597], [-119.83509078844182, 42.724703638380504], [-119.83012388162378, 42.724766223835786], [-119.82515699780565, 42.724828786291006], [-119.82512116641682, 42.72852762657887], [-119.82508535702813, 42.73222644486667], [-119.8300668628467, 42.73215161240903], [-119.83504836866513, 42.732076779951385]]]}, "properties": {"OBJECTID": 330785, "ID": "799126734619279380", "CSE_NAME": "ACES REDS #3", "STAGE_ID": null, "BLM_PROD": "Lode Claim", "CSE_TYPE_NR": "384101", "CSE_NR": "OR101374920", "LEG_CSE_NR": "ORMC161236", "SF_ID": "a02t00000058n7NAAQ", "CSE_DISP": "Active", "SRC": "LLD", "QLTY": "1: MIDPOINT\nTYPICAL QUARTER SECTION WITH 4 STANDARD LEGALS ATTRIBUTED\nDOES NOT MATCH PM ANGLES\naliquot\n36 sections retrieved\n598 intersected features retrieved\n16 matching sections found\nsection 12 issimple: True", "CSE_META": "OR 33 0330S 0240E 012 A NE", "RCRD_ACRS": 20.66, "Created": 1610668800000, "Modified": 1728178048000, "Shape__Length": 0.03466997926708838, "Shape__Area": 7.346505399861401e-05}}, {"type": "Feature", "id": 330786, "geometry": {"type": "Polygon", "coordinates": [[[-119.83504836866513, 42.732076779951385], [-119.83506957905338, 42.72839020966597], [-119.83509078844182, 42.724703638380504], [-119.83012388162378, 42.724766223835786], [-119.82515699780565, 42.724828786291006], [-119.82512116641682, 42.72852762657887], [-119.82508535702813, 42.73222644486667], [-119.8300668628467, 42.73215161240903], [-119.83504836866513, 42.732076779951385]]]}, "properties": {"OBJECTID": 330786, "ID": "799126734619279381", "CSE_NAME": "ACES REDS #4", "STAGE_ID": null, "BLM_PROD": "Lode Claim", "CSE_TYPE_NR": "384101", "CSE_NR": "OR101374921", "LEG_CSE_NR": "ORMC161237", "SF_ID": "a02t00000058n7OAAQ", "CSE_DISP": "Active", "SRC": "LLD", "QLTY": "1: MIDPOINT\nTYPICAL QUARTER SECTION WITH 4 STANDARD LEGALS ATTRIBUTED\nDOES NOT MATCH PM ANGLES\naliquot\n36 sections retrieved\n598 intersected features retrieved\n16 matching sections found\nsection 12 issimple: True", "CSE_META": "OR 33 0330S 0240E 012 A NE", "RCRD_ACRS": 20.66, "Created": 1610668800000, "Modified": 1728178048000, "Shape__Length": 0.03466997926708838, "Shape__Area": 7.346505399861401e-05}}, {"type": "Feature", "id": 330787, "geometry": {"type": "Polygon", "coordinates": [[[-119.82522863858387, 42.71743110371519], [-119.8251928071947, 42.721129945003106], [-119.82515699780565, 42.724828786291006], [-119.83012388162378, 42.724766223835786], [-119.83509078844182, 42.724703638380504], [-119.83511199883036, 42.72101669509499], [-119.83513320921904, 42.717329751809416], [-119.8301809244015, 42.71738041626233], [-119.82522863858387, 42.71743110371519]]]}, "properties": {"OBJECTID": 330787, "ID": "799126734619279382", "CSE_NAME": "JACK REDS #1", "STAGE_ID": null, "BLM_PROD": "Lode Claim", "CSE_TYPE_NR": "384101", "CSE_NR": "OR101374922", "LEG_CSE_NR": "ORMC161238", "SF_ID": "a02t00000058n7PAAQ", "CSE_DISP": "Active", "SRC": "LLD", "QLTY": "1: MIDPOINT\nTYPICAL QUARTER SECTION WITH 4 STANDARD LEGALS ATTRIBUTED\nDOES NOT MATCH PM ANGLES\naliquot\n36 sections retrieved\n598 intersected features retrieved\n16 matching sections found\nsection 12 issimple: True", "CSE_META": "OR 33 0330S 0240E 012 A SE", "RCRD_ACRS": 20.66, "Created": 1610668800000, "Modified": 1728178048000, "Shape__Length": 0.034611701735305, "Shape__Area": 7.325460874724452e-05}}, {"type": "Feature", "id": 330788, "geometry": {"type": "Polygon", "coordinates": [[[-119.83509078844182, 42.724703638380504], [-119.83511199883036, 42.72101669509499], [-119.83513320921904, 42.717329751809416], [-119.8301809244015, 42.71738041626233], [-119.82522863858387, 42.71743110371519], [-119.8251928071947, 42.721129945003106], [-119.82515699780565, 42.724828786291006], [-119.83012388162378, 42.724766223835786], [-119.83509078844182, 42.724703638380504]]]}, "properties": {"OBJECTID": 330788, "ID": "799126734619279383", "CSE_NAME": "JACKS REDS #2", "STAGE_ID": null, "BLM_PROD": "Lode Claim", "CSE_TYPE_NR": "384101", "CSE_NR": "OR101374923", "LEG_CSE_NR": "ORMC161239", "SF_ID": "a02t00000058n7QAAQ", "CSE_DISP": "Active", "SRC": "LLD", "QLTY": "1: MIDPOINT\nTYPICAL QUARTER SECTION WITH 4 STANDARD LEGALS ATTRIBUTED\nDOES NOT MATCH PM ANGLES\naliquot\n36 sections retrieved\n598 intersected features retrieved\n16 matching sections found\nsection 12 issimple: True", "CSE_META": "OR 33 0330S 0240E 012 A SE", "RCRD_ACRS": 20.66, "Created": 1610668800000, "Modified": 1728178048000, "Shape__Length": 0.034611701735305, "Shape__Area": 7.325460874724452e-05}}, {"type": "Feature", "id": 330789, "geometry": {"type": "Polygon", "coordinates": [[[-119.83509078844182, 42.724703638380504], [-119.83511199883036, 42.72101669509499], [-119.83513320921904, 42.717329751809416], [-119.8301809244015, 42.71738041626233], [-119.82522863858387, 42.71743110371519], [-119.8251928071947, 42.721129945003106], [-119.82515699780565, 42.724828786291006], [-119.83012388162378, 42.724766223835786], [-119.83509078844182, 42.724703638380504]]]}, "properties": {"OBJECTID": 330789, "ID": "799126734833188867", "CSE_NAME": "JACKS REDS #3", "STAGE_ID": null, "BLM_PROD": "Lode Claim", "CSE_TYPE_NR": "384101", "CSE_NR": "OR101375560", "LEG_CSE_NR": "ORMC161240", "SF_ID": "a02t00000058n7RAAQ", "CSE_DISP": "Active", "SRC": "LLD", "QLTY": "1: MIDPOINT\nTYPICAL QUARTER SECTION WITH 4 STANDARD LEGALS ATTRIBUTED\nDOES NOT MATCH PM ANGLES\naliquot\n36 sections retrieved\n598 intersected features retrieved\n16 matching sections found\nsection 12 issimple: True", "CSE_META": "OR 33 0330S 0240E 012 A SE", "RCRD_ACRS": 20.66, "Created": 1610668800000, "Modified": 1728178048000, "Shape__Length": 0.034611701735305, "Shape__Area": 7.325460874724452e-05}}, {"type": "Feature", "id": 330790, "geometry": {"type": "Polygon", "coordinates": [[[-119.83264463411587, 42.71920007517895], [-119.83263220142148, 42.72104506532202], [-119.83511199883036, 42.72101669509499], [-119.83512260352468, 42.719173222952186], [-119.83513320921904, 42.717329751809416], [-119.83265706681024, 42.71735508403588], [-119.83264463411587, 42.71920007517895]]]}, "properties": {"OBJECTID": 330790, "ID": "799126734833188868", "CSE_NAME": "JACKS REDS #4", "STAGE_ID": null, "BLM_PROD": "LODE CLAIM", "CSE_TYPE_NR": "384101", "CSE_NR": "OR101375561", "LEG_CSE_NR": "ORMC161241", "SF_ID": "a02t00000058n7SAAQ", "CSE_DISP": "Active", "SRC": "LLD/CLS", "QLTY": "4.1; 1 intersecting parts, aliquot", "CSE_META": "OR 33 0330S 0240E 012 A W2SWSE", "RCRD_ACRS": 12.4, "Created": 1610668800000, "Modified": 1780083809000, "Shape__Length": 0.012333299648146183, "Shape__Area": 9.139276797890503e-06}}, {"type": "Feature", "id": 330791, "geometry": {"type": "Polygon", "coordinates": [[[-119.82515699780565, 42.724828786291006], [-119.82512116641682, 42.72852762657887], [-119.82508535702813, 42.73222644486667], [-119.8300668628467, 42.73215161240903], [-119.83504836866513, 42.732076779951385], [-119.83506957905338, 42.72839020966597], [-119.83509078844182, 42.724703638380504], [-119.83511199883036, 42.72101669509499], [-119.83513320921904, 42.717329751809416], [-119.8301809244015, 42.71738041626233], [-119.82522863858387, 42.71743110371519], [-119.8251928071947, 42.721129945003106], [-119.82515699780565, 42.724828786291006]]]}, "properties": {"OBJECTID": 330791, "ID": "799126734833188869", "CSE_NAME": "JACKS REDS #5", "STAGE_ID": null, "BLM_PROD": "LODE CLAIM", "CSE_TYPE_NR": "384101", "CSE_NR": "OR101375562", "LEG_CSE_NR": "ORMC161242", "SF_ID": "a02t00000058nXHAAY", "CSE_DISP": "Active", "SRC": "LLD", "QLTY": "1: MIDPOINT\nTYPICAL QUARTER SECTION WITH 4 STANDARD LEGALS ATTRIBUTED\nDOES NOT MATCH PM ANGLES\naliquot\n36 sections retrieved\n598 intersected features retrieved\n16 matching sections found\nsection 12 issimple: True, MIDPOINT\nTYPICAL QUARTER SECTION WITH 4 S", "CSE_META": "OR 33 0330S 0240E 012 A NE|OR 33 0330S 0240E 012 A SE", "RCRD_ACRS": 12.4, "Created": 1610668800000, "Modified": 1758909155000, "Shape__Length": 0.04941252644879995, "Shape__Area": 0.00014671966274585853}}, {"type": "Feature", "id": 330792, "geometry": {"type": "Polygon", "coordinates": [[[-119.82515699780565, 42.724828786291006], [-119.82512116641682, 42.72852762657887], [-119.82508535702813, 42.73222644486667], [-119.8300668628467, 42.73215161240903], [-119.83504836866513, 42.732076779951385], [-119.83506957905338, 42.72839020966597], [-119.83509078844182, 42.724703638380504], [-119.83511199883036, 42.72101669509499], [-119.83513320921904, 42.717329751809416], [-119.8301809244015, 42.71738041626233], [-119.82522863858387, 42.71743110371519], [-119.8251928071947, 42.721129945003106], [-119.82515699780565, 42.724828786291006]]]}, "properties": {"OBJECTID": 330792, "ID": "799126734833188870", "CSE_NAME": "JACKS REDS #6", "STAGE_ID": null, "BLM_PROD": "Lode Claim", "CSE_TYPE_NR": "384101", "CSE_NR": "OR101375563", "LEG_CSE_NR": "ORMC161243", "SF_ID": "a02t00000058nXIAAY", "CSE_DISP": "Active", "SRC": "LLD", "QLTY": "1: MIDPOINT\nTYPICAL QUARTER SECTION WITH 4 STANDARD LEGALS ATTRIBUTED\nDOES NOT MATCH PM ANGLES\naliquot\n36 sections retrieved\n598 intersected features retrieved\n16 matching sections found\nsection 12 issimple: True, MIDPOINT\nTYPICAL QUARTER SECTION WITH 4 S", "CSE_META": "OR 33 0330S 0240E 012 A NE|OR 33 0330S 0240E 012 A SE", "RCRD_ACRS": 20.66, "Created": 1610668800000, "Modified": 1728178085000, "Shape__Length": 0.04941252644879995, "Shape__Area": 0.00014671966274585853}}, {"type": "Feature", "id": 330793, "geometry": {"type": "Polygon", "coordinates": [[[-119.82515699780565, 42.724828786291006], [-119.82512116641682, 42.72852762657887], [-119.82508535702813, 42.73222644486667], [-119.8300668628467, 42.73215161240903], [-119.83504836866513, 42.732076779951385], [-119.83506957905338, 42.72839020966597], [-119.83509078844182, 42.724703638380504], [-119.83511199883036, 42.72101669509499], [-119.83513320921904, 42.717329751809416], [-119.8301809244015, 42.71738041626233], [-119.82522863858387, 42.71743110371519], [-119.8251928071947, 42.721129945003106], [-119.82515699780565, 42.724828786291006]]]}, "properties": {"OBJECTID": 330793, "ID": "799126734833188871", "CSE_NAME": "JACKS REDS #7", "STAGE_ID": null, "BLM_PROD": "Lode Claim", "CSE_TYPE_NR": "384101", "CSE_NR": "OR101375601", "LEG_CSE_NR": "ORMC161244", "SF_ID": "a02t00000058nXJAAY", "CSE_DISP": "Active", "SRC": "LLD", "QLTY": "1: MIDPOINT\nTYPICAL QUARTER SECTION WITH 4 STANDARD LEGALS ATTRIBUTED\nDOES NOT MATCH PM ANGLES\naliquot\n36 sections retrieved\n598 intersected features retrieved\n16 matching sections found\nsection 12 issimple: True, MIDPOINT\nTYPICAL QUARTER SECTION WITH 4 S", "CSE_META": "OR 33 0330S 0240E 012 A NE|OR 33 0330S 0240E 012 A SE", "RCRD_ACRS": 20.66, "Created": 1610668800000, "Modified": 1728178085000, "Shape__Length": 0.04941252644879995, "Shape__Area": 0.00014671966274585853}}, {"type": "Feature", "id": 330794, "geometry": {"type": "Polygon", "coordinates": [[[-119.82522863858387, 42.71743110371519], [-119.8251928071947, 42.721129945003106], [-119.82515699780565, 42.724828786291006], [-119.82512116641682, 42.72852762657887], [-119.82508535702813, 42.73222644486667], [-119.8300668628467, 42.73215161240903], [-119.83504836866513, 42.732076779951385], [-119.83506957905338, 42.72839020966597], [-119.83509078844182, 42.724703638380504], [-119.83511199883036, 42.72101669509499], [-119.83513320921904, 42.717329751809416], [-119.8301809244015, 42.71738041626233], [-119.82522863858387, 42.71743110371519]]]}, "properties": {"OBJECTID": 330794, "ID": "799126734833188872", "CSE_NAME": "JACKS REDS #8", "STAGE_ID": null, "BLM_PROD": "LODE CLAIM", "CSE_TYPE_NR": "384101", "CSE_NR": "OR101375602", "LEG_CSE_NR": "ORMC161245", "SF_ID": "a02t00000058nXKAAY", "CSE_DISP": "Active", "SRC": "LLD", "QLTY": "1: MIDPOINT\nTYPICAL QUARTER SECTION WITH 4 STANDARD LEGALS ATTRIBUTED\nDOES NOT MATCH PM ANGLES\naliquot\n36 sections retrieved\n598 intersected features retrieved\n16 matching sections found\nsection 12 issimple: True, MIDPOINT\nTYPICAL QUARTER SECTION WITH 4 S", "CSE_META": "OR 33 0330S 0240E 012 A NE|OR 33 0330S 0240E 012 A SE", "RCRD_ACRS": 20.66, "Created": 1610668800000, "Modified": 1766175054000, "Shape__Length": 0.04941252644879995, "Shape__Area": 0.00014671966274585853}}, {"type": "Feature", "id": 330795, "geometry": {"type": "Polygon", "coordinates": [[[-119.85002035423118, 42.70250961331982], [-119.85499531705736, 42.70249201086768], [-119.85494418743633, 42.69881435758941], [-119.85489305681536, 42.695136704311096], [-119.84992598699078, 42.695155889762546], [-119.84495891716601, 42.695175075214046], [-119.84500215378532, 42.69885116849304], [-119.84502377709504, 42.700689203632514], [-119.84504539140481, 42.70252723877201], [-119.84753288481798, 42.70251844854592], [-119.85002035423118, 42.70250961331982]]]}, "properties": {"OBJECTID": 330795, "ID": "799126734833188873", "CSE_NAME": "JOKERS REDS", "STAGE_ID": null, "BLM_PROD": "LODE CLAIM", "CSE_TYPE_NR": "384101", "CSE_NR": "OR101375603", "LEG_CSE_NR": "ORMC161246", "SF_ID": "a02t00000058nXLAAY", "CSE_DISP": "Active", "SRC": "LLD", "QLTY": "1: MIDPOINT\nFULLY ATTRIBUTED QUARTER SECTION ALL BUCKETS ARE EQUAL\nDOES NOT MATCH PM ANGLES\naliquot\n36 sections retrieved\n598 intersected features retrieved\n19 matching sections found\nsection 23 issimple: False", "CSE_META": "OR 33 0330S 0240E 023 A NE", "RCRD_ACRS": 20.66, "Created": 1610668800000, "Modified": 1783361643000, "Shape__Length": 0.034592886778106395, "Shape__Area": 7.311452365695952e-05}}, {"type": "Feature", "id": 330796, "geometry": {"type": "Polygon", "coordinates": [[[-119.8747472759502, 42.706105215355166], [-119.87477605334162, 42.70242409206974], [-119.86986062552558, 42.70244043751649], [-119.86494519670943, 42.702456782963246], [-119.85997025688343, 42.702474408415455], [-119.85499531705736, 42.70249201086768], [-119.85497676166692, 42.70616908215214], [-119.8549582052766, 42.709846130436524], [-119.85991654410019, 42.70982985498586], [-119.86239570251199, 42.709821746760475], [-119.86487485992367, 42.70981355653509], [-119.86979666774138, 42.709799958087885], [-119.87471847555898, 42.70978633764062], [-119.8747472759502, 42.706105215355166]]]}, "properties": {"OBJECTID": 330796, "ID": "799126734833188874", "CSE_NAME": "RED WOLF #1", "STAGE_ID": null, "BLM_PROD": "Lode Claim", "CSE_TYPE_NR": "384101", "CSE_NR": "OR101375604", "LEG_CSE_NR": "ORMC161247", "SF_ID": "a02t00000058nXMAAY", "CSE_DISP": "Active", "SRC": "LLD", "QLTY": "1: MIDPOINT\nFULLY ATTRIBUTED QUARTER SECTION ALL BUCKETS ARE EQUAL\naliquot\n36 sections retrieved\n598 intersected features retrieved\n25 matching sections found\nsection 14 issimple: False, MIDPOINT\nTYPICAL QUARTER SECTION WITH 4 STANDARD LEGALS ATTRIBUTED\na", "CSE_META": "OR 33 0330S 0240E 014 A SW|OR 33 0330S 0240E 015 A SE", "RCRD_ACRS": 20.66, "Created": 1610668800000, "Modified": 1728178085000, "Shape__Length": 0.05425789063708114, "Shape__Area": 0.00014545727279227603}}, {"type": "Feature", "id": 330936, "geometry": {"type": "Polygon", "coordinates": [[[-119.83016744216903, 42.71000019669547], [-119.83264347957864, 42.709980014469515], [-119.83511944798816, 42.709959753243545], [-119.83511602068106, 42.708120298102315], [-119.83511257837401, 42.70628081896102], [-119.83510570976, 42.70260188567844], [-119.83013586893739, 42.70263923213162], [-119.82516600511465, 42.7026765555848], [-119.82519073173214, 42.70635860886611], [-119.82521545934974, 42.71004066314742], [-119.82769147375943, 42.710020473921475], [-119.83016744216903, 42.71000019669547]]]}, "properties": {"OBJECTID": 330936, "ID": "801974245088297057", "CSE_NAME": "KARMIC KOMEDY", "STAGE_ID": null, "BLM_PROD": "Lode Claim", "CSE_TYPE_NR": "384101", "CSE_NR": "OR101317258", "LEG_CSE_NR": "ORMC161573", "SF_ID": "a02t00000058jg2AAA", "CSE_DISP": "Active", "SRC": "LLD", "QLTY": "1: MIDPOINT\nFULLY ATTRIBUTED QUARTER SECTION ALL BUCKETS ARE EQUAL\naliquot\n36 sections retrieved\n598 intersected features retrieved\n22 matching sections found\nsection 13 issimple: False", "CSE_META": "OR 33 0330S 0240E 013 A SE", "RCRD_ACRS": 20.66, "Created": 1611360000000, "Modified": 1728177749000, "Shape__Length": 0.03456645381261795, "Shape__Area": 7.303713646480202e-05}}, {"type": "Feature", "id": 331047, "geometry": {"type": "Polygon", "coordinates": [[[-119.81511549913272, 42.72484401420276], [-119.81013955830342, 42.72485111565451], [-119.80765157688876, 42.724854699880396], [-119.805163594474, 42.724858218106206], [-119.80268012905893, 42.72485521333116], [-119.80019668764382, 42.72485214155613], [-119.79522975681344, 42.72484606500597], [-119.79517681141905, 42.72852967829463], [-119.79512389002483, 42.73221329258323], [-119.80009440585623, 42.732221558133084], [-119.80506492168745, 42.73222982268288], [-119.81003515851705, 42.73222928623207], [-119.81500539534653, 42.732228727781205], [-119.81506045873952, 42.72853635949198], [-119.81511549913272, 42.72484401420276]]]}, "properties": {"OBJECTID": 331047, "ID": "799126732190777429", "CSE_NAME": "GIGGLES", "STAGE_ID": null, "BLM_PROD": "Lode Claim", "CSE_TYPE_NR": "384101", "CSE_NR": "OR101368397", "LEG_CSE_NR": "ORMC161946", "SF_ID": "a02t00000058qOaAAI", "CSE_DISP": "Active", "SRC": "LLD", "QLTY": "1: MIDPOINT\nFULLY ATTRIBUTED QUARTER SECTION ALL BUCKETS ARE EQUAL\nDOES NOT MATCH PM ANGLES\naliquot\n36 sections retrieved\n585 intersected features retrieved\n19 matching sections found\nsection 8 issimple: False, SIMPLE\nFULLY ATTRIBUTED QUARTER SECTION ALL ", "CSE_META": "OR 33 0330S 0250E 008 A NW|OR 33 0330S 0250E 007 A NE", "RCRD_ACRS": 20.66, "Created": 1610668800000, "Modified": 1728178337000, "Shape__Length": 0.05452079378441355, "Shape__Area": 0.00014661826938346554}}, {"type": "Feature", "id": 331075, "geometry": {"type": "Polygon", "coordinates": [[[-119.86491004031646, 42.70613518124918], [-119.86494519670943, 42.702456782963246], [-119.85997025688343, 42.702474408415455], [-119.85499531705736, 42.70249201086768], [-119.85497676166692, 42.70616908215214], [-119.8549582052766, 42.709846130436524], [-119.85991654410019, 42.70982985498586], [-119.86239570251199, 42.709821746760475], [-119.86487485992367, 42.70981355653509], [-119.86489244962009, 42.70797438039216], [-119.86491004031646, 42.70613518124918]]]}, "properties": {"OBJECTID": 331075, "ID": "799126731167367237", "CSE_NAME": "ROYAL FLASH #1", "STAGE_ID": null, "BLM_PROD": "Lode Claim", "CSE_TYPE_NR": "384101", "CSE_NR": "OR101518721", "LEG_CSE_NR": "ORMC162050", "SF_ID": "a02t00000058rPcAAI", "CSE_DISP": "Active", "SRC": "LLD", "QLTY": "1: MIDPOINT\nFULLY ATTRIBUTED QUARTER SECTION ALL BUCKETS ARE EQUAL\naliquot\n36 sections retrieved\n598 intersected features retrieved\n25 matching sections found\nsection 14 issimple: False", "CSE_META": "OR 33 0330S 0240E 014 A SW", "RCRD_ACRS": 6.88, "Created": 1610668800000, "Modified": 1728178427000, "Shape__Length": 0.03457796874445842, "Shape__Area": 7.306192011609502e-05}}, {"type": "Feature", "id": 331076, "geometry": {"type": "Polygon", "coordinates": [[[-119.85002035423118, 42.70250961331982], [-119.85499531705736, 42.70249201086768], [-119.85494418743633, 42.69881435758941], [-119.85489305681536, 42.695136704311096], [-119.84992598699078, 42.695155889762546], [-119.84495891716601, 42.695175075214046], [-119.84500215378532, 42.69885116849304], [-119.84502377709504, 42.700689203632514], [-119.84504539140481, 42.70252723877201], [-119.84753288481798, 42.70251844854592], [-119.85002035423118, 42.70250961331982]]]}, "properties": {"OBJECTID": 331076, "ID": "799126731167367238", "CSE_NAME": "RTMC", "STAGE_ID": null, "BLM_PROD": "Lode Claim", "CSE_TYPE_NR": "384101", "CSE_NR": "OR101518722", "LEG_CSE_NR": "ORMC162053", "SF_ID": "a02t00000058rPdAAI", "CSE_DISP": "Active", "SRC": "LLD", "QLTY": "1: MIDPOINT\nFULLY ATTRIBUTED QUARTER SECTION ALL BUCKETS ARE EQUAL\nDOES NOT MATCH PM ANGLES\naliquot\n36 sections retrieved\n598 intersected features retrieved\n19 matching sections found\nsection 23 issimple: False", "CSE_META": "OR 33 0330S 0240E 023 A NE", "RCRD_ACRS": 5, "Created": 1610668800000, "Modified": 1728178427000, "Shape__Length": 0.034592886778106395, "Shape__Area": 7.311452365695952e-05}}, {"type": "Feature", "id": 331163, "geometry": {"type": "Polygon", "coordinates": [[[-119.81522555791987, 42.7174610936243], [-119.81520485830124, 42.713770844342], [-119.81518418268283, 42.7100806180596], [-119.81021003385592, 42.71009998951186], [-119.805235886029, 42.71011936196412], [-119.80524906464505, 42.71380283524675], [-119.80526226726121, 42.71748633352943], [-119.80775308967591, 42.71748003530314], [-119.81024391209061, 42.717473713076885], [-119.81522555791987, 42.7174610936243]]]}, "properties": {"OBJECTID": 331163, "ID": "799126731666489344", "CSE_NAME": "CATTLEGUARDER", "STAGE_ID": null, "BLM_PROD": "Lode Claim", "CSE_TYPE_NR": "384101", "CSE_NR": "OR101364917", "LEG_CSE_NR": "ORMC162448", "SF_ID": "a02t00000058ojlAAA", "CSE_DISP": "Active", "SRC": "LLD", "QLTY": "1: SIMPLE\nTYPICAL QUARTER SECTION WITH 4 STANDARD LEGALS ATTRIBUTED\naliquot\n36 sections retrieved\n585 intersected features retrieved\n16 matching sections found\n4 alias QQs added\nsection 18 issimple: False", "CSE_META": "OR 33 0330S 0250E 018 A NE", "RCRD_ACRS": 10.33, "Created": 1610668800000, "Modified": 1728178191000, "Shape__Length": 0.03465930060757706, "Shape__Area": 7.341236609421601e-05}}, {"type": "Feature", "id": 331164, "geometry": {"type": "Polygon", "coordinates": [[[-119.80520924879735, 42.70275236639869], [-119.80522256741308, 42.70643586368143], [-119.805235886029, 42.71011936196412], [-119.80524906464505, 42.71380283524675], [-119.80526226726121, 42.71748633352943], [-119.80775308967591, 42.71748003530314], [-119.81024391209061, 42.717473713076885], [-119.81522555791987, 42.7174610936243], [-119.81520485830124, 42.713770844342], [-119.81518418268283, 42.7100806180596], [-119.81516355306587, 42.70639828477776], [-119.81514294644909, 42.702715974495916], [-119.81017608562331, 42.70273415894728], [-119.80520924879735, 42.70275236639869]]]}, "properties": {"OBJECTID": 331164, "ID": "799126731666489345", "CSE_NAME": "SPARKLE SOUTH", "STAGE_ID": null, "BLM_PROD": "Lode Claim", "CSE_TYPE_NR": "384101", "CSE_NR": "OR101364918", "LEG_CSE_NR": "ORMC162449", "SF_ID": "a02t00000058ojmAAA", "CSE_DISP": "Active", "SRC": "LLD", "QLTY": "1: SIMPLE\nTYPICAL QUARTER SECTION WITH 4 STANDARD LEGALS ATTRIBUTED\naliquot\n36 sections retrieved\n585 intersected features retrieved\n16 matching sections found\n4 alias QQs added\nsection 18 issimple: False, SIMPLE\nTYPICAL QUARTER SECTION WITH 4 STANDARD LE", "CSE_META": "OR 33 0330S 0250E 018 A NE|OR 33 0330S 0250E 018 A SE", "RCRD_ACRS": 20.66, "Created": 1610668800000, "Modified": 1728178191000, "Shape__Length": 0.049376494413545406, "Shape__Area": 0.00014663722720604253}}, {"type": "Feature", "id": 331165, "geometry": {"type": "Polygon", "coordinates": [[[-119.80520924879735, 42.70275236639869], [-119.80025486797012, 42.702750736847335], [-119.79530048714275, 42.702749131295995], [-119.79530926575748, 42.706431487579216], [-119.79531804437237, 42.71011382086239], [-119.80027696520077, 42.71011659141324], [-119.805235886029, 42.71011936196412], [-119.80522256741308, 42.70643586368143], [-119.80520924879735, 42.70275236639869]]]}, "properties": {"OBJECTID": 331165, "ID": "799126731666489346", "CSE_NAME": "TRAMPDOG", "STAGE_ID": null, "BLM_PROD": "Lode Claim", "CSE_TYPE_NR": "384101", "CSE_NR": "OR101364919", "LEG_CSE_NR": "ORMC162450", "SF_ID": "a02t00000058ojnAAA", "CSE_DISP": "Active", "SRC": "LLD", "QLTY": "1: MIDPOINT\nTYPICAL QUARTER SECTION WITH 4 STANDARD LEGALS ATTRIBUTED\naliquot\n36 sections retrieved\n585 intersected features retrieved\n16 matching sections found\nsection 17 issimple: True", "CSE_META": "OR 33 0330S 0250E 017 A SW", "RCRD_ACRS": 20.66, "Created": 1610668800000, "Modified": 1728178191000, "Shape__Length": 0.0345583551540861, "Shape__Area": 7.301976407942202e-05}}, {"type": "Feature", "id": 331166, "geometry": {"type": "Polygon", "coordinates": [[[-119.86487485992367, 42.70981355653509], [-119.86239570251199, 42.709821746760475], [-119.85991654410019, 42.70982985498586], [-119.8549582052766, 42.709846130436524], [-119.8549396488864, 42.71352275972094], [-119.85492109349636, 42.71719938800525], [-119.85986280831753, 42.71718485955601], [-119.86233365372807, 42.71717761033139], [-119.86480450013858, 42.7171703301068], [-119.86482208983475, 42.71533115396392], [-119.86483967953103, 42.713491954820974], [-119.86487485992367, 42.70981355653509]]]}, "properties": {"OBJECTID": 331166, "ID": "799126732111085637", "CSE_NAME": "FACETERS FOLLY #3", "STAGE_ID": null, "BLM_PROD": "LODE CLAIM", "CSE_TYPE_NR": "384101", "CSE_NR": "OR101367678", "LEG_CSE_NR": "ORMC162489", "SF_ID": "a02t00000058rMSAAY", "CSE_DISP": "Active", "SRC": "LLD", "QLTY": "1: MIDPOINT\nFULLY ATTRIBUTED QUARTER SECTION ALL BUCKETS ARE EQUAL\naliquot\n36 sections retrieved\n598 intersected features retrieved\n25 matching sections found\nsection 14 issimple: False", "CSE_META": "OR 33 0330S 0240E 014 A NW", "RCRD_ACRS": 12.32, "Created": 1610668800000, "Modified": 1756233308000, "Shape__Length": 0.03451061432934342, "Shape__Area": 7.281308856130402e-05}}, {"type": "Feature", "id": 331167, "geometry": {"type": "Polygon", "coordinates": [[[-119.86487485992367, 42.70981355653509], [-119.86239570251199, 42.709821746760475], [-119.85991654410019, 42.70982985498586], [-119.8549582052766, 42.709846130436524], [-119.8549396488864, 42.71352275972094], [-119.85492109349636, 42.71719938800525], [-119.85986280831753, 42.71718485955601], [-119.86233365372807, 42.71717761033139], [-119.86480450013858, 42.7171703301068], [-119.86482208983475, 42.71533115396392], [-119.86483967953103, 42.713491954820974], [-119.86487485992367, 42.70981355653509]]]}, "properties": {"OBJECTID": 331167, "ID": "799126732111085638", "CSE_NAME": "FACETERS FOLLY #4", "STAGE_ID": null, "BLM_PROD": "LODE CLAIM", "CSE_TYPE_NR": "384101", "CSE_NR": "OR101367679", "LEG_CSE_NR": "ORMC162490", "SF_ID": "a02t00000058rMTAAY", "CSE_DISP": "Active", "SRC": "LLD", "QLTY": "1: MIDPOINT\nFULLY ATTRIBUTED QUARTER SECTION ALL BUCKETS ARE EQUAL\naliquot\n36 sections retrieved\n598 intersected features retrieved\n25 matching sections found\nsection 14 issimple: False", "CSE_META": "OR 33 0330S 0240E 014 A NW", "RCRD_ACRS": 5.78, "Created": 1610668800000, "Modified": 1756233340000, "Shape__Length": 0.03451061432934342, "Shape__Area": 7.281308856130402e-05}}, {"type": "Feature", "id": 331177, "geometry": {"type": "Polygon", "coordinates": [[[-119.81511549913272, 42.72484401420276], [-119.81013955830342, 42.72485111565451], [-119.80765157688876, 42.724854699880396], [-119.805163594474, 42.724858218106206], [-119.80513892677733, 42.72670111925043], [-119.80511425808066, 42.72854402039457], [-119.80506492168745, 42.73222982268288], [-119.81003515851705, 42.73222928623207], [-119.81500539534653, 42.732228727781205], [-119.81506045873952, 42.72853635949198], [-119.81511549913272, 42.72484401420276]]]}, "properties": {"OBJECTID": 331177, "ID": "799126758493257863", "CSE_NAME": "DAWN #1", "STAGE_ID": null, "BLM_PROD": "Lode Claim", "CSE_TYPE_NR": "384101", "CSE_NR": "OR101672812", "LEG_CSE_NR": "ORMC162899", "SF_ID": "a02t00000058iETAAY", "CSE_DISP": "Active", "SRC": "LLD", "QLTY": "1: SIMPLE\nFULLY ATTRIBUTED QUARTER SECTION ALL BUCKETS ARE EQUAL\nDOES NOT MATCH PM ANGLES\naliquot\n36 sections retrieved\n585 intersected features retrieved\n22 matching sections found\nsection 7 issimple: False", "CSE_META": "OR 33 0330S 0250E 007 A NE", "RCRD_ACRS": 20.66, "Created": 1610668800000, "Modified": 1728177624000, "Shape__Length": 0.03465018335504566, "Shape__Area": 7.338376530391301e-05}}, {"type": "Feature", "id": 331178, "geometry": {"type": "Polygon", "coordinates": [[[-119.81511549913272, 42.72484401420276], [-119.81013955830342, 42.72485111565451], [-119.80765157688876, 42.724854699880396], [-119.805163594474, 42.724858218106206], [-119.80513892677733, 42.72670111925043], [-119.80511425808066, 42.72854402039457], [-119.80506492168745, 42.73222982268288], [-119.81003515851705, 42.73222928623207], [-119.81500539534653, 42.732228727781205], [-119.81506045873952, 42.72853635949198], [-119.81511549913272, 42.72484401420276]]]}, "properties": {"OBJECTID": 331178, "ID": "799126758493257864", "CSE_NAME": "DAWN #2", "STAGE_ID": null, "BLM_PROD": "Lode Claim", "CSE_TYPE_NR": "384101", "CSE_NR": "OR101672813", "LEG_CSE_NR": "ORMC162900", "SF_ID": "a02t00000058iEUAAY", "CSE_DISP": "Active", "SRC": "LLD", "QLTY": "1: SIMPLE\nFULLY ATTRIBUTED QUARTER SECTION ALL BUCKETS ARE EQUAL\nDOES NOT MATCH PM ANGLES\naliquot\n36 sections retrieved\n585 intersected features retrieved\n22 matching sections found\nsection 7 issimple: False", "CSE_META": "OR 33 0330S 0250E 007 A NE", "RCRD_ACRS": 20.66, "Created": 1610668800000, "Modified": 1728177624000, "Shape__Length": 0.03465018335504566, "Shape__Area": 7.338376530391301e-05}}, {"type": "Feature", "id": 331179, "geometry": {"type": "Polygon", "coordinates": [[[-119.81511549913272, 42.72484401420276], [-119.81013955830342, 42.72485111565451], [-119.80765157688876, 42.724854699880396], [-119.805163594474, 42.724858218106206], [-119.80513892677733, 42.72670111925043], [-119.80511425808066, 42.72854402039457], [-119.80506492168745, 42.73222982268288], [-119.81003515851705, 42.73222928623207], [-119.81500539534653, 42.732228727781205], [-119.81506045873952, 42.72853635949198], [-119.81511549913272, 42.72484401420276]]]}, "properties": {"OBJECTID": 331179, "ID": "799126758493257865", "CSE_NAME": "DAWN #3", "STAGE_ID": null, "BLM_PROD": "Lode Claim", "CSE_TYPE_NR": "384101", "CSE_NR": "OR101672814", "LEG_CSE_NR": "ORMC162901", "SF_ID": "a02t00000058iEVAAY", "CSE_DISP": "Active", "SRC": "LLD", "QLTY": "1: SIMPLE\nFULLY ATTRIBUTED QUARTER SECTION ALL BUCKETS ARE EQUAL\nDOES NOT MATCH PM ANGLES\naliquot\n36 sections retrieved\n585 intersected features retrieved\n22 matching sections found\nsection 7 issimple: False", "CSE_META": "OR 33 0330S 0250E 007 A NE", "RCRD_ACRS": 20.66, "Created": 1610668800000, "Modified": 1728177624000, "Shape__Length": 0.03465018335504566, "Shape__Area": 7.338376530391301e-05}}, {"type": "Feature", "id": 331180, "geometry": {"type": "Polygon", "coordinates": [[[-119.81517051652621, 42.721152553913576], [-119.81522555791987, 42.7174610936243], [-119.81024391209061, 42.717473713076885], [-119.80775308967591, 42.71748003530314], [-119.80526226726121, 42.71748633352943], [-119.80523759856433, 42.71932930467363], [-119.80521293086754, 42.721172275817885], [-119.805163594474, 42.724858218106206], [-119.80765157688876, 42.724854699880396], [-119.81013955830342, 42.72485111565451], [-119.81511549913272, 42.72484401420276], [-119.81517051652621, 42.721152553913576]]]}, "properties": {"OBJECTID": 331180, "ID": "799126758493257866", "CSE_NAME": "PINK LADY #2", "STAGE_ID": null, "BLM_PROD": "Lode Claim", "CSE_TYPE_NR": "384101", "CSE_NR": "OR101672815", "LEG_CSE_NR": "ORMC162902", "SF_ID": "a02t00000058iEWAAY", "CSE_DISP": "Active", "SRC": "LLD", "QLTY": "1: SIMPLE\nFULLY ATTRIBUTED QUARTER SECTION ALL BUCKETS ARE EQUAL\nDOES NOT MATCH PM ANGLES\naliquot\n36 sections retrieved\n585 intersected features retrieved\n22 matching sections found\nsection 7 issimple: False", "CSE_META": "OR 33 0330S 0250E 007 A SE", "RCRD_ACRS": 18.5, "Created": 1610668800000, "Modified": 1728177624000, "Shape__Length": 0.03467151876588008, "Shape__Area": 7.345913935407502e-05}}, {"type": "Feature", "id": 331181, "geometry": {"type": "Polygon", "coordinates": [[[-119.81517051652621, 42.721152553913576], [-119.81522555791987, 42.7174610936243], [-119.81024391209061, 42.717473713076885], [-119.80775308967591, 42.71748003530314], [-119.80526226726121, 42.71748633352943], [-119.80523759856433, 42.71932930467363], [-119.80521293086754, 42.721172275817885], [-119.805163594474, 42.724858218106206], [-119.80765157688876, 42.724854699880396], [-119.81013955830342, 42.72485111565451], [-119.81511549913272, 42.72484401420276], [-119.81517051652621, 42.721152553913576]]]}, "properties": {"OBJECTID": 331181, "ID": "799126758493257867", "CSE_NAME": "PINK LADY #3", "STAGE_ID": null, "BLM_PROD": "Lode Claim", "CSE_TYPE_NR": "384101", "CSE_NR": "OR101672816", "LEG_CSE_NR": "ORMC162903", "SF_ID": "a02t00000058iEXAAY", "CSE_DISP": "Active", "SRC": "LLD", "QLTY": "1: SIMPLE\nFULLY ATTRIBUTED QUARTER SECTION ALL BUCKETS ARE EQUAL\nDOES NOT MATCH PM ANGLES\naliquot\n36 sections retrieved\n585 intersected features retrieved\n22 matching sections found\nsection 7 issimple: False", "CSE_META": "OR 33 0330S 0250E 007 A SE", "RCRD_ACRS": 18.5, "Created": 1610668800000, "Modified": 1728177624000, "Shape__Length": 0.03467151876588008, "Shape__Area": 7.345913935407502e-05}}, {"type": "Feature", "id": 331182, "geometry": {"type": "Polygon", "coordinates": [[[-119.81517051652621, 42.721152553913576], [-119.81522555791987, 42.7174610936243], [-119.81024391209061, 42.717473713076885], [-119.80775308967591, 42.71748003530314], [-119.80526226726121, 42.71748633352943], [-119.80523759856433, 42.71932930467363], [-119.80521293086754, 42.721172275817885], [-119.805163594474, 42.724858218106206], [-119.80765157688876, 42.724854699880396], [-119.81013955830342, 42.72485111565451], [-119.81511549913272, 42.72484401420276], [-119.81517051652621, 42.721152553913576]]]}, "properties": {"OBJECTID": 331182, "ID": "799126758493257868", "CSE_NAME": "PINK LADY #4", "STAGE_ID": null, "BLM_PROD": "Lode Claim", "CSE_TYPE_NR": "384101", "CSE_NR": "OR101672817", "LEG_CSE_NR": "ORMC162904", "SF_ID": "a02t00000058iEYAAY", "CSE_DISP": "Active", "SRC": "LLD", "QLTY": "1: SIMPLE\nFULLY ATTRIBUTED QUARTER SECTION ALL BUCKETS ARE EQUAL\nDOES NOT MATCH PM ANGLES\naliquot\n36 sections retrieved\n585 intersected features retrieved\n22 matching sections found\nsection 7 issimple: False", "CSE_META": "OR 33 0330S 0250E 007 A SE", "RCRD_ACRS": 19.45, "Created": 1610668800000, "Modified": 1728177624000, "Shape__Length": 0.03467151876588008, "Shape__Area": 7.345913935407502e-05}}, {"type": "Feature", "id": 331183, "geometry": {"type": "Polygon", "coordinates": [[[-119.81517051652621, 42.721152553913576], [-119.81522555791987, 42.7174610936243], [-119.81024391209061, 42.717473713076885], [-119.80775308967591, 42.71748003530314], [-119.80526226726121, 42.71748633352943], [-119.80029894543195, 42.71748200297896], [-119.79533562360248, 42.717477672428494], [-119.79528267920786, 42.72116186871725], [-119.79522975681344, 42.72484606500597], [-119.80019668764382, 42.72485214155613], [-119.80268012905893, 42.72485521333116], [-119.805163594474, 42.724858218106206], [-119.80765157688876, 42.724854699880396], [-119.81013955830342, 42.72485111565451], [-119.81511549913272, 42.72484401420276], [-119.81517051652621, 42.721152553913576]]]}, "properties": {"OBJECTID": 331183, "ID": "799126758493257869", "CSE_NAME": "PINK LADY #5", "STAGE_ID": null, "BLM_PROD": "Lode Claim", "CSE_TYPE_NR": "384101", "CSE_NR": "OR101672818", "LEG_CSE_NR": "ORMC162905", "SF_ID": "a02t00000058iEZAAY", "CSE_DISP": "Active", "SRC": "LLD", "QLTY": "1: SIMPLE\nFULLY ATTRIBUTED QUARTER SECTION ALL BUCKETS ARE EQUAL\nDOES NOT MATCH PM ANGLES\naliquot\n36 sections retrieved\n585 intersected features retrieved\n22 matching sections found\nsection 7 issimple: False, MIDPOINT\nTYPICAL QUARTER SECTION WITH 4 STANDA", "CSE_META": "OR 33 0330S 0250E 007 A SE|OR 33 0330S 0250E 008 A SW", "RCRD_ACRS": 19.93, "Created": 1610668800000, "Modified": 1728177624000, "Shape__Length": 0.05452861613456692, "Shape__Area": 0.00014664755835750904}}, {"type": "Feature", "id": 331184, "geometry": {"type": "Polygon", "coordinates": [[[-119.80526226726121, 42.71748633352943], [-119.80029894543195, 42.71748200297896], [-119.79533562360248, 42.717477672428494], [-119.79528267920786, 42.72116186871725], [-119.79522975681344, 42.72484606500597], [-119.80019668764382, 42.72485214155613], [-119.80268012905893, 42.72485521333116], [-119.805163594474, 42.724858218106206], [-119.80521293086754, 42.721172275817885], [-119.80523759856433, 42.71932930467363], [-119.80526226726121, 42.71748633352943]]]}, "properties": {"OBJECTID": 331184, "ID": "799126758493257870", "CSE_NAME": "PINK LADY #6", "STAGE_ID": null, "BLM_PROD": "Lode Claim", "CSE_TYPE_NR": "384101", "CSE_NR": "OR101672819", "LEG_CSE_NR": "ORMC162906", "SF_ID": "a02t00000058iEaAAI", "CSE_DISP": "Active", "SRC": "LLD", "QLTY": "1: MIDPOINT\nTYPICAL QUARTER SECTION WITH 4 STANDARD LEGALS ATTRIBUTED\nDOES NOT MATCH PM ANGLES\naliquot\n36 sections retrieved\n585 intersected features retrieved\n19 matching sections found\nsection 8 issimple: False", "CSE_META": "OR 33 0330S 0250E 008 A SW", "RCRD_ACRS": 20.41, "Created": 1610668800000, "Modified": 1728177624000, "Shape__Length": 0.034602186078862056, "Shape__Area": 7.318841900343402e-05}}, {"type": "Feature", "id": 331185, "geometry": {"type": "Polygon", "coordinates": [[[-119.82521875665823, 42.71188826728937], [-119.82521545934974, 42.71004066314742], [-119.8201692045113, 42.710060872606284], [-119.82016666551085, 42.71006075660653], [-119.81518418268283, 42.7100806180596], [-119.81021003385592, 42.71009998951186], [-119.805235886029, 42.71011936196412], [-119.80524906464505, 42.71380283524675], [-119.80526226726121, 42.71748633352943], [-119.80775308967591, 42.71748003530314], [-119.81024391209061, 42.717473713076885], [-119.81522555791987, 42.7174610936243], [-119.82020717974859, 42.71744588917151], [-119.82522863858387, 42.71743110371519], [-119.82522204896671, 42.71373587143129], [-119.82521875665823, 42.71188826728937]]]}, "properties": {"OBJECTID": 331185, "ID": "799126758493257871", "CSE_NAME": "PINK LADY #7", "STAGE_ID": null, "BLM_PROD": "Lode Claim", "CSE_TYPE_NR": "384101", "CSE_NR": "OR101672820", "LEG_CSE_NR": "ORMC162907", "SF_ID": "a02t00000058iEbAAI", "CSE_DISP": "Active", "SRC": "LLD", "QLTY": "1: SIMPLE\nTYPICAL QUARTER SECTION WITH 4 STANDARD LEGALS ATTRIBUTED\naliquot\n36 sections retrieved\n585 intersected features retrieved\n16 matching sections found\n4 alias QQs added\nsection 18 issimple: False, SIMPLE\nTYPICAL QUARTER SECTION WITH 4 STANDARD LE", "CSE_META": "OR 33 0330S 0250E 018 A NW|OR 33 0330S 0250E 018 A NE", "RCRD_ACRS": 20.66, "Created": 1610668800000, "Modified": 1728177624000, "Shape__Length": 0.05470364305506713, "Shape__Area": 0.00014739321942829753}}, {"type": "Feature", "id": 331186, "geometry": {"type": "Polygon", "coordinates": [[[-119.81021003385592, 42.71009998951186], [-119.81518418268283, 42.7100806180596], [-119.81516355306587, 42.70639828477776], [-119.81514294644909, 42.702715974495916], [-119.81017608562331, 42.70273415894728], [-119.80520924879735, 42.70275236639869], [-119.80522256741308, 42.70643586368143], [-119.805235886029, 42.71011936196412], [-119.81021003385592, 42.71009998951186]]]}, "properties": {"OBJECTID": 331186, "ID": "799126758052855811", "CSE_NAME": "ZEPHYR", "STAGE_ID": null, "BLM_PROD": "Lode Claim", "CSE_TYPE_NR": "384101", "CSE_NR": "OR101630039", "LEG_CSE_NR": "ORMC163015", "SF_ID": "a02t00000058ikdAAA", "CSE_DISP": "Active", "SRC": "LLD", "QLTY": "1: SIMPLE\nTYPICAL QUARTER SECTION WITH 4 STANDARD LEGALS ATTRIBUTED\naliquot\n36 sections retrieved\n585 intersected features retrieved\n16 matching sections found\n4 alias QQs added\nsection 18 issimple: False", "CSE_META": "OR 33 0330S 0250E 018 A SE", "RCRD_ACRS": 12.4, "Created": 1610668800000, "Modified": 1728177669000, "Shape__Length": 0.034613934687537366, "Shape__Area": 7.322486111182651e-05}}, {"type": "Feature", "id": 331201, "geometry": {"type": "Polygon", "coordinates": [[[-119.81511549913272, 42.72484401420276], [-119.81013955830342, 42.72485111565451], [-119.80765157688876, 42.724854699880396], [-119.805163594474, 42.724858218106206], [-119.80513892677733, 42.72670111925043], [-119.80511425808066, 42.72854402039457], [-119.80506492168745, 42.73222982268288], [-119.81003515851705, 42.73222928623207], [-119.81500539534653, 42.732228727781205], [-119.81506045873952, 42.72853635949198], [-119.81511549913272, 42.72484401420276]]]}, "properties": {"OBJECTID": 331201, "ID": "799126758178684945", "CSE_NAME": "CHUCKLES", "STAGE_ID": null, "BLM_PROD": "Lode Claim", "CSE_TYPE_NR": "384101", "CSE_NR": "OR101671648", "LEG_CSE_NR": "ORMC163391", "SF_ID": "a02t00000058snpAAA", "CSE_DISP": "Active", "SRC": "LLD", "QLTY": "1: SIMPLE\nFULLY ATTRIBUTED QUARTER SECTION ALL BUCKETS ARE EQUAL\nDOES NOT MATCH PM ANGLES\naliquot\n36 sections retrieved\n585 intersected features retrieved\n22 matching sections found\nsection 7 issimple: False", "CSE_META": "OR 33 0330S 0250E 007 A NE", "RCRD_ACRS": 20.66, "Created": 1610668800000, "Modified": 1728178550000, "Shape__Length": 0.03465018335504566, "Shape__Area": 7.338376530391301e-05}}, {"type": "Feature", "id": 331212, "geometry": {"type": "Polygon", "coordinates": [[[-119.8946646881616, 42.73544210980007], [-119.89453665452533, 42.73176005552936], [-119.88956218070582, 42.73181241998481], [-119.88458768288615, 42.73186478344027], [-119.88470123452045, 42.73554965471264], [-119.88481476415485, 42.7392345029849], [-119.88980374297651, 42.73917934452779], [-119.89479272279802, 42.739124186070654], [-119.8946646881616, 42.73544210980007]]]}, "properties": {"OBJECTID": 331212, "ID": "799126760661712897", "CSE_NAME": "MT ANTHONY", "STAGE_ID": null, "BLM_PROD": "Lode Claim", "CSE_TYPE_NR": "384101", "CSE_NR": "OR101880440", "LEG_CSE_NR": "ORMC163937", "SF_ID": "a02t00000058mHeAAI", "CSE_DISP": "Active", "SRC": "LLD", "QLTY": "1: SIMPLE\nTYPICAL QUARTER SECTION WITH 4 STANDARD LEGALS ATTRIBUTED\nDOES NOT MATCH PM ANGLES\naliquot\n36 sections retrieved\n598 intersected features retrieved\n16 matching sections found\n4 alias QQs added\nsection 4 issimple: False", "CSE_META": "OR 33 0330S 0240E 004 A SE", "RCRD_ACRS": 20.66, "Created": 1610668800000, "Modified": 1728177975000, "Shape__Length": 0.03466988528237139, "Shape__Area": 7.342601490449402e-05}}, {"type": "Feature", "id": 331213, "geometry": {"type": "Polygon", "coordinates": [[[-119.89451111190637, 42.72807837424936], [-119.89448557028754, 42.72439671596932], [-119.88951903546887, 42.7244458204237], [-119.88455247765006, 42.72449492487803], [-119.88457008026803, 42.72817986615919], [-119.88458768288615, 42.73186478344027], [-119.88956218070582, 42.73181241998481], [-119.89453665452533, 42.73176005552936], [-119.89451111190637, 42.72807837424936]]]}, "properties": {"OBJECTID": 331213, "ID": "799126760661712898", "CSE_NAME": "MT ASCUTNEY", "STAGE_ID": null, "BLM_PROD": "Lode Claim", "CSE_TYPE_NR": "384101", "CSE_NR": "OR101880441", "LEG_CSE_NR": "ORMC163938", "SF_ID": "a02t00000058mHfAAI", "CSE_DISP": "Active", "SRC": "LLD", "QLTY": "1: MIDPOINT\nTYPICAL QUARTER SECTION WITH 4 STANDARD LEGALS ATTRIBUTED\nDOES NOT MATCH PM ANGLES\naliquot\n36 sections retrieved\n598 intersected features retrieved\n16 matching sections found\nsection 9 issimple: True", "CSE_META": "OR 33 0330S 0240E 009 A NE", "RCRD_ACRS": 20.66, "Created": 1610668800000, "Modified": 1728177975000, "Shape__Length": 0.03461655593319105, "Shape__Area": 7.323595924786552e-05}}, {"type": "Feature", "id": 331214, "geometry": {"type": "Polygon", "coordinates": [[[-119.89451111190637, 42.72807837424936], [-119.89448557028754, 42.72439671596932], [-119.88951903546887, 42.7244458204237], [-119.88455247765006, 42.72449492487803], [-119.88457008026803, 42.72817986615919], [-119.88458768288615, 42.73186478344027], [-119.88956218070582, 42.73181241998481], [-119.89453665452533, 42.73176005552936], [-119.89451111190637, 42.72807837424936]]]}, "properties": {"OBJECTID": 331214, "ID": "799126760707850256", "CSE_NAME": "MT ELLEN", "STAGE_ID": null, "BLM_PROD": "Lode Claim", "CSE_TYPE_NR": "384101", "CSE_NR": "OR101881178", "LEG_CSE_NR": "ORMC163939", "SF_ID": "a02t00000058mHgAAI", "CSE_DISP": "Active", "SRC": "LLD", "QLTY": "1: MIDPOINT\nTYPICAL QUARTER SECTION WITH 4 STANDARD LEGALS ATTRIBUTED\nDOES NOT MATCH PM ANGLES\naliquot\n36 sections retrieved\n598 intersected features retrieved\n16 matching sections found\nsection 9 issimple: True", "CSE_META": "OR 33 0330S 0240E 009 A NE", "RCRD_ACRS": 20.66, "Created": 1610668800000, "Modified": 1728177975000, "Shape__Length": 0.03461655593319105, "Shape__Area": 7.323595924786552e-05}}, {"type": "Feature", "id": 331215, "geometry": {"type": "Polygon", "coordinates": [[[-119.88451731941458, 42.71712508931562], [-119.88453489803221, 42.72081000659685], [-119.88455247765006, 42.72449492487803], [-119.88951903546887, 42.7244458204237], [-119.89448557028754, 42.72439671596932], [-119.89446002766884, 42.72071463868919], [-119.89443448605027, 42.717032538409015], [-119.8894759142325, 42.717078801862314], [-119.88451731941458, 42.71712508931562]]]}, "properties": {"OBJECTID": 331215, "ID": "799126760707850244", "CSE_NAME": "MT GRANT", "STAGE_ID": null, "BLM_PROD": "Lode Claim", "CSE_TYPE_NR": "384101", "CSE_NR": "OR101881179", "LEG_CSE_NR": "ORMC163940", "SF_ID": "a02t00000058mHhAAI", "CSE_DISP": "Active", "SRC": "LLD", "QLTY": "1: MIDPOINT\nTYPICAL QUARTER SECTION WITH 4 STANDARD LEGALS ATTRIBUTED\nDOES NOT MATCH PM ANGLES\naliquot\n36 sections retrieved\n598 intersected features retrieved\n16 matching sections found\nsection 9 issimple: True", "CSE_META": "OR 33 0330S 0240E 009 A SE", "RCRD_ACRS": 20.66, "Created": 1610668800000, "Modified": 1728177975000, "Shape__Length": 0.03458544634720334, "Shape__Area": 7.312264950366953e-05}}, {"type": "Feature", "id": 331216, "geometry": {"type": "Polygon", "coordinates": [[[-119.89451111190637, 42.72807837424936], [-119.89448557028754, 42.72439671596932], [-119.88951903546887, 42.7244458204237], [-119.88455247765006, 42.72449492487803], [-119.88457008026803, 42.72817986615919], [-119.88458768288615, 42.73186478344027], [-119.88956218070582, 42.73181241998481], [-119.89453665452533, 42.73176005552936], [-119.89451111190637, 42.72807837424936]]]}, "properties": {"OBJECTID": 331216, "ID": "799126760707850245", "CSE_NAME": "MT HOAG", "STAGE_ID": null, "BLM_PROD": "Lode Claim", "CSE_TYPE_NR": "384101", "CSE_NR": "OR101881180", "LEG_CSE_NR": "ORMC163941", "SF_ID": "a02t00000058mHiAAI", "CSE_DISP": "Active", "SRC": "LLD", "QLTY": "1: MIDPOINT\nTYPICAL QUARTER SECTION WITH 4 STANDARD LEGALS ATTRIBUTED\nDOES NOT MATCH PM ANGLES\naliquot\n36 sections retrieved\n598 intersected features retrieved\n16 matching sections found\nsection 9 issimple: True", "CSE_META": "OR 33 0330S 0240E 009 A NE", "RCRD_ACRS": 20.66, "Created": 1610668800000, "Modified": 1728177975000, "Shape__Length": 0.03461655593319105, "Shape__Area": 7.323595924786552e-05}}, {"type": "Feature", "id": 331217, "geometry": {"type": "Polygon", "coordinates": [[[-119.88451731941458, 42.71712508931562], [-119.88453489803221, 42.72081000659685], [-119.88455247765006, 42.72449492487803], [-119.88951903546887, 42.7244458204237], [-119.89448557028754, 42.72439671596932], [-119.89446002766884, 42.72071463868919], [-119.89443448605027, 42.717032538409015], [-119.8894759142325, 42.717078801862314], [-119.88451731941458, 42.71712508931562]]]}, "properties": {"OBJECTID": 331217, "ID": "799126760707850246", "CSE_NAME": "MT PHILO", "STAGE_ID": null, "BLM_PROD": "Lode Claim", "CSE_TYPE_NR": "384101", "CSE_NR": "OR101881181", "LEG_CSE_NR": "ORMC163942", "SF_ID": "a02t00000058mHjAAI", "CSE_DISP": "Active", "SRC": "LLD", "QLTY": "1: MIDPOINT\nTYPICAL QUARTER SECTION WITH 4 STANDARD LEGALS ATTRIBUTED\nDOES NOT MATCH PM ANGLES\naliquot\n36 sections retrieved\n598 intersected features retrieved\n16 matching sections found\nsection 9 issimple: True", "CSE_META": "OR 33 0330S 0240E 009 A SE", "RCRD_ACRS": 20.66, "Created": 1610668800000, "Modified": 1728177975000, "Shape__Length": 0.03458544634720334, "Shape__Area": 7.312264950366953e-05}}, {"type": "Feature", "id": 331218, "geometry": {"type": "Polygon", "coordinates": [[[-119.89451111190637, 42.72807837424936], [-119.89448557028754, 42.72439671596932], [-119.88951903546887, 42.7244458204237], [-119.88455247765006, 42.72449492487803], [-119.88457008026803, 42.72817986615919], [-119.88458768288615, 42.73186478344027], [-119.88956218070582, 42.73181241998481], [-119.89453665452533, 42.73176005552936], [-119.89451111190637, 42.72807837424936]]]}, "properties": {"OBJECTID": 331218, "ID": "799126760707850247", "CSE_NAME": "MT SARAH", "STAGE_ID": null, "BLM_PROD": "Lode Claim", "CSE_TYPE_NR": "384101", "CSE_NR": "OR101881182", "LEG_CSE_NR": "ORMC163943", "SF_ID": "a02t00000058mHkAAI", "CSE_DISP": "Active", "SRC": "LLD", "QLTY": "1: MIDPOINT\nTYPICAL QUARTER SECTION WITH 4 STANDARD LEGALS ATTRIBUTED\nDOES NOT MATCH PM ANGLES\naliquot\n36 sections retrieved\n598 intersected features retrieved\n16 matching sections found\nsection 9 issimple: True", "CSE_META": "OR 33 0330S 0240E 009 A NE", "RCRD_ACRS": 20.66, "Created": 1610668800000, "Modified": 1728177975000, "Shape__Length": 0.03461655593319105, "Shape__Area": 7.323595924786552e-05}}, {"type": "Feature", "id": 331219, "geometry": {"type": "Polygon", "coordinates": [[[-119.88451731941458, 42.71712508931562], [-119.88453489803221, 42.72081000659685], [-119.88455247765006, 42.72449492487803], [-119.88951903546887, 42.7244458204237], [-119.89448557028754, 42.72439671596932], [-119.89446002766884, 42.72071463868919], [-119.89443448605027, 42.717032538409015], [-119.8894759142325, 42.717078801862314], [-119.88451731941458, 42.71712508931562]]]}, "properties": {"OBJECTID": 331219, "ID": "799126760707850248", "CSE_NAME": "MT TOM", "STAGE_ID": null, "BLM_PROD": "Lode Claim", "CSE_TYPE_NR": "384101", "CSE_NR": "OR101881183", "LEG_CSE_NR": "ORMC163944", "SF_ID": "a02t00000058mHlAAI", "CSE_DISP": "Active", "SRC": "LLD", "QLTY": "1: MIDPOINT\nTYPICAL QUARTER SECTION WITH 4 STANDARD LEGALS ATTRIBUTED\nDOES NOT MATCH PM ANGLES\naliquot\n36 sections retrieved\n598 intersected features retrieved\n16 matching sections found\nsection 9 issimple: True", "CSE_META": "OR 33 0330S 0240E 009 A SE", "RCRD_ACRS": 20.66, "Created": 1610668800000, "Modified": 1728177975000, "Shape__Length": 0.03458544634720334, "Shape__Area": 7.312264950366953e-05}}, {"type": "Feature", "id": 331220, "geometry": {"type": "Polygon", "coordinates": [[[-119.86491004031646, 42.70613518124918], [-119.86494519670943, 42.702456782963246], [-119.85997025688343, 42.702474408415455], [-119.85499531705736, 42.70249201086768], [-119.85002035423118, 42.70250961331982], [-119.84753288481798, 42.70251844854592], [-119.84504539140481, 42.70252723877201], [-119.84504345901675, 42.70620254105499], [-119.84504155062888, 42.70987784233791], [-119.8499998664528, 42.70986198688722], [-119.8549582052766, 42.709846130436524], [-119.85991654410019, 42.70982985498586], [-119.86239570251199, 42.709821746760475], [-119.86487485992367, 42.70981355653509], [-119.86489244962009, 42.70797438039216], [-119.86491004031646, 42.70613518124918]]]}, "properties": {"OBJECTID": 331220, "ID": "799126760749793328", "CSE_NAME": "BONANZA LODE FOUR", "STAGE_ID": null, "BLM_PROD": "Lode Claim", "CSE_TYPE_NR": "384101", "CSE_NR": "OR101881905", "LEG_CSE_NR": "ORMC164337", "SF_ID": "a02t00000058oqxAAA", "CSE_DISP": "Active", "SRC": "LLD", "QLTY": "1: MIDPOINT\nFULLY ATTRIBUTED QUARTER SECTION ALL BUCKETS ARE EQUAL\naliquot\n36 sections retrieved\n598 intersected features retrieved\n25 matching sections found\nsection 14 issimple: False, MIDPOINT\nTYPICAL QUARTER SECTION WITH 4 STANDARD LEGALS ATTRIBUTED\na", "CSE_META": "OR 33 0330S 0240E 014 A SW|OR 33 0330S 0240E 014 A SE", "RCRD_ACRS": 7.27, "Created": 1610668800000, "Modified": 1728178201000, "Shape__Length": 0.05444105016388959, "Shape__Area": 0.00014609440731319854}}, {"type": "Feature", "id": 331221, "geometry": {"type": "Polygon", "coordinates": [[[-119.86488603408662, 42.698777126685656], [-119.86482687146402, 42.6950974714081], [-119.85985996363972, 42.69511707585958], [-119.85489305681536, 42.695136704311096], [-119.84992598699078, 42.695155889762546], [-119.84495891716601, 42.695175075214046], [-119.84500215378532, 42.69885116849304], [-119.84502377709504, 42.700689203632514], [-119.84504539140481, 42.70252723877201], [-119.84504345901675, 42.70620254105499], [-119.84504155062888, 42.70987784233791], [-119.8499998664528, 42.70986198688722], [-119.8549582052766, 42.709846130436524], [-119.85991654410019, 42.70982985498586], [-119.86239570251199, 42.709821746760475], [-119.86487485992367, 42.70981355653509], [-119.86489244962009, 42.70797438039216], [-119.86491004031646, 42.70613518124918], [-119.86494519670943, 42.702456782963246], [-119.86488603408662, 42.698777126685656]]]}, "properties": {"OBJECTID": 331221, "ID": "799126760749793329", "CSE_NAME": "BONANZA LODE FIVE", "STAGE_ID": null, "BLM_PROD": "Lode Claim", "CSE_TYPE_NR": "384101", "CSE_NR": "OR101881906", "LEG_CSE_NR": "ORMC164338", "SF_ID": "a02t00000058oqyAAA", "CSE_DISP": "Active", "SRC": "LLD", "QLTY": "1: MIDPOINT\nFULLY ATTRIBUTED QUARTER SECTION ALL BUCKETS ARE EQUAL\naliquot\n36 sections retrieved\n598 intersected features retrieved\n25 matching sections found\nsection 14 issimple: False, MIDPOINT\nTYPICAL QUARTER SECTION WITH 4 STANDARD LEGALS ATTRIBUTED\na", "CSE_META": "OR 33 0330S 0240E 014 A SW|OR 33 0330S 0240E 014 A SE|OR 33 0330S 0240E 023 A NW|OR 33 0330S 0240E 023 A NE", "RCRD_ACRS": 18.18, "Created": 1610668800000, "Modified": 1728178201000, "Shape__Length": 0.06912215968047962, "Shape__Area": 0.0002923583764856331}}, {"type": "Feature", "id": 331222, "geometry": {"type": "Polygon", "coordinates": [[[-119.86488603408662, 42.698777126685656], [-119.86482687146402, 42.6950974714081], [-119.85985996363972, 42.69511707585958], [-119.85489305681536, 42.695136704311096], [-119.84992598699078, 42.695155889762546], [-119.84495891716601, 42.695175075214046], [-119.84500215378532, 42.69885116849304], [-119.84502377709504, 42.700689203632514], [-119.84504539140481, 42.70252723877201], [-119.84753288481798, 42.70251844854592], [-119.85002035423118, 42.70250961331982], [-119.85499531705736, 42.70249201086768], [-119.85997025688343, 42.702474408415455], [-119.86494519670943, 42.702456782963246], [-119.86488603408662, 42.698777126685656]]]}, "properties": {"OBJECTID": 331222, "ID": "799126760749793330", "CSE_NAME": "BONANZA LODE SIX", "STAGE_ID": null, "BLM_PROD": "Lode Claim", "CSE_TYPE_NR": "384101", "CSE_NR": "OR101881907", "LEG_CSE_NR": "ORMC164339", "SF_ID": "a02t00000058oqzAAA", "CSE_DISP": "Active", "SRC": "LLD", "QLTY": "1: MIDPOINT\nTYPICAL QUARTER SECTION WITH 4 STANDARD LEGALS ATTRIBUTED\nDOES NOT MATCH PM ANGLES\naliquot\n36 sections retrieved\n598 intersected features retrieved\n19 matching sections found\nsection 23 issimple: False, MIDPOINT\nFULLY ATTRIBUTED QUARTER SECTIO", "CSE_META": "OR 33 0330S 0240E 023 A NW|OR 33 0330S 0240E 023 A NE", "RCRD_ACRS": 18.18, "Created": 1610668800000, "Modified": 1728178201000, "Shape__Length": 0.05448096295428835, "Shape__Area": 0.00014626396917243455}}, {"type": "Feature", "id": 331254, "geometry": {"type": "Polygon", "coordinates": [[[-119.80520924879735, 42.70275236639869], [-119.80522256741308, 42.70643586368143], [-119.805235886029, 42.71011936196412], [-119.80524906464505, 42.71380283524675], [-119.80526226726121, 42.71748633352943], [-119.80775308967591, 42.71748003530314], [-119.81024391209061, 42.717473713076885], [-119.81522555791987, 42.7174610936243], [-119.81520485830124, 42.713770844342], [-119.81518418268283, 42.7100806180596], [-119.81516355306587, 42.70639828477776], [-119.81514294644909, 42.702715974495916], [-119.81017608562331, 42.70273415894728], [-119.80520924879735, 42.70275236639869]]]}, "properties": {"OBJECTID": 331254, "ID": "799126757348212771", "CSE_NAME": "DOUBLE EAGLE #13", "STAGE_ID": null, "BLM_PROD": "Lode Claim", "CSE_TYPE_NR": "384101", "CSE_NR": "OR101623928", "LEG_CSE_NR": "ORMC164944", "SF_ID": "a02t00000058p1LAAQ", "CSE_DISP": "Active", "SRC": "LLD", "QLTY": "1: SIMPLE\nTYPICAL QUARTER SECTION WITH 4 STANDARD LEGALS ATTRIBUTED\naliquot\n36 sections retrieved\n585 intersected features retrieved\n16 matching sections found\n4 alias QQs added\nsection 18 issimple: False, SIMPLE\nTYPICAL QUARTER SECTION WITH 4 STANDARD LE", "CSE_META": "OR 33 0330S 0250E 018 A NE|OR 33 0330S 0250E 018 A SE", "RCRD_ACRS": 20.66, "Created": 1610668800000, "Modified": 1728178216000, "Shape__Length": 0.049376494413545406, "Shape__Area": 0.00014663722720604253}}, {"type": "Feature", "id": 331509, "geometry": {"type": "Polygon", "coordinates": [[[-119.86487485992367, 42.70981355653509], [-119.86239570251199, 42.709821746760475], [-119.85991654410019, 42.70982985498586], [-119.8549582052766, 42.709846130436524], [-119.8549396488864, 42.71352275972094], [-119.85492109349636, 42.71719938800525], [-119.85986280831753, 42.71718485955601], [-119.86233365372807, 42.71717761033139], [-119.86480450013858, 42.7171703301068], [-119.86482208983475, 42.71533115396392], [-119.86483967953103, 42.713491954820974], [-119.86487485992367, 42.70981355653509]]]}, "properties": {"OBJECTID": 331509, "ID": "799126761928392838", "CSE_NAME": "FACETERS FOLLY #2", "STAGE_ID": null, "BLM_PROD": "LODE CLAIM", "CSE_TYPE_NR": "384101", "CSE_NR": "OR101887700", "LEG_CSE_NR": "ORMC166297", "SF_ID": "a02t00000058vBiAAI", "CSE_DISP": "Active", "SRC": "LLD", "QLTY": "1: MIDPOINT\nFULLY ATTRIBUTED QUARTER SECTION ALL BUCKETS ARE EQUAL\naliquot\n36 sections retrieved\n598 intersected features retrieved\n25 matching sections found\nsection 14 issimple: False", "CSE_META": "OR 33 0330S 0240E 014 A NW", "RCRD_ACRS": 12.39, "Created": 1610668800000, "Modified": 1756233364000, "Shape__Length": 0.03451061432934342, "Shape__Area": 7.281308856130402e-05}}, {"type": "Feature", "id": 331510, "geometry": {"type": "Polygon", "coordinates": [[[-119.80526226726121, 42.71748633352943], [-119.80523759856433, 42.71932930467363], [-119.80521293086754, 42.721172275817885], [-119.805163594474, 42.724858218106206], [-119.80765157688876, 42.724854699880396], [-119.81013955830342, 42.72485111565451], [-119.81511549913272, 42.72484401420276], [-119.81517051652621, 42.721152553913576], [-119.81522555791987, 42.7174610936243], [-119.81520485830124, 42.713770844342], [-119.81518418268283, 42.7100806180596], [-119.81021003385592, 42.71009998951186], [-119.805235886029, 42.71011936196412], [-119.80524906464505, 42.71380283524675], [-119.80526226726121, 42.71748633352943]]]}, "properties": {"OBJECTID": 331510, "ID": "799126761227944008", "CSE_NAME": "WESTERN SUN #1", "STAGE_ID": null, "BLM_PROD": "Lode Claim", "CSE_TYPE_NR": "384101", "CSE_NR": "OR101886089", "LEG_CSE_NR": "ORMC166398", "SF_ID": "a02t00000058veEAAQ", "CSE_DISP": "Active", "SRC": "LLD", "QLTY": "1: SIMPLE\nTYPICAL QUARTER SECTION WITH 4 STANDARD LEGALS ATTRIBUTED\naliquot\n36 sections retrieved\n585 intersected features retrieved\n16 matching sections found\n4 alias QQs added\nsection 18 issimple: False, SIMPLE\nFULLY ATTRIBUTED QUARTER SECTION ALL BUCKE", "CSE_META": "OR 33 0330S 0250E 018 A NE|OR 33 0330S 0250E 007 A SE", "RCRD_ACRS": 20.66, "Created": 1610668800000, "Modified": 1728178806000, "Shape__Length": 0.049404177438018546, "Shape__Area": 0.00014687150544829105}}, {"type": "Feature", "id": 331511, "geometry": {"type": "Polygon", "coordinates": [[[-119.80526226726121, 42.71748633352943], [-119.80523759856433, 42.71932930467363], [-119.80521293086754, 42.721172275817885], [-119.805163594474, 42.724858218106206], [-119.80765157688876, 42.724854699880396], [-119.81013955830342, 42.72485111565451], [-119.81511549913272, 42.72484401420276], [-119.81517051652621, 42.721152553913576], [-119.81522555791987, 42.7174610936243], [-119.81520485830124, 42.713770844342], [-119.81518418268283, 42.7100806180596], [-119.81021003385592, 42.71009998951186], [-119.805235886029, 42.71011936196412], [-119.80524906464505, 42.71380283524675], [-119.80526226726121, 42.71748633352943]]]}, "properties": {"OBJECTID": 331511, "ID": "799126761227944009", "CSE_NAME": "WESTERN SUN #4", "STAGE_ID": null, "BLM_PROD": "Lode Claim", "CSE_TYPE_NR": "384101", "CSE_NR": "OR101886090", "LEG_CSE_NR": "ORMC166399", "SF_ID": "a02t00000058veFAAQ", "CSE_DISP": "Active", "SRC": "LLD", "QLTY": "1: SIMPLE\nTYPICAL QUARTER SECTION WITH 4 STANDARD LEGALS ATTRIBUTED\naliquot\n36 sections retrieved\n585 intersected features retrieved\n16 matching sections found\n4 alias QQs added\nsection 18 issimple: False, SIMPLE\nFULLY ATTRIBUTED QUARTER SECTION ALL BUCKE", "CSE_META": "OR 33 0330S 0250E 018 A NE|OR 33 0330S 0250E 007 A SE", "RCRD_ACRS": 14.46, "Created": 1610668800000, "Modified": 1728178806000, "Shape__Length": 0.049404177438018546, "Shape__Area": 0.00014687150544829105}}, {"type": "Feature", "id": 331523, "geometry": {"type": "Polygon", "coordinates": [[[-119.80526226726121, 42.71748633352943], [-119.80029894543195, 42.71748200297896], [-119.79533562360248, 42.717477672428494], [-119.79528267920786, 42.72116186871725], [-119.79522975681344, 42.72484606500597], [-119.80019668764382, 42.72485214155613], [-119.80268012905893, 42.72485521333116], [-119.805163594474, 42.724858218106206], [-119.80521293086754, 42.721172275817885], [-119.80523759856433, 42.71932930467363], [-119.80526226726121, 42.71748633352943]]]}, "properties": {"OBJECTID": 331523, "ID": "799126761966141442", "CSE_NAME": "FUMBLE BEE", "STAGE_ID": null, "BLM_PROD": "Lode Claim", "CSE_TYPE_NR": "384101", "CSE_NR": "OR101887925", "LEG_CSE_NR": "ORMC166509", "SF_ID": "a02t00000058yJ8AAI", "CSE_DISP": "Active", "SRC": "LLD", "QLTY": "1: MIDPOINT\nTYPICAL QUARTER SECTION WITH 4 STANDARD LEGALS ATTRIBUTED\nDOES NOT MATCH PM ANGLES\naliquot\n36 sections retrieved\n585 intersected features retrieved\n19 matching sections found\nsection 8 issimple: False", "CSE_META": "OR 33 0330S 0250E 008 A SW", "RCRD_ACRS": 20.66, "Created": 1610668800000, "Modified": 1728179039000, "Shape__Length": 0.034602186078862056, "Shape__Area": 7.318841900343402e-05}}, {"type": "Feature", "id": 331540, "geometry": {"type": "Polygon", "coordinates": [[[-119.90530045637945, 42.827608241883176], [-119.90524562374371, 42.8238817176037], [-119.90519076810818, 42.8201551933242], [-119.90021480428132, 42.820166345778276], [-119.89523883945435, 42.820177522232306], [-119.89026273562715, 42.82018867568636], [-119.88528663179989, 42.820199805140355], [-119.8853338974357, 42.823935806421545], [-119.88538116307167, 42.82767178370272], [-119.89037174890059, 42.82765606724686], [-119.89536235772945, 42.82764037379105], [-119.90033140655451, 42.827624308337114], [-119.90530045637945, 42.827608241883176]]]}, "properties": {"OBJECTID": 331540, "ID": "801974245549670400", "CSE_NAME": "PANA #7", "STAGE_ID": null, "BLM_PROD": "Lode Claim", "CSE_TYPE_NR": "384101", "CSE_NR": "OR101671770", "LEG_CSE_NR": "ORMC166999", "SF_ID": "a02t00000058vw5AAA", "CSE_DISP": "Active", "SRC": "LLD", "QLTY": "1: SIMPLE\nTYPICAL QUARTER SECTION WITH 4 STANDARD LEGALS ATTRIBUTED\nDOES NOT MATCH PM ANGLES\naliquot\n36 sections retrieved\n576 intersected features retrieved\n16 matching sections found\n4 alias QQs added\nsection 4 issimple: False, SIMPLE\nTYPICAL QUARTER SE", "CSE_META": "OR 33 0320S 0240E 004 A SW|OR 33 0320S 0240E 004 A SE", "RCRD_ACRS": 20.66, "Created": 1611360000000, "Modified": 1728178832000, "Shape__Length": 0.05475000538157485, "Shape__Area": 0.00014860096375984505}}, {"type": "Feature", "id": 331541, "geometry": {"type": "Polygon", "coordinates": [[[-119.90530045637945, 42.827608241883176], [-119.90524562374371, 42.8238817176037], [-119.90519076810818, 42.8201551933242], [-119.90021480428132, 42.820166345778276], [-119.89523883945435, 42.820177522232306], [-119.89026273562715, 42.82018867568636], [-119.88528663179989, 42.820199805140355], [-119.8853338974357, 42.823935806421545], [-119.88538116307167, 42.82767178370272], [-119.89037174890059, 42.82765606724686], [-119.89536235772945, 42.82764037379105], [-119.90033140655451, 42.827624308337114], [-119.90530045637945, 42.827608241883176]]]}, "properties": {"OBJECTID": 331541, "ID": "801974245121851393", "CSE_NAME": "PANA #8", "STAGE_ID": null, "BLM_PROD": "Lode Claim", "CSE_TYPE_NR": "384101", "CSE_NR": "OR101671771", "LEG_CSE_NR": "ORMC167000", "SF_ID": "a02t00000058vw6AAA", "CSE_DISP": "Active", "SRC": "LLD", "QLTY": "1: SIMPLE\nTYPICAL QUARTER SECTION WITH 4 STANDARD LEGALS ATTRIBUTED\nDOES NOT MATCH PM ANGLES\naliquot\n36 sections retrieved\n576 intersected features retrieved\n16 matching sections found\n4 alias QQs added\nsection 4 issimple: False, SIMPLE\nTYPICAL QUARTER SE", "CSE_META": "OR 33 0320S 0240E 004 A SW|OR 33 0320S 0240E 004 A SE", "RCRD_ACRS": 20.66, "Created": 1611360000000, "Modified": 1728178832000, "Shape__Length": 0.05475000538157485, "Shape__Area": 0.00014860096375984505}}, {"type": "Feature", "id": 331542, "geometry": {"type": "Polygon", "coordinates": [[[-119.89536235772945, 42.82764037379105], [-119.89542424536846, 42.83137872607084], [-119.89548398998558, 42.834988137340964], [-119.90048544881746, 42.83498028988458], [-119.90548693164921, 42.83497244342815], [-119.90539382202657, 42.83136326516125], [-119.90530045637945, 42.827608241883176], [-119.90524562374371, 42.8238817176037], [-119.90519076810818, 42.8201551933242], [-119.90021480428132, 42.820166345778276], [-119.89523883945435, 42.820177522232306], [-119.89530058709178, 42.82390895951169], [-119.89536235772945, 42.82764037379105]]]}, "properties": {"OBJECTID": 331542, "ID": "801974244522066033", "CSE_NAME": "PANA #10", "STAGE_ID": null, "BLM_PROD": "Lode Claim", "CSE_TYPE_NR": "384101", "CSE_NR": "OR101671772", "LEG_CSE_NR": "ORMC167001", "SF_ID": "a02t00000058vw7AAA", "CSE_DISP": "Active", "SRC": "LLD", "QLTY": "1: SIMPLE\nTYPICAL QUARTER SECTION WITH 4 STANDARD LEGALS ATTRIBUTED\nDOES NOT MATCH PM ANGLES\naliquot\n36 sections retrieved\n576 intersected features retrieved\n16 matching sections found\n4 alias QQs added\nsection 4 issimple: False, SIMPLE\nTYPICAL QUARTER SE", "CSE_META": "OR 33 0320S 0240E 004 A NW|OR 33 0320S 0240E 004 A SW", "RCRD_ACRS": 20.66, "Created": 1611360000000, "Modified": 1728178832000, "Shape__Length": 0.049587964518977706, "Shape__Area": 0.00014751301067022604}}, {"type": "Feature", "id": 331559, "geometry": {"type": "Polygon", "coordinates": [[[-119.88528663179989, 42.820199805140355], [-119.8853338974357, 42.823935806421545], [-119.88538116307167, 42.82767178370272], [-119.89037174890059, 42.82765606724686], [-119.89536235772945, 42.82764037379105], [-119.89530058709178, 42.82390895951169], [-119.89523883945435, 42.820177522232306], [-119.89026273562715, 42.82018867568636], [-119.88528663179989, 42.820199805140355]]]}, "properties": {"OBJECTID": 331559, "ID": "801974244526260243", "CSE_NAME": "PANA 4", "STAGE_ID": null, "BLM_PROD": "Lode Claim", "CSE_TYPE_NR": "384101", "CSE_NR": "OR101400546", "LEG_CSE_NR": "ORMC167614", "SF_ID": "a02t00000058xtpAAA", "CSE_DISP": "Active", "SRC": "LLD", "QLTY": "1: SIMPLE\nTYPICAL QUARTER SECTION WITH 4 STANDARD LEGALS ATTRIBUTED\nDOES NOT MATCH PM ANGLES\naliquot\n36 sections retrieved\n576 intersected features retrieved\n16 matching sections found\n4 alias QQs added\nsection 4 issimple: False", "CSE_META": "OR 33 0320S 0240E 004 A SE", "RCRD_ACRS": 20.66, "Created": 1611360000000, "Modified": 1728179003000, "Shape__Length": 0.034869922390607454, "Shape__Area": 7.442824281367852e-05}}, {"type": "Feature", "id": 331772, "geometry": {"type": "Polygon", "coordinates": [[[-119.89536235772945, 42.82764037379105], [-119.89542424536846, 42.83137872607084], [-119.89548398998558, 42.834988137340964], [-119.90048544881746, 42.83498028988458], [-119.90548693164921, 42.83497244342815], [-119.90539382202657, 42.83136326516125], [-119.90530045637945, 42.827608241883176], [-119.90524562374371, 42.8238817176037], [-119.90519076810818, 42.8201551933242], [-119.90021480428132, 42.820166345778276], [-119.89523883945435, 42.820177522232306], [-119.89530058709178, 42.82390895951169], [-119.89536235772945, 42.82764037379105]]]}, "properties": {"OBJECTID": 331772, "ID": "799126726247448650", "CSE_NAME": "SEVEN SEAS 1", "STAGE_ID": null, "BLM_PROD": "Lode Claim", "CSE_TYPE_NR": "384101", "CSE_NR": "OR101341675", "LEG_CSE_NR": "ORMC168261", "SF_ID": "a02t000000591XnAAI", "CSE_DISP": "Active", "SRC": "LLD", "QLTY": "1: SIMPLE\nTYPICAL QUARTER SECTION WITH 4 STANDARD LEGALS ATTRIBUTED\nDOES NOT MATCH PM ANGLES\naliquot\n36 sections retrieved\n576 intersected features retrieved\n16 matching sections found\n4 alias QQs added\nsection 4 issimple: False, SIMPLE\nTYPICAL QUARTER SE", "CSE_META": "OR 33 0320S 0240E 004 A NW|OR 33 0320S 0240E 004 A SW", "RCRD_ACRS": 20.66, "Created": 1610668800000, "Modified": 1728179323000, "Shape__Length": 0.049587964518977706, "Shape__Area": 0.00014751301067022604}}, {"type": "Feature", "id": 331773, "geometry": {"type": "Polygon", "coordinates": [[[-119.90530045637945, 42.827608241883176], [-119.90524562374371, 42.8238817176037], [-119.90519076810818, 42.8201551933242], [-119.90021480428132, 42.820166345778276], [-119.89523883945435, 42.820177522232306], [-119.89530058709178, 42.82390895951169], [-119.89536235772945, 42.82764037379105], [-119.90033140655451, 42.827624308337114], [-119.90530045637945, 42.827608241883176]]]}, "properties": {"OBJECTID": 331773, "ID": "799126726247448651", "CSE_NAME": "SEVEN SEAS 2", "STAGE_ID": null, "BLM_PROD": "Lode Claim", "CSE_TYPE_NR": "384101", "CSE_NR": "OR101341676", "LEG_CSE_NR": "ORMC168262", "SF_ID": "a02t000000591XoAAI", "CSE_DISP": "Active", "SRC": "LLD", "QLTY": "1: SIMPLE\nTYPICAL QUARTER SECTION WITH 4 STANDARD LEGALS ATTRIBUTED\nDOES NOT MATCH PM ANGLES\naliquot\n36 sections retrieved\n576 intersected features retrieved\n16 matching sections found\n4 alias QQs added\nsection 4 issimple: False", "CSE_META": "OR 33 0320S 0240E 004 A SW", "RCRD_ACRS": 20.66, "Created": 1610668800000, "Modified": 1728179323000, "Shape__Length": 0.034807829170218525, "Shape__Area": 7.417272094616652e-05}}, {"type": "Feature", "id": 331953, "geometry": {"type": "Polygon", "coordinates": [[[-119.88506168304136, 42.75027563480903], [-119.88505963497616, 42.749887811779494], [-119.88504238042707, 42.746620496530596], [-119.88006264460046, 42.74663756398404], [-119.87608027393934, 42.74665121234667], [-119.87508290777376, 42.74665463043749], [-119.87509392138662, 42.750309699716794], [-119.8751049119996, 42.75396476799607], [-119.88009295982779, 42.753947771541725], [-119.8850809846558, 42.753930797087385], [-119.88506168304136, 42.75027563480903]]]}, "properties": {"OBJECTID": 331953, "ID": "801974245134434315", "CSE_NAME": "YELLOW ROSE #8", "STAGE_ID": null, "BLM_PROD": "Lode Claim", "CSE_TYPE_NR": "384101", "CSE_NR": "OR101750387", "LEG_CSE_NR": "ORMC169715", "SF_ID": "a02t000000594zhAAA", "CSE_DISP": "Active", "SRC": "LLD", "QLTY": "1: MIDPOINT\nTYPICAL QUARTER SECTION WITH 4 STANDARD LEGALS ATTRIBUTED\naliquot\n36 sections retrieved\n576 intersected features retrieved\n16 matching sections found\nsection 34 issimple: True", "CSE_META": "OR 33 0320S 0240E 034 A SW", "RCRD_ACRS": 20.66, "Created": 1611360000000, "Modified": 1728179626000, "Shape__Length": 0.03455623036336802, "Shape__Area": 7.286751855371702e-05}}, {"type": "Feature", "id": 331954, "geometry": {"type": "Polygon", "coordinates": [[[-119.8751049119996, 42.75396476799607], [-119.87511597161505, 42.75763329427633], [-119.87512703223064, 42.761301821556586], [-119.87608087538858, 42.76129602546946], [-119.88012360205796, 42.76127145910027], [-119.8851201478853, 42.761241097644024], [-119.88510056627047, 42.75758593636575], [-119.8850809846558, 42.753930797087385], [-119.88009295982779, 42.753947771541725], [-119.8751049119996, 42.75396476799607]]]}, "properties": {"OBJECTID": 331954, "ID": "801974244551426099", "CSE_NAME": "YELLOW ROSE #9", "STAGE_ID": null, "BLM_PROD": "Lode Claim", "CSE_TYPE_NR": "384101", "CSE_NR": "OR101750388", "LEG_CSE_NR": "ORMC169716", "SF_ID": "a02t000000594ziAAA", "CSE_DISP": "Active", "SRC": "LLD", "QLTY": "1: MIDPOINT\nTYPICAL QUARTER SECTION WITH 4 STANDARD LEGALS ATTRIBUTED\naliquot\n36 sections retrieved\n576 intersected features retrieved\n16 matching sections found\nsection 34 issimple: True", "CSE_META": "OR 33 0320S 0240E 034 A NW", "RCRD_ACRS": 20.66, "Created": 1611360000000, "Modified": 1728179626000, "Shape__Length": 0.034616918563351466, "Shape__Area": 7.312543099162752e-05}}, {"type": "Feature", "id": 331955, "geometry": {"type": "Polygon", "coordinates": [[[-119.8751049119996, 42.75396476799607], [-119.87511597161505, 42.75763329427633], [-119.87512703223064, 42.761301821556586], [-119.87608087538858, 42.76129602546946], [-119.88012360205796, 42.76127145910027], [-119.8851201478853, 42.761241097644024], [-119.88510056627047, 42.75758593636575], [-119.8850809846558, 42.753930797087385], [-119.88009295982779, 42.753947771541725], [-119.8751049119996, 42.75396476799607]]]}, "properties": {"OBJECTID": 331955, "ID": "801974245549670457", "CSE_NAME": "YELLOW ROSE #10", "STAGE_ID": null, "BLM_PROD": "Lode Claim", "CSE_TYPE_NR": "384101", "CSE_NR": "OR101750389", "LEG_CSE_NR": "ORMC169717", "SF_ID": "a02t000000594zjAAA", "CSE_DISP": "Active", "SRC": "LLD", "QLTY": "1: MIDPOINT\nTYPICAL QUARTER SECTION WITH 4 STANDARD LEGALS ATTRIBUTED\naliquot\n36 sections retrieved\n576 intersected features retrieved\n16 matching sections found\nsection 34 issimple: True", "CSE_META": "OR 33 0320S 0240E 034 A NW", "RCRD_ACRS": 20.66, "Created": 1611360000000, "Modified": 1728179626000, "Shape__Length": 0.034616918563351466, "Shape__Area": 7.312543099162752e-05}}, {"type": "Feature", "id": 331956, "geometry": {"type": "Polygon", "coordinates": [[[-119.88506168304136, 42.75027563480903], [-119.88505963497616, 42.749887811779494], [-119.88504238042707, 42.746620496530596], [-119.88006264460046, 42.74663756398404], [-119.87608027393934, 42.74665121234667], [-119.87508290777376, 42.74665463043749], [-119.87509392138662, 42.750309699716794], [-119.8751049119996, 42.75396476799607], [-119.88009295982779, 42.753947771541725], [-119.8850809846558, 42.753930797087385], [-119.88506168304136, 42.75027563480903]]]}, "properties": {"OBJECTID": 331956, "ID": "801974245549670458", "CSE_NAME": "YELLOW ROSE # WEST 4", "STAGE_ID": null, "BLM_PROD": "Lode Claim", "CSE_TYPE_NR": "384101", "CSE_NR": "OR101750390", "LEG_CSE_NR": "ORMC169725", "SF_ID": "a02t000000594zkAAA", "CSE_DISP": "Active", "SRC": "LLD", "QLTY": "1: MIDPOINT\nTYPICAL QUARTER SECTION WITH 4 STANDARD LEGALS ATTRIBUTED\naliquot\n36 sections retrieved\n576 intersected features retrieved\n16 matching sections found\nsection 34 issimple: True", "CSE_META": "OR 33 0320S 0240E 034 A SW", "RCRD_ACRS": 20.66, "Created": 1611360000000, "Modified": 1728179626000, "Shape__Length": 0.03455623036336802, "Shape__Area": 7.286751855371702e-05}}, {"type": "Feature", "id": 331957, "geometry": {"type": "Polygon", "coordinates": [[[-119.8751049119996, 42.75396476799607], [-119.87511597161505, 42.75763329427633], [-119.87512703223064, 42.761301821556586], [-119.87608087538858, 42.76129602546946], [-119.88012360205796, 42.76127145910027], [-119.8851201478853, 42.761241097644024], [-119.88510056627047, 42.75758593636575], [-119.8850809846558, 42.753930797087385], [-119.88009295982779, 42.753947771541725], [-119.8751049119996, 42.75396476799607]]]}, "properties": {"OBJECTID": 331957, "ID": "801974244551426100", "CSE_NAME": "YELLOW ROSE # WEST 6", "STAGE_ID": null, "BLM_PROD": "Lode Claim", "CSE_TYPE_NR": "384101", "CSE_NR": "OR101750391", "LEG_CSE_NR": "ORMC169726", "SF_ID": "a02t000000594zlAAA", "CSE_DISP": "Active", "SRC": "LLD", "QLTY": "1: MIDPOINT\nTYPICAL QUARTER SECTION WITH 4 STANDARD LEGALS ATTRIBUTED\naliquot\n36 sections retrieved\n576 intersected features retrieved\n16 matching sections found\nsection 34 issimple: True", "CSE_META": "OR 33 0320S 0240E 034 A NW", "RCRD_ACRS": 20.66, "Created": 1611360000000, "Modified": 1728179626000, "Shape__Length": 0.034616918563351466, "Shape__Area": 7.312543099162752e-05}}, {"type": "Feature", "id": 331958, "geometry": {"type": "Polygon", "coordinates": [[[-119.87511597161505, 42.75763329427633], [-119.8751049119996, 42.75396476799607], [-119.8701239651724, 42.75398129944975], [-119.86514301834511, 42.75399783090332], [-119.8651384559602, 42.75768025718623], [-119.8651338695755, 42.76136266046908], [-119.87013043940314, 42.761332229012815], [-119.87512703223064, 42.761301821556586], [-119.87511597161505, 42.75763329427633]]]}, "properties": {"OBJECTID": 331958, "ID": "801974244551426101", "CSE_NAME": "YELLOW ROSE # WEST 7", "STAGE_ID": null, "BLM_PROD": "Lode Claim", "CSE_TYPE_NR": "384101", "CSE_NR": "OR101750392", "LEG_CSE_NR": "ORMC169727", "SF_ID": "a02t000000594zmAAA", "CSE_DISP": "Active", "SRC": "LLD", "QLTY": "1: MIDPOINT\nTYPICAL QUARTER SECTION WITH 4 STANDARD LEGALS ATTRIBUTED\naliquot\n36 sections retrieved\n576 intersected features retrieved\n16 matching sections found\nsection 34 issimple: True", "CSE_META": "OR 33 0320S 0240E 034 A NE", "RCRD_ACRS": 20.66, "Created": 1611360000000, "Modified": 1728179626000, "Shape__Length": 0.03465721407674895, "Shape__Area": 7.334440669560702e-05}}, {"type": "Feature", "id": 332041, "geometry": {"type": "Polygon", "coordinates": [[[-119.8199778201761, 42.73222763233007], [-119.82508535702813, 42.73222644486667], [-119.82512116641682, 42.72852762657887], [-119.82515699780565, 42.724828786291006], [-119.82009453596233, 42.72483662275071], [-119.8200919989619, 42.72483646975094], [-119.81511549913272, 42.72484401420276], [-119.81506045873952, 42.72853635949198], [-119.81500539534653, 42.732228727781205], [-119.8199778201761, 42.73222763233007]]]}, "properties": {"OBJECTID": 332041, "ID": "799126735072264241", "CSE_NAME": "BUNNY HOP", "STAGE_ID": null, "BLM_PROD": "Lode Claim", "CSE_TYPE_NR": "384101", "CSE_NR": "OR101378934", "LEG_CSE_NR": "ORMC170833", "SF_ID": "a02t0000005998uAAA", "CSE_DISP": "Active", "SRC": "LLD", "QLTY": "1: SIMPLE\nTYPICAL QUARTER SECTION WITH 4 STANDARD LEGALS ATTRIBUTED\nDOES NOT MATCH PM ANGLES\naliquot\n36 sections retrieved\n585 intersected features retrieved\n22 matching sections found\nsection 7 issimple: False", "CSE_META": "OR 33 0330S 0250E 007 A NW", "RCRD_ACRS": 20.66, "Created": 1610668800000, "Modified": 1728179992000, "Shape__Length": 0.03490501232701354, "Shape__Area": 7.435957842549602e-05}}, {"type": "Feature", "id": 332042, "geometry": {"type": "Polygon", "coordinates": [[[-119.8199778201761, 42.73222763233007], [-119.82508535702813, 42.73222644486667], [-119.82512116641682, 42.72852762657887], [-119.82515699780565, 42.724828786291006], [-119.82009453596233, 42.72483662275071], [-119.8200919989619, 42.72483646975094], [-119.81511549913272, 42.72484401420276], [-119.81506045873952, 42.72853635949198], [-119.81500539534653, 42.732228727781205], [-119.8199778201761, 42.73222763233007]]]}, "properties": {"OBJECTID": 332042, "ID": "799126735072264242", "CSE_NAME": "RABBIT RUN", "STAGE_ID": null, "BLM_PROD": "Lode Claim", "CSE_TYPE_NR": "384101", "CSE_NR": "OR101378935", "LEG_CSE_NR": "ORMC170834", "SF_ID": "a02t0000005998vAAA", "CSE_DISP": "Active", "SRC": "LLD", "QLTY": "1: SIMPLE\nTYPICAL QUARTER SECTION WITH 4 STANDARD LEGALS ATTRIBUTED\nDOES NOT MATCH PM ANGLES\naliquot\n36 sections retrieved\n585 intersected features retrieved\n22 matching sections found\nsection 7 issimple: False", "CSE_META": "OR 33 0330S 0250E 007 A NW", "RCRD_ACRS": 20.66, "Created": 1610668800000, "Modified": 1728179992000, "Shape__Length": 0.03490501232701354, "Shape__Area": 7.435957842549602e-05}}, {"type": "Feature", "id": 332065, "geometry": {"type": "Polygon", "coordinates": [[[-119.8199778201761, 42.73222763233007], [-119.82508535702813, 42.73222644486667], [-119.82512116641682, 42.72852762657887], [-119.82515699780565, 42.724828786291006], [-119.82009453596233, 42.72483662275071], [-119.8200919989619, 42.72483646975094], [-119.81511549913272, 42.72484401420276], [-119.81506045873952, 42.72853635949198], [-119.81500539534653, 42.732228727781205], [-119.8199778201761, 42.73222763233007]]]}, "properties": {"OBJECTID": 332065, "ID": "799126717242278005", "CSE_NAME": "BUNNY RUN", "STAGE_ID": null, "BLM_PROD": "Lode Claim", "CSE_TYPE_NR": "384101", "CSE_NR": "OR101354240", "LEG_CSE_NR": "ORMC170966", "SF_ID": "a02t000000592gDAAQ", "CSE_DISP": "Active", "SRC": "LLD", "QLTY": "1: SIMPLE\nTYPICAL QUARTER SECTION WITH 4 STANDARD LEGALS ATTRIBUTED\nDOES NOT MATCH PM ANGLES\naliquot\n36 sections retrieved\n585 intersected features retrieved\n22 matching sections found\nsection 7 issimple: False", "CSE_META": "OR 33 0330S 0250E 007 A NW", "RCRD_ACRS": 20.66, "Created": 1610668800000, "Modified": 1728179423000, "Shape__Length": 0.03490501232701354, "Shape__Area": 7.435957842549602e-05}}, {"type": "Feature", "id": 332075, "geometry": {"type": "Polygon", "coordinates": [[[-119.81517051652621, 42.721152553913576], [-119.81522555791987, 42.7174610936243], [-119.81024391209061, 42.717473713076885], [-119.80775308967591, 42.71748003530314], [-119.80526226726121, 42.71748633352943], [-119.80029894543195, 42.71748200297896], [-119.79533562360248, 42.717477672428494], [-119.79528267920786, 42.72116186871725], [-119.79522975681344, 42.72484606500597], [-119.80019668764382, 42.72485214155613], [-119.80268012905893, 42.72485521333116], [-119.805163594474, 42.724858218106206], [-119.80765157688876, 42.724854699880396], [-119.81013955830342, 42.72485111565451], [-119.81511549913272, 42.72484401420276], [-119.81517051652621, 42.721152553913576]]]}, "properties": {"OBJECTID": 332075, "ID": "801974245142822923", "CSE_NAME": "NITE HAWK", "STAGE_ID": null, "BLM_PROD": "Lode Claim", "CSE_TYPE_NR": "384101", "CSE_NR": "OR101354317", "LEG_CSE_NR": "ORMC171023", "SF_ID": "a02t000000595aWAAQ", "CSE_DISP": "Active", "SRC": "LLD", "QLTY": "1: MIDPOINT\nTYPICAL QUARTER SECTION WITH 4 STANDARD LEGALS ATTRIBUTED\nDOES NOT MATCH PM ANGLES\naliquot\n36 sections retrieved\n585 intersected features retrieved\n19 matching sections found\nsection 8 issimple: False, SIMPLE\nFULLY ATTRIBUTED QUARTER SECTION A", "CSE_META": "OR 33 0330S 0250E 008 A SW|OR 33 0330S 0250E 007 A SE", "RCRD_ACRS": 20.66, "Created": 1611360000000, "Modified": 1728179678000, "Shape__Length": 0.05452861613456692, "Shape__Area": 0.00014664755835750904}}, {"type": "Feature", "id": 332084, "geometry": {"type": "Polygon", "coordinates": [[[-119.805163594474, 42.724858218106206], [-119.80513892677733, 42.72670111925043], [-119.80511425808066, 42.72854402039457], [-119.80506492168745, 42.73222982268288], [-119.81003515851705, 42.73222928623207], [-119.81500539534653, 42.732228727781205], [-119.81506045873952, 42.72853635949198], [-119.81511549913272, 42.72484401420276], [-119.81013955830342, 42.72485111565451], [-119.80765157688876, 42.724854699880396], [-119.805163594474, 42.724858218106206]]]}, "properties": {"OBJECTID": 332084, "ID": "799126766999306303", "CSE_NAME": "MISHA #2", "STAGE_ID": null, "BLM_PROD": "LODE CLAIM", "CSE_TYPE_NR": "384101", "CSE_NR": "OR101868668", "LEG_CSE_NR": "ORMC171216", "SF_ID": "a02t000000595lsAAA", "CSE_DISP": "Active", "SRC": "LLD", "QLTY": "1: SIMPLE\nFULLY ATTRIBUTED QUARTER SECTION ALL BUCKETS ARE EQUAL\nDOES NOT MATCH PM ANGLES\naliquot\n36 sections retrieved\n585 intersected features retrieved\n22 matching sections found\nsection 7 issimple: False", "CSE_META": "OR 33 0330S 0250E 007 A NE", "RCRD_ACRS": 20.66, "Created": 1610668800000, "Modified": 1746042658000, "Shape__Length": 0.03465018335504566, "Shape__Area": 7.338376530391301e-05}}, {"type": "Feature", "id": 332096, "geometry": {"type": "Polygon", "coordinates": [[[-119.81021003385592, 42.71009998951186], [-119.81518418268283, 42.7100806180596], [-119.81516355306587, 42.70639828477776], [-119.81514294644909, 42.702715974495916], [-119.81017608562331, 42.70273415894728], [-119.80520924879735, 42.70275236639869], [-119.80522256741308, 42.70643586368143], [-119.805235886029, 42.71011936196412], [-119.81021003385592, 42.71009998951186]]]}, "properties": {"OBJECTID": 332096, "ID": "801974244555620373", "CSE_NAME": "ARMADILLO DEN #1", "STAGE_ID": null, "BLM_PROD": "Lode Claim", "CSE_TYPE_NR": "384101", "CSE_NR": "OR101867370", "LEG_CSE_NR": "ORMC171282", "SF_ID": "a02t000000599DKAAY", "CSE_DISP": "Active", "SRC": "LLD", "QLTY": "1: SIMPLE\nTYPICAL QUARTER SECTION WITH 4 STANDARD LEGALS ATTRIBUTED\naliquot\n36 sections retrieved\n585 intersected features retrieved\n16 matching sections found\n4 alias QQs added\nsection 18 issimple: False", "CSE_META": "OR 33 0330S 0250E 018 A SE", "RCRD_ACRS": 20.66, "Created": 1611360000000, "Modified": 1728179999000, "Shape__Length": 0.034613934687537366, "Shape__Area": 7.322486111182651e-05}}, {"type": "Feature", "id": 332097, "geometry": {"type": "Polygon", "coordinates": [[[-119.80025486797012, 42.702750736847335], [-119.79530048714275, 42.702749131295995], [-119.79530926575748, 42.706431487579216], [-119.79531804437237, 42.71011382086239], [-119.80027696520077, 42.71011659141324], [-119.805235886029, 42.71011936196412], [-119.80522256741308, 42.70643586368143], [-119.80520924879735, 42.70275236639869], [-119.80025486797012, 42.702750736847335]]]}, "properties": {"OBJECTID": 332097, "ID": "801974244555620374", "CSE_NAME": "ARMADILLO DEN #2", "STAGE_ID": null, "BLM_PROD": "Lode Claim", "CSE_TYPE_NR": "384101", "CSE_NR": "OR101867371", "LEG_CSE_NR": "ORMC171283", "SF_ID": "a02t000000599DLAAY", "CSE_DISP": "Active", "SRC": "LLD", "QLTY": "1: MIDPOINT\nTYPICAL QUARTER SECTION WITH 4 STANDARD LEGALS ATTRIBUTED\naliquot\n36 sections retrieved\n585 intersected features retrieved\n16 matching sections found\nsection 17 issimple: True", "CSE_META": "OR 33 0330S 0250E 017 A SW", "RCRD_ACRS": 20.66, "Created": 1611360000000, "Modified": 1728179999000, "Shape__Length": 0.034558355154086104, "Shape__Area": 7.301976407942202e-05}}, {"type": "Feature", "id": 332098, "geometry": {"type": "Polygon", "coordinates": [[[-119.81021003385592, 42.71009998951186], [-119.81518418268283, 42.7100806180596], [-119.81516355306587, 42.70639828477776], [-119.81514294644909, 42.702715974495916], [-119.81017608562331, 42.70273415894728], [-119.80520924879735, 42.70275236639869], [-119.80522256741308, 42.70643586368143], [-119.805235886029, 42.71011936196412], [-119.81021003385592, 42.71009998951186]]]}, "properties": {"OBJECTID": 332098, "ID": "801974245549670490", "CSE_NAME": "ARMADILLO DEN #3", "STAGE_ID": null, "BLM_PROD": "Lode Claim", "CSE_TYPE_NR": "384101", "CSE_NR": "OR101867372", "LEG_CSE_NR": "ORMC171284", "SF_ID": "a02t000000599DMAAY", "CSE_DISP": "Active", "SRC": "LLD", "QLTY": "1: SIMPLE\nTYPICAL QUARTER SECTION WITH 4 STANDARD LEGALS ATTRIBUTED\naliquot\n36 sections retrieved\n585 intersected features retrieved\n16 matching sections found\n4 alias QQs added\nsection 18 issimple: False", "CSE_META": "OR 33 0330S 0250E 018 A SE", "RCRD_ACRS": 20.66, "Created": 1611360000000, "Modified": 1728179999000, "Shape__Length": 0.034613934687537366, "Shape__Area": 7.322486111182651e-05}}, {"type": "Feature", "id": 332128, "geometry": {"type": "Polygon", "coordinates": [[[-119.87511597161505, 42.75763329427633], [-119.8751049119996, 42.75396476799607], [-119.8701239651724, 42.75398129944975], [-119.86514301834511, 42.75399783090332], [-119.8651384559602, 42.75768025718623], [-119.8651338695755, 42.76136266046908], [-119.87013043940314, 42.761332229012815], [-119.87512703223064, 42.761301821556586], [-119.87511597161505, 42.75763329427633]]]}, "properties": {"OBJECTID": 332128, "ID": "799126766311440516", "CSE_NAME": "ARROWHEAD", "STAGE_ID": null, "BLM_PROD": "Lode Claim", "CSE_TYPE_NR": "384101", "CSE_NR": "OR101863736", "LEG_CSE_NR": "ORMC171396", "SF_ID": "a02t00000059DMnAAM", "CSE_DISP": "Active", "SRC": "LLD", "QLTY": "1: MIDPOINT\nTYPICAL QUARTER SECTION WITH 4 STANDARD LEGALS ATTRIBUTED\naliquot\n36 sections retrieved\n576 intersected features retrieved\n16 matching sections found\nsection 34 issimple: True", "CSE_META": "OR 33 0320S 0240E 034 A NE", "RCRD_ACRS": 20.66, "Created": 1610668800000, "Modified": 1728180410000, "Shape__Length": 0.03465721407674895, "Shape__Area": 7.334440669560702e-05}}, {"type": "Feature", "id": 332129, "geometry": {"type": "Polygon", "coordinates": [[[-119.8751049119996, 42.75396476799607], [-119.87511597161505, 42.75763329427633], [-119.87512703223064, 42.761301821556586], [-119.87608087538858, 42.76129602546946], [-119.88012360205796, 42.76127145910027], [-119.8851201478853, 42.761241097644024], [-119.88510056627047, 42.75758593636575], [-119.8850809846558, 42.753930797087385], [-119.88009295982779, 42.753947771541725], [-119.8751049119996, 42.75396476799607]]]}, "properties": {"OBJECTID": 332129, "ID": "799126766311440517", "CSE_NAME": "ARROWHEAD #4", "STAGE_ID": null, "BLM_PROD": "Lode Claim", "CSE_TYPE_NR": "384101", "CSE_NR": "OR101863737", "LEG_CSE_NR": "ORMC171397", "SF_ID": "a02t00000059DMoAAM", "CSE_DISP": "Active", "SRC": "LLD", "QLTY": "1: MIDPOINT\nTYPICAL QUARTER SECTION WITH 4 STANDARD LEGALS ATTRIBUTED\naliquot\n36 sections retrieved\n576 intersected features retrieved\n16 matching sections found\nsection 34 issimple: True", "CSE_META": "OR 33 0320S 0240E 034 A NW", "RCRD_ACRS": 20.66, "Created": 1610668800000, "Modified": 1728180410000, "Shape__Length": 0.034616918563351466, "Shape__Area": 7.312543099162752e-05}}, {"type": "Feature", "id": 332130, "geometry": {"type": "Polygon", "coordinates": [[[-119.80027696520077, 42.71011659141324], [-119.79531804437237, 42.71011382086239], [-119.79532682198733, 42.71379575814549], [-119.79533562360248, 42.717477672428494], [-119.80029894543195, 42.71748200297896], [-119.80526226726121, 42.71748633352943], [-119.80524906464505, 42.71380283524675], [-119.805235886029, 42.71011936196412], [-119.80027696520077, 42.71011659141324]]]}, "properties": {"OBJECTID": 332130, "ID": "799126716504080425", "CSE_NAME": "SPARKLE", "STAGE_ID": null, "BLM_PROD": "LODE CLAIM", "CSE_TYPE_NR": "384101", "CSE_NR": "OR101350951", "LEG_CSE_NR": "ORMC171435", "SF_ID": "a02t0000005949FAAQ", "CSE_DISP": "Active", "SRC": "LLD", "QLTY": "1: MIDPOINT\nTYPICAL QUARTER SECTION WITH 4 STANDARD LEGALS ATTRIBUTED\naliquot\n36 sections retrieved\n585 intersected features retrieved\n16 matching sections found\nsection 17 issimple: True", "CSE_META": "OR 33 0330S 0250E 017 A NW", "RCRD_ACRS": 20.66, "Created": 1610668800000, "Modified": 1754931384000, "Shape__Length": 0.034575377538845944, "Shape__Area": 7.308122715842152e-05}}, {"type": "Feature", "id": 332131, "geometry": {"type": "Polygon", "coordinates": [[[-119.81021003385592, 42.71009998951186], [-119.81518418268283, 42.7100806180596], [-119.81516355306587, 42.70639828477776], [-119.81514294644909, 42.702715974495916], [-119.81017608562331, 42.70273415894728], [-119.80520924879735, 42.70275236639869], [-119.80522256741308, 42.70643586368143], [-119.805235886029, 42.71011936196412], [-119.81021003385592, 42.71009998951186]]]}, "properties": {"OBJECTID": 332131, "ID": "801974244555620392", "CSE_NAME": "HARDLY WORKIN", "STAGE_ID": null, "BLM_PROD": "Lode Claim", "CSE_TYPE_NR": "384101", "CSE_NR": "OR101355774", "LEG_CSE_NR": "ORMC171439", "SF_ID": "a02t000000594cKAAQ", "CSE_DISP": "Active", "SRC": "LLD", "QLTY": "1: SIMPLE\nTYPICAL QUARTER SECTION WITH 4 STANDARD LEGALS ATTRIBUTED\naliquot\n36 sections retrieved\n585 intersected features retrieved\n16 matching sections found\n4 alias QQs added\nsection 18 issimple: False", "CSE_META": "OR 33 0330S 0250E 018 A SE", "RCRD_ACRS": 20.66, "Created": 1611360000000, "Modified": 1728179592000, "Shape__Length": 0.034613934687537366, "Shape__Area": 7.322486111182651e-05}}, {"type": "Feature", "id": 332133, "geometry": {"type": "Polygon", "coordinates": [[[-119.82522863858387, 42.71743110371519], [-119.8251928071947, 42.721129945003106], [-119.82515699780565, 42.724828786291006], [-119.83012388162378, 42.724766223835786], [-119.83509078844182, 42.724703638380504], [-119.83511199883036, 42.72101669509499], [-119.83513320921904, 42.717329751809416], [-119.8301809244015, 42.71738041626233], [-119.82522863858387, 42.71743110371519]]]}, "properties": {"OBJECTID": 332133, "ID": "799126715560362008", "CSE_NAME": "SUNCRYSTAL #8", "STAGE_ID": null, "BLM_PROD": "Lode Claim", "CSE_TYPE_NR": "384101", "CSE_NR": "OR101485952", "LEG_CSE_NR": "ORMC171461", "SF_ID": "a02t0000005954JAAQ", "CSE_DISP": "Active", "SRC": "LLD", "QLTY": "1: MIDPOINT\nTYPICAL QUARTER SECTION WITH 4 STANDARD LEGALS ATTRIBUTED\nDOES NOT MATCH PM ANGLES\naliquot\n36 sections retrieved\n598 intersected features retrieved\n16 matching sections found\nsection 12 issimple: True", "CSE_META": "OR 33 0330S 0240E 012 A SE", "RCRD_ACRS": 20.66, "Created": 1610668800000, "Modified": 1728179632000, "Shape__Length": 0.034611701735305, "Shape__Area": 7.325460874724452e-05}}, {"type": "Feature", "id": 332188, "geometry": {"type": "Polygon", "coordinates": [[[-119.88506168304136, 42.75027563480903], [-119.88505963497616, 42.749887811779494], [-119.88504238042707, 42.746620496530596], [-119.88006264460046, 42.74663756398404], [-119.87608027393934, 42.74665121234667], [-119.87508290777376, 42.74665463043749], [-119.87509392138662, 42.750309699716794], [-119.8751049119996, 42.75396476799607], [-119.88009295982779, 42.753947771541725], [-119.8850809846558, 42.753930797087385], [-119.88506168304136, 42.75027563480903]]]}, "properties": {"OBJECTID": 332188, "ID": "799126763606114317", "CSE_NAME": "SUNCRYSTAL #1", "STAGE_ID": null, "BLM_PROD": "Lode Claim", "CSE_TYPE_NR": "384101", "CSE_NR": "OR101840450", "LEG_CSE_NR": "ORMC172144", "SF_ID": "a02t00000059F5qAAE", "CSE_DISP": "Active", "SRC": "LLD", "QLTY": "1: MIDPOINT\nTYPICAL QUARTER SECTION WITH 4 STANDARD LEGALS ATTRIBUTED\naliquot\n36 sections retrieved\n576 intersected features retrieved\n16 matching sections found\nsection 34 issimple: True", "CSE_META": "OR 33 0320S 0240E 034 A SW", "RCRD_ACRS": 20.66, "Created": 1610668800000, "Modified": 1728180586000, "Shape__Length": 0.03455623036336802, "Shape__Area": 7.286751855371702e-05}}, {"type": "Feature", "id": 332189, "geometry": {"type": "Polygon", "coordinates": [[[-119.88506168304136, 42.75027563480903], [-119.88505963497616, 42.749887811779494], [-119.88504238042707, 42.746620496530596], [-119.88006264460046, 42.74663756398404], [-119.87608027393934, 42.74665121234667], [-119.87508290777376, 42.74665463043749], [-119.87509392138662, 42.750309699716794], [-119.8751049119996, 42.75396476799607], [-119.88009295982779, 42.753947771541725], [-119.8850809846558, 42.753930797087385], [-119.88506168304136, 42.75027563480903]]]}, "properties": {"OBJECTID": 332189, "ID": "799126763606114318", "CSE_NAME": "SUNCRYSTAL #2", "STAGE_ID": null, "BLM_PROD": "Lode Claim", "CSE_TYPE_NR": "384101", "CSE_NR": "OR101840451", "LEG_CSE_NR": "ORMC172145", "SF_ID": "a02t00000059F5rAAE", "CSE_DISP": "Active", "SRC": "LLD", "QLTY": "1: MIDPOINT\nTYPICAL QUARTER SECTION WITH 4 STANDARD LEGALS ATTRIBUTED\naliquot\n36 sections retrieved\n576 intersected features retrieved\n16 matching sections found\nsection 34 issimple: True", "CSE_META": "OR 33 0320S 0240E 034 A SW", "RCRD_ACRS": 20.66, "Created": 1610668800000, "Modified": 1728180586000, "Shape__Length": 0.03455623036336802, "Shape__Area": 7.286751855371702e-05}}, {"type": "Feature", "id": 332190, "geometry": {"type": "Polygon", "coordinates": [[[-119.88506168304136, 42.75027563480903], [-119.88505963497616, 42.749887811779494], [-119.88504238042707, 42.746620496530596], [-119.88006264460046, 42.74663756398404], [-119.87608027393934, 42.74665121234667], [-119.87508290777376, 42.74665463043749], [-119.87509392138662, 42.750309699716794], [-119.8751049119996, 42.75396476799607], [-119.88009295982779, 42.753947771541725], [-119.8850809846558, 42.753930797087385], [-119.88506168304136, 42.75027563480903]]]}, "properties": {"OBJECTID": 332190, "ID": "799126763606114319", "CSE_NAME": "SUNCRYSTAL #3", "STAGE_ID": null, "BLM_PROD": "Lode Claim", "CSE_TYPE_NR": "384101", "CSE_NR": "OR101840452", "LEG_CSE_NR": "ORMC172146", "SF_ID": "a02t00000059F5sAAE", "CSE_DISP": "Active", "SRC": "LLD", "QLTY": "1: MIDPOINT\nTYPICAL QUARTER SECTION WITH 4 STANDARD LEGALS ATTRIBUTED\naliquot\n36 sections retrieved\n576 intersected features retrieved\n16 matching sections found\nsection 34 issimple: True", "CSE_META": "OR 33 0320S 0240E 034 A SW", "RCRD_ACRS": 20.66, "Created": 1610668800000, "Modified": 1728180586000, "Shape__Length": 0.03455623036336802, "Shape__Area": 7.286751855371702e-05}}, {"type": "Feature", "id": 332191, "geometry": {"type": "Polygon", "coordinates": [[[-119.88506168304136, 42.75027563480903], [-119.88505963497616, 42.749887811779494], [-119.88504238042707, 42.746620496530596], [-119.88006264460046, 42.74663756398404], [-119.87608027393934, 42.74665121234667], [-119.87508290777376, 42.74665463043749], [-119.87509392138662, 42.750309699716794], [-119.8751049119996, 42.75396476799607], [-119.88009295982779, 42.753947771541725], [-119.8850809846558, 42.753930797087385], [-119.88506168304136, 42.75027563480903]]]}, "properties": {"OBJECTID": 332191, "ID": "799126763606114320", "CSE_NAME": "SUNCRYSTAL #4", "STAGE_ID": null, "BLM_PROD": "Lode Claim", "CSE_TYPE_NR": "384101", "CSE_NR": "OR101840453", "LEG_CSE_NR": "ORMC172147", "SF_ID": "a02t00000059F5tAAE", "CSE_DISP": "Active", "SRC": "LLD", "QLTY": "1: MIDPOINT\nTYPICAL QUARTER SECTION WITH 4 STANDARD LEGALS ATTRIBUTED\naliquot\n36 sections retrieved\n576 intersected features retrieved\n16 matching sections found\nsection 34 issimple: True", "CSE_META": "OR 33 0320S 0240E 034 A SW", "RCRD_ACRS": 20.66, "Created": 1610668800000, "Modified": 1728180587000, "Shape__Length": 0.03455623036336802, "Shape__Area": 7.286751855371702e-05}}, {"type": "Feature", "id": 332192, "geometry": {"type": "Polygon", "coordinates": [[[-119.88506168304136, 42.75027563480903], [-119.88505963497616, 42.749887811779494], [-119.88504238042707, 42.746620496530596], [-119.88006264460046, 42.74663756398404], [-119.87608027393934, 42.74665121234667], [-119.87508290777376, 42.74665463043749], [-119.87509392138662, 42.750309699716794], [-119.8751049119996, 42.75396476799607], [-119.88009295982779, 42.753947771541725], [-119.8850809846558, 42.753930797087385], [-119.88506168304136, 42.75027563480903]]]}, "properties": {"OBJECTID": 332192, "ID": "799126763606114321", "CSE_NAME": "SUNCRYSTAL #5", "STAGE_ID": null, "BLM_PROD": "Lode Claim", "CSE_TYPE_NR": "384101", "CSE_NR": "OR101840454", "LEG_CSE_NR": "ORMC172148", "SF_ID": "a02t00000059F5uAAE", "CSE_DISP": "Active", "SRC": "LLD", "QLTY": "1: MIDPOINT\nTYPICAL QUARTER SECTION WITH 4 STANDARD LEGALS ATTRIBUTED\naliquot\n36 sections retrieved\n576 intersected features retrieved\n16 matching sections found\nsection 34 issimple: True", "CSE_META": "OR 33 0320S 0240E 034 A SW", "RCRD_ACRS": 20.66, "Created": 1610668800000, "Modified": 1728180587000, "Shape__Length": 0.03455623036336802, "Shape__Area": 7.286751855371702e-05}}, {"type": "Feature", "id": 332193, "geometry": {"type": "Polygon", "coordinates": [[[-119.88506168304136, 42.75027563480903], [-119.88505963497616, 42.749887811779494], [-119.88504238042707, 42.746620496530596], [-119.88006264460046, 42.74663756398404], [-119.87608027393934, 42.74665121234667], [-119.87508290777376, 42.74665463043749], [-119.87509392138662, 42.750309699716794], [-119.8751049119996, 42.75396476799607], [-119.88009295982779, 42.753947771541725], [-119.8850809846558, 42.753930797087385], [-119.88506168304136, 42.75027563480903]]]}, "properties": {"OBJECTID": 332193, "ID": "799126763606114322", "CSE_NAME": "SUNCRYSTAL #6", "STAGE_ID": null, "BLM_PROD": "Lode Claim", "CSE_TYPE_NR": "384101", "CSE_NR": "OR101840455", "LEG_CSE_NR": "ORMC172149", "SF_ID": "a02t00000059F5vAAE", "CSE_DISP": "Active", "SRC": "LLD", "QLTY": "1: MIDPOINT\nTYPICAL QUARTER SECTION WITH 4 STANDARD LEGALS ATTRIBUTED\naliquot\n36 sections retrieved\n576 intersected features retrieved\n16 matching sections found\nsection 34 issimple: True", "CSE_META": "OR 33 0320S 0240E 034 A SW", "RCRD_ACRS": 20.66, "Created": 1610668800000, "Modified": 1728180587000, "Shape__Length": 0.03455623036336802, "Shape__Area": 7.286751855371702e-05}}, {"type": "Feature", "id": 332194, "geometry": {"type": "Polygon", "coordinates": [[[-119.88506168304136, 42.75027563480903], [-119.88505963497616, 42.749887811779494], [-119.88504238042707, 42.746620496530596], [-119.88006264460046, 42.74663756398404], [-119.87608027393934, 42.74665121234667], [-119.87508290777376, 42.74665463043749], [-119.87509392138662, 42.750309699716794], [-119.8751049119996, 42.75396476799607], [-119.88009295982779, 42.753947771541725], [-119.8850809846558, 42.753930797087385], [-119.88506168304136, 42.75027563480903]]]}, "properties": {"OBJECTID": 332194, "ID": "799126763606114323", "CSE_NAME": "SUNCRYSTAL #7", "STAGE_ID": null, "BLM_PROD": "Lode Claim", "CSE_TYPE_NR": "384101", "CSE_NR": "OR101840456", "LEG_CSE_NR": "ORMC172150", "SF_ID": "a02t00000059F5wAAE", "CSE_DISP": "Active", "SRC": "LLD", "QLTY": "1: MIDPOINT\nTYPICAL QUARTER SECTION WITH 4 STANDARD LEGALS ATTRIBUTED\naliquot\n36 sections retrieved\n576 intersected features retrieved\n16 matching sections found\nsection 34 issimple: True", "CSE_META": "OR 33 0320S 0240E 034 A SW", "RCRD_ACRS": 20.66, "Created": 1610668800000, "Modified": 1728180587000, "Shape__Length": 0.03455623036336802, "Shape__Area": 7.286751855371702e-05}}, {"type": "Feature", "id": 332197, "geometry": {"type": "Polygon", "coordinates": [[[-119.8199778201761, 42.73222763233007], [-119.82508535702813, 42.73222644486667], [-119.82512116641682, 42.72852762657887], [-119.82515699780565, 42.724828786291006], [-119.82009453596233, 42.72483662275071], [-119.8200919989619, 42.72483646975094], [-119.81511549913272, 42.72484401420276], [-119.81506045873952, 42.72853635949198], [-119.81500539534653, 42.732228727781205], [-119.8199778201761, 42.73222763233007]]]}, "properties": {"OBJECTID": 332197, "ID": "801974244564009033", "CSE_NAME": "MOONLIGHT #4", "STAGE_ID": null, "BLM_PROD": "LODE CLAIM", "CSE_TYPE_NR": "384101", "CSE_NR": "OR101545198", "LEG_CSE_NR": "ORMC172182", "SF_ID": "a02t000000598oBAAQ", "CSE_DISP": "Active", "SRC": "LLD", "QLTY": "1: SIMPLE\nTYPICAL QUARTER SECTION WITH 4 STANDARD LEGALS ATTRIBUTED\nDOES NOT MATCH PM ANGLES\naliquot\n36 sections retrieved\n585 intersected features retrieved\n22 matching sections found\nsection 7 issimple: False", "CSE_META": "OR 33 0330S 0250E 007 A NW", "RCRD_ACRS": 20.66, "Created": 1611360000000, "Modified": 1777904688000, "Shape__Length": 0.03490501232701354, "Shape__Area": 7.435957842549602e-05}}, {"type": "Feature", "id": 332203, "geometry": {"type": "Polygon", "coordinates": [[[-119.8747472759502, 42.706105215355166], [-119.87477605334162, 42.70242409206974], [-119.86986062552558, 42.70244043751649], [-119.86494519670943, 42.702456782963246], [-119.86491004031646, 42.70613518124918], [-119.86489244962009, 42.70797438039216], [-119.86487485992367, 42.70981355653509], [-119.86483967953103, 42.713491954820974], [-119.86482208983475, 42.71533115396392], [-119.86480450013858, 42.7171703301068], [-119.8697326869577, 42.71715901365905], [-119.8746608977768, 42.71714769821126], [-119.87468969816783, 42.71346701792595], [-119.87471847555898, 42.70978633764062], [-119.8747472759502, 42.706105215355166]]]}, "properties": {"OBJECTID": 332203, "ID": "799126752264716445", "CSE_NAME": "ELMO FUDD", "STAGE_ID": null, "BLM_PROD": "Lode Claim", "CSE_TYPE_NR": "384101", "CSE_NR": "OR101781371", "LEG_CSE_NR": "ORMC172236", "SF_ID": "a02t00000059C8VAAU", "CSE_DISP": "Active", "SRC": "LLD", "QLTY": "1: MIDPOINT\nTYPICAL QUARTER SECTION WITH 4 STANDARD LEGALS ATTRIBUTED\naliquot\n36 sections retrieved\n598 intersected features retrieved\n16 matching sections found\nsection 15 issimple: True, MIDPOINT\nTYPICAL QUARTER SECTION WITH 4 STANDARD LEGALS ATTRIBUTED", "CSE_META": "OR 33 0330S 0240E 015 A NE|OR 33 0330S 0240E 015 A SE", "RCRD_ACRS": 20.66, "Created": 1610668800000, "Modified": 1728180285000, "Shape__Length": 0.04912560537421821, "Shape__Area": 0.00014488058689663904}}, {"type": "Feature", "id": 332204, "geometry": {"type": "Polygon", "coordinates": [[[-119.8747472759502, 42.706105215355166], [-119.87477605334162, 42.70242409206974], [-119.86986062552558, 42.70244043751649], [-119.86494519670943, 42.702456782963246], [-119.86491004031646, 42.70613518124918], [-119.86489244962009, 42.70797438039216], [-119.86487485992367, 42.70981355653509], [-119.86979666774138, 42.709799958087885], [-119.87471847555898, 42.70978633764062], [-119.8747472759502, 42.706105215355166]]]}, "properties": {"OBJECTID": 332204, "ID": "799126752264716446", "CSE_NAME": "ELMO FUDD #4", "STAGE_ID": null, "BLM_PROD": "Lode Claim", "CSE_TYPE_NR": "384101", "CSE_NR": "OR101781372", "LEG_CSE_NR": "ORMC172237", "SF_ID": "a02t00000059C8WAAU", "CSE_DISP": "Active", "SRC": "LLD", "QLTY": "1: MIDPOINT\nTYPICAL QUARTER SECTION WITH 4 STANDARD LEGALS ATTRIBUTED\naliquot\n36 sections retrieved\n598 intersected features retrieved\n16 matching sections found\nsection 15 issimple: True", "CSE_META": "OR 33 0330S 0240E 015 A SE", "RCRD_ACRS": 20.66, "Created": 1610668800000, "Modified": 1728180285000, "Shape__Length": 0.034394140377932876, "Shape__Area": 7.239535267618102e-05}}, {"type": "Feature", "id": 332299, "geometry": {"type": "Polygon", "coordinates": [[[-119.82515699780565, 42.724828786291006], [-119.82512116641682, 42.72852762657887], [-119.82508535702813, 42.73222644486667], [-119.8300668628467, 42.73215161240903], [-119.83504836866513, 42.732076779951385], [-119.83506957905338, 42.72839020966597], [-119.83509078844182, 42.724703638380504], [-119.83012388162378, 42.724766223835786], [-119.82515699780565, 42.724828786291006]]]}, "properties": {"OBJECTID": 332299, "ID": "799126754500280445", "CSE_NAME": "DOUBLE EAGLE 15", "STAGE_ID": null, "BLM_PROD": "Lode Claim", "CSE_TYPE_NR": "384101", "CSE_NR": "OR101645941", "LEG_CSE_NR": "ORMC172918", "SF_ID": "a02t00000059HBeAAM", "CSE_DISP": "Active", "SRC": "LLD", "QLTY": "1: MIDPOINT\nTYPICAL QUARTER SECTION WITH 4 STANDARD LEGALS ATTRIBUTED\nDOES NOT MATCH PM ANGLES\naliquot\n36 sections retrieved\n598 intersected features retrieved\n16 matching sections found\nsection 12 issimple: True", "CSE_META": "OR 33 0330S 0240E 012 A NE", "RCRD_ACRS": 20.66, "Created": 1610668800000, "Modified": 1728180789000, "Shape__Length": 0.03466997926708839, "Shape__Area": 7.346505399861401e-05}}, {"type": "Feature", "id": 332300, "geometry": {"type": "Polygon", "coordinates": [[[-119.83016744216903, 42.71000019669547], [-119.82769147375943, 42.710020473921475], [-119.82521545934974, 42.71004066314742], [-119.82521875665823, 42.71188826728937], [-119.82522204896671, 42.71373587143129], [-119.82522863858387, 42.71743110371519], [-119.8301809244015, 42.71738041626233], [-119.83513320921904, 42.717329751809416], [-119.83512631660352, 42.71364476452654], [-119.83511944798816, 42.709959753243545], [-119.83264347957864, 42.709980014469515], [-119.83016744216903, 42.71000019669547]]]}, "properties": {"OBJECTID": 332300, "ID": "799126754500280446", "CSE_NAME": "JOY LUCK CLUB", "STAGE_ID": null, "BLM_PROD": "LODE CLAIM", "CSE_TYPE_NR": "384101", "CSE_NR": "OR101645942", "LEG_CSE_NR": "ORMC172919", "SF_ID": "a02t00000059HBfAAM", "CSE_DISP": "Active", "SRC": "LLD", "QLTY": "1: MIDPOINT\nFULLY ATTRIBUTED QUARTER SECTION ALL BUCKETS ARE EQUAL\naliquot\n36 sections retrieved\n598 intersected features retrieved\n22 matching sections found\nsection 13 issimple: False", "CSE_META": "OR 33 0330S 0240E 013 A NE", "RCRD_ACRS": 20.66, "Created": 1610668800000, "Modified": 1758910930000, "Shape__Length": 0.034569867612762706, "Shape__Area": 7.309671168474052e-05}}, {"type": "Feature", "id": 332600, "geometry": {"type": "Polygon", "coordinates": [[[-119.805235886029, 42.71011936196412], [-119.80524906464505, 42.71380283524675], [-119.80526226726121, 42.71748633352943], [-119.80775308967591, 42.71748003530314], [-119.81024391209061, 42.717473713076885], [-119.81522555791987, 42.7174610936243], [-119.81520485830124, 42.713770844342], [-119.81518418268283, 42.7100806180596], [-119.81516355306587, 42.70639828477776], [-119.81514294644909, 42.702715974495916], [-119.81017608562331, 42.70273415894728], [-119.80520924879735, 42.70275236639869], [-119.80522256741308, 42.70643586368143], [-119.805235886029, 42.71011936196412]]]}, "properties": {"OBJECTID": 332600, "ID": "799126755548856335", "CSE_NAME": "BURRITO", "STAGE_ID": null, "BLM_PROD": "Lode Claim", "CSE_TYPE_NR": "384101", "CSE_NR": "OR101577475", "LEG_CSE_NR": "ORMC173563", "SF_ID": "a02t00000059LbgAAE", "CSE_DISP": "Active", "SRC": "LLD", "QLTY": "1: SIMPLE\nTYPICAL QUARTER SECTION WITH 4 STANDARD LEGALS ATTRIBUTED\naliquot\n36 sections retrieved\n585 intersected features retrieved\n16 matching sections found\n4 alias QQs added\nsection 18 issimple: False, SIMPLE\nTYPICAL QUARTER SECTION WITH 4 STANDARD LE", "CSE_META": "OR 33 0330S 0250E 018 A NE|OR 33 0330S 0250E 018 A SE", "RCRD_ACRS": 20.66, "Created": 1610668800000, "Modified": 1728181229000, "Shape__Length": 0.0493764944135454, "Shape__Area": 0.00014663722720604253}}, {"type": "Feature", "id": 332601, "geometry": {"type": "Polygon", "coordinates": [[[-119.82521875665823, 42.71188826728937], [-119.82521545934974, 42.71004066314742], [-119.8201692045113, 42.710060872606284], [-119.82016666551085, 42.71006075660653], [-119.81518418268283, 42.7100806180596], [-119.81021003385592, 42.71009998951186], [-119.805235886029, 42.71011936196412], [-119.80524906464505, 42.71380283524675], [-119.80526226726121, 42.71748633352943], [-119.80775308967591, 42.71748003530314], [-119.81024391209061, 42.717473713076885], [-119.81522555791987, 42.7174610936243], [-119.82020717974859, 42.71744588917151], [-119.82522863858387, 42.71743110371519], [-119.82522204896671, 42.71373587143129], [-119.82521875665823, 42.71188826728937]]]}, "properties": {"OBJECTID": 332601, "ID": "799126755548856336", "CSE_NAME": "GOLDSHEEN", "STAGE_ID": null, "BLM_PROD": "Lode Claim", "CSE_TYPE_NR": "384101", "CSE_NR": "OR101577476", "LEG_CSE_NR": "ORMC173564", "SF_ID": "a02t00000059LbhAAE", "CSE_DISP": "Active", "SRC": "LLD", "QLTY": "1: SIMPLE\nTYPICAL QUARTER SECTION WITH 4 STANDARD LEGALS ATTRIBUTED\naliquot\n36 sections retrieved\n585 intersected features retrieved\n16 matching sections found\n4 alias QQs added\nsection 18 issimple: False, SIMPLE\nTYPICAL QUARTER SECTION WITH 4 STANDARD LE", "CSE_META": "OR 33 0330S 0250E 018 A NW|OR 33 0330S 0250E 018 A NE", "RCRD_ACRS": 20.66, "Created": 1610668800000, "Modified": 1728181229000, "Shape__Length": 0.05470364305506713, "Shape__Area": 0.00014739321942829753}}, {"type": "Feature", "id": 332602, "geometry": {"type": "Polygon", "coordinates": [[[-119.82521875665823, 42.71188826728937], [-119.82521545934974, 42.71004066314742], [-119.8201692045113, 42.710060872606284], [-119.82016666551085, 42.71006075660653], [-119.81518418268283, 42.7100806180596], [-119.81021003385592, 42.71009998951186], [-119.805235886029, 42.71011936196412], [-119.80524906464505, 42.71380283524675], [-119.80526226726121, 42.71748633352943], [-119.80775308967591, 42.71748003530314], [-119.81024391209061, 42.717473713076885], [-119.81522555791987, 42.7174610936243], [-119.82020717974859, 42.71744588917151], [-119.82522863858387, 42.71743110371519], [-119.82522204896671, 42.71373587143129], [-119.82521875665823, 42.71188826728937]]]}, "properties": {"OBJECTID": 332602, "ID": "799126755548856337", "CSE_NAME": "LUSTRO 2", "STAGE_ID": null, "BLM_PROD": "Lode Claim", "CSE_TYPE_NR": "384101", "CSE_NR": "OR101577477", "LEG_CSE_NR": "ORMC173565", "SF_ID": "a02t00000059LbiAAE", "CSE_DISP": "Active", "SRC": "LLD", "QLTY": "1: SIMPLE\nTYPICAL QUARTER SECTION WITH 4 STANDARD LEGALS ATTRIBUTED\naliquot\n36 sections retrieved\n585 intersected features retrieved\n16 matching sections found\n4 alias QQs added\nsection 18 issimple: False, SIMPLE\nTYPICAL QUARTER SECTION WITH 4 STANDARD LE", "CSE_META": "OR 33 0330S 0250E 018 A NW|OR 33 0330S 0250E 018 A NE", "RCRD_ACRS": 20.66, "Created": 1610668800000, "Modified": 1728181229000, "Shape__Length": 0.05470364305506713, "Shape__Area": 0.00014739321942829753}}, {"type": "Feature", "id": 332603, "geometry": {"type": "Polygon", "coordinates": [[[-119.82521875665823, 42.71188826728937], [-119.82521545934974, 42.71004066314742], [-119.8201692045113, 42.710060872606284], [-119.82016666551085, 42.71006075660653], [-119.81518418268283, 42.7100806180596], [-119.81021003385592, 42.71009998951186], [-119.805235886029, 42.71011936196412], [-119.80524906464505, 42.71380283524675], [-119.80526226726121, 42.71748633352943], [-119.80775308967591, 42.71748003530314], [-119.81024391209061, 42.717473713076885], [-119.81522555791987, 42.7174610936243], [-119.82020717974859, 42.71744588917151], [-119.82522863858387, 42.71743110371519], [-119.82522204896671, 42.71373587143129], [-119.82521875665823, 42.71188826728937]]]}, "properties": {"OBJECTID": 332603, "ID": "799126755548856338", "CSE_NAME": "SCHILLER", "STAGE_ID": null, "BLM_PROD": "Lode Claim", "CSE_TYPE_NR": "384101", "CSE_NR": "OR101577478", "LEG_CSE_NR": "ORMC173566", "SF_ID": "a02t00000059LbjAAE", "CSE_DISP": "Active", "SRC": "LLD", "QLTY": "1: SIMPLE\nTYPICAL QUARTER SECTION WITH 4 STANDARD LEGALS ATTRIBUTED\naliquot\n36 sections retrieved\n585 intersected features retrieved\n16 matching sections found\n4 alias QQs added\nsection 18 issimple: False, SIMPLE\nTYPICAL QUARTER SECTION WITH 4 STANDARD LE", "CSE_META": "OR 33 0330S 0250E 018 A NW|OR 33 0330S 0250E 018 A NE", "RCRD_ACRS": 20.66, "Created": 1610668800000, "Modified": 1728181229000, "Shape__Length": 0.05470364305506713, "Shape__Area": 0.00014739321942829753}}, {"type": "Feature", "id": 332610, "geometry": {"type": "Polygon", "coordinates": [[[-119.88504238042707, 42.746620496530596], [-119.88492831578951, 42.74291935025715], [-119.88481476415485, 42.7392345029849], [-119.87986105833029, 42.73923743643482], [-119.87490737550559, 42.73924037088471], [-119.8749948701376, 42.74293597516026], [-119.87499552614244, 42.74296424116237], [-119.87508290777376, 42.74665463043749], [-119.87608027393934, 42.74665121234667], [-119.88006264460046, 42.74663756398404], [-119.88504238042707, 42.746620496530596]]]}, "properties": {"OBJECTID": 332610, "ID": "799126748959604793", "CSE_NAME": "PLUSH MINE", "STAGE_ID": null, "BLM_PROD": "Lode Claim", "CSE_TYPE_NR": "384101", "CSE_NR": "OR101853677", "LEG_CSE_NR": "ORMC174045", "SF_ID": "a02t00000059ONKAA2", "CSE_DISP": "Active", "SRC": "LLD", "QLTY": "1: SIMPLE\nTYPICAL QUARTER SECTION WITH 4 STANDARD LEGALS ATTRIBUTED\nDOES NOT MATCH PM ANGLES\naliquot\n36 sections retrieved\n598 intersected features retrieved\n17 matching sections found\nsection 3 issimple: False", "CSE_META": "OR 33 0330S 0240E 003 A NW", "RCRD_ACRS": 20.66, "Created": 1610668800000, "Modified": 1728181496000, "Shape__Length": 0.03467275415523924, "Shape__Area": 7.351266250938002e-05}}, {"type": "Feature", "id": 332637, "geometry": {"type": "Polygon", "coordinates": [[[-119.82020717974859, 42.71744588917151], [-119.81522555791987, 42.7174610936243], [-119.81517051652621, 42.721152553913576], [-119.81511549913272, 42.72484401420276], [-119.81506045873952, 42.72853635949198], [-119.81500539534653, 42.732228727781205], [-119.8199778201761, 42.73222763233007], [-119.82508535702813, 42.73222644486667], [-119.82512116641682, 42.72852762657887], [-119.82515699780565, 42.724828786291006], [-119.8251928071947, 42.721129945003106], [-119.82522863858387, 42.71743110371519], [-119.82020717974859, 42.71744588917151]]]}, "properties": {"OBJECTID": 332637, "ID": "799126748544368656", "CSE_NAME": "NORTH RABBIT", "STAGE_ID": null, "BLM_PROD": "Lode Claim", "CSE_TYPE_NR": "384101", "CSE_NR": "OR101740247", "LEG_CSE_NR": "ORMC174099", "SF_ID": "a02t00000059Q3EAAU", "CSE_DISP": "Active", "SRC": "LLD", "QLTY": "1: SIMPLE\nTYPICAL QUARTER SECTION WITH 4 STANDARD LEGALS ATTRIBUTED\nDOES NOT MATCH PM ANGLES\naliquot\n36 sections retrieved\n585 intersected features retrieved\n22 matching sections found\nsection 7 issimple: False, SIMPLE\nTYPICAL QUARTER SECTION WITH 4 STAND", "CSE_META": "OR 33 0330S 0250E 007 A NW|OR 33 0330S 0250E 007 A SW", "RCRD_ACRS": 20.66, "Created": 1610668800000, "Modified": 1728181660000, "Shape__Length": 0.04964839210652799, "Shape__Area": 0.00014842700886220353}}, {"type": "Feature", "id": 332638, "geometry": {"type": "Polygon", "coordinates": [[[-119.8199778201761, 42.73222763233007], [-119.82508535702813, 42.73222644486667], [-119.82512116641682, 42.72852762657887], [-119.82515699780565, 42.724828786291006], [-119.82009453596233, 42.72483662275071], [-119.8200919989619, 42.72483646975094], [-119.81511549913272, 42.72484401420276], [-119.81506045873952, 42.72853635949198], [-119.81500539534653, 42.732228727781205], [-119.8199778201761, 42.73222763233007]]]}, "properties": {"OBJECTID": 332638, "ID": "799126748544368657", "CSE_NAME": "SOUTH RABBIT", "STAGE_ID": null, "BLM_PROD": "Lode Claim", "CSE_TYPE_NR": "384101", "CSE_NR": "OR101740248", "LEG_CSE_NR": "ORMC174100", "SF_ID": "a02t00000059Q3FAAU", "CSE_DISP": "Active", "SRC": "LLD", "QLTY": "1: SIMPLE\nTYPICAL QUARTER SECTION WITH 4 STANDARD LEGALS ATTRIBUTED\nDOES NOT MATCH PM ANGLES\naliquot\n36 sections retrieved\n585 intersected features retrieved\n22 matching sections found\nsection 7 issimple: False", "CSE_META": "OR 33 0330S 0250E 007 A NW", "RCRD_ACRS": 20.66, "Created": 1610668800000, "Modified": 1728181660000, "Shape__Length": 0.03490501232701354, "Shape__Area": 7.435957842549602e-05}}, {"type": "Feature", "id": 332642, "geometry": {"type": "Polygon", "coordinates": [[[-119.88492831578951, 42.74291935025715], [-119.88481476415485, 42.7392345029849], [-119.87986105833029, 42.73923743643482], [-119.87490737550559, 42.73924037088471], [-119.8749948701376, 42.74293597516026], [-119.87499552614244, 42.74296424116237], [-119.87508290777376, 42.74665463043749], [-119.87608027393934, 42.74665121234667], [-119.88006264460046, 42.74663756398404], [-119.88504238042707, 42.746620496530596], [-119.88492831578951, 42.74291935025715]]]}, "properties": {"OBJECTID": 332642, "ID": "799126747885863051", "CSE_NAME": "CABOCHONES MINE", "STAGE_ID": null, "BLM_PROD": "Lode Claim", "CSE_TYPE_NR": "384101", "CSE_NR": "OR101737162", "LEG_CSE_NR": "ORMC174129", "SF_ID": "a02t00000059TjeAAE", "CSE_DISP": "Active", "SRC": "LLD", "QLTY": "1: SIMPLE\nTYPICAL QUARTER SECTION WITH 4 STANDARD LEGALS ATTRIBUTED\nDOES NOT MATCH PM ANGLES\naliquot\n36 sections retrieved\n598 intersected features retrieved\n17 matching sections found\nsection 3 issimple: False", "CSE_META": "OR 33 0330S 0240E 003 A NW", "RCRD_ACRS": 20.66, "Created": 1610668800000, "Modified": 1728182038000, "Shape__Length": 0.03467275415523924, "Shape__Area": 7.351266250938002e-05}}, {"type": "Feature", "id": 332644, "geometry": {"type": "Polygon", "coordinates": [[[-119.82521875665823, 42.71188826728937], [-119.82521545934974, 42.71004066314742], [-119.8201692045113, 42.710060872606284], [-119.82016666551085, 42.71006075660653], [-119.81518418268283, 42.7100806180596], [-119.81520485830124, 42.713770844342], [-119.81522555791987, 42.7174610936243], [-119.82020717974859, 42.71744588917151], [-119.82522863858387, 42.71743110371519], [-119.82522204896671, 42.71373587143129], [-119.82521875665823, 42.71188826728937]]]}, "properties": {"OBJECTID": 332644, "ID": "799126768702193728", "CSE_NAME": "LEGACY", "STAGE_ID": null, "BLM_PROD": "Lode Claim", "CSE_TYPE_NR": "384101", "CSE_NR": "OR101711811", "LEG_CSE_NR": "ORMC174153", "SF_ID": "a02t00000059Hn0AAE", "CSE_DISP": "Active", "SRC": "LLD", "QLTY": "1: SIMPLE\nTYPICAL QUARTER SECTION WITH 4 STANDARD LEGALS ATTRIBUTED\naliquot\n36 sections retrieved\n585 intersected features retrieved\n16 matching sections found\n4 alias QQs added\nsection 18 issimple: False", "CSE_META": "OR 33 0330S 0250E 018 A NW", "RCRD_ACRS": 15.84, "Created": 1610668800000, "Modified": 1728180849000, "Shape__Length": 0.034805524383103595, "Shape__Area": 7.398085333408152e-05}}, {"type": "Feature", "id": 332660, "geometry": {"type": "Polygon", "coordinates": [[[-119.81003515851705, 42.73222928623207], [-119.80506492168745, 42.73222982268288], [-119.80507458530437, 42.73591618396583], [-119.80508424792144, 42.73960252224875], [-119.81004950175048, 42.73960359279833], [-119.81501477957943, 42.739604663347905], [-119.81501009896293, 42.73591669506456], [-119.81500539534653, 42.732228727781205], [-119.81003515851705, 42.73222928623207]]]}, "properties": {"OBJECTID": 332660, "ID": "799126767133524046", "CSE_NAME": "ENTERPRISE 1", "STAGE_ID": null, "BLM_PROD": "LODE CLAIM", "CSE_TYPE_NR": "384101", "CSE_NR": "OR101550432", "LEG_CSE_NR": "ORMC174211", "SF_ID": "a02t00000059InJAAU", "CSE_DISP": "Active", "SRC": "LLD", "QLTY": "1: SIMPLE\nTYPICAL QUARTER SECTION WITH 4 STANDARD LEGALS ATTRIBUTED\naliquot\n36 sections retrieved\n585 intersected features retrieved\n16 matching sections found\nsection 6 issimple: False", "CSE_META": "OR 33 0330S 0250E 006 A SE", "RCRD_ACRS": 20.66, "Created": 1610668800000, "Modified": 1763666031000, "Shape__Length": 0.03461966758625862, "Shape__Area": 7.326751242849302e-05}}, {"type": "Feature", "id": 332668, "geometry": {"type": "Polygon", "coordinates": [[[-119.88787645648613, 42.827663925474795], [-119.88790307480384, 42.82952698361472], [-119.8879296921216, 42.83139004275455], [-119.89042797753727, 42.83138634052669], [-119.89039986321892, 42.82952120338676], [-119.89037174890059, 42.82765606724686], [-119.89034449558218, 42.8257892781068], [-119.88785101316795, 42.82579653633447], [-119.88787645648613, 42.827663925474795]]]}, "properties": {"OBJECTID": 332668, "ID": "799126768878354554", "CSE_NAME": "PANA 3", "STAGE_ID": null, "BLM_PROD": "LODE CLAIM", "CSE_TYPE_NR": "384101", "CSE_NR": "OR101714283", "LEG_CSE_NR": "ORMC174271", "SF_ID": "a02t00000059K66AAE", "CSE_DISP": "Active", "SRC": "LLD/CLS", "QLTY": "4.1; 1 intersecting parts, aliquot; 1 intersecting parts, aliquot", "CSE_META": "OR 33 0320S 0240E 004 A NWNESE | OR 33 0320S 0240E 004 A W2SENE", "RCRD_ACRS": 20.66, "Created": 1610668800000, "Modified": 1780076309000, "Shape__Length": 0.01618352456295833, "Shape__Area": 1.3966271486673504e-05}}, {"type": "Feature", "id": 332669, "geometry": {"type": "Polygon", "coordinates": [[[-119.89791705878312, 42.83137491884341], [-119.8978819704625, 42.82950362970375], [-119.89539330104891, 42.82950954993093], [-119.89289658263398, 42.82951537715889], [-119.89039986321892, 42.82952120338676], [-119.89042797753727, 42.83138634052669], [-119.89292611195286, 42.831382533298736], [-119.89542424536846, 42.83137872607084], [-119.89791705878312, 42.83137491884341]]]}, "properties": {"OBJECTID": 332669, "ID": "799126768878354555", "CSE_NAME": "PANA 5", "STAGE_ID": null, "BLM_PROD": "LODE CLAIM", "CSE_TYPE_NR": "384101", "CSE_NR": "OR101714284", "LEG_CSE_NR": "ORMC174272", "SF_ID": "a02t00000059K67AAE", "CSE_DISP": "Active", "SRC": "LLD/CLS", "QLTY": "4.1; 1 intersecting parts, aliquot; 1 intersecting parts, aliquot", "CSE_META": "OR 33 0320S 0240E 004 A NESENW | OR 33 0320S 0240E 004 A N2SWNE", "RCRD_ACRS": 20.66, "Created": 1610668800000, "Modified": 1780076311000, "Shape__Length": 0.018708182155538326, "Shape__Area": 1.3984878937189003e-05}}, {"type": "Feature", "id": 332670, "geometry": {"type": "Polygon", "coordinates": [[[-119.8978819704625, 42.82950362970375], [-119.89784688214198, 42.82763234056406], [-119.89536235772945, 42.82764037379105], [-119.89286705331506, 42.82764822001894], [-119.89037174890059, 42.82765606724686], [-119.89039986321892, 42.82952120338676], [-119.89289658263398, 42.82951537715889], [-119.89539330104891, 42.82950954993093], [-119.8978819704625, 42.82950362970375]]]}, "properties": {"OBJECTID": 332670, "ID": "799126768878354556", "CSE_NAME": "PANA 6", "STAGE_ID": null, "BLM_PROD": "LODE CLAIM", "CSE_TYPE_NR": "384101", "CSE_NR": "OR101714285", "LEG_CSE_NR": "ORMC174273", "SF_ID": "a02t00000059K68AAE", "CSE_DISP": "Active", "SRC": "LLD/CLS", "QLTY": "4.1; 1 intersecting parts, aliquot; 1 intersecting parts, aliquot", "CSE_META": "OR 33 0320S 0240E 004 A SESENW | OR 33 0320S 0240E 004 A S2SWNE", "RCRD_ACRS": 20.66, "Created": 1610668800000, "Modified": 1780076313000, "Shape__Length": 0.018694262106503167, "Shape__Area": 1.3972034926437003e-05}}, {"type": "Feature", "id": 332671, "geometry": {"type": "Polygon", "coordinates": [[[-119.90530045637945, 42.827608241883176], [-119.90524562374371, 42.8238817176037], [-119.90519076810818, 42.8201551933242], [-119.90021480428132, 42.820166345778276], [-119.89523883945435, 42.820177522232306], [-119.89530058709178, 42.82390895951169], [-119.89536235772945, 42.82764037379105], [-119.90033140655451, 42.827624308337114], [-119.90530045637945, 42.827608241883176]]]}, "properties": {"OBJECTID": 332671, "ID": "799126769163567139", "CSE_NAME": "PANA 11", "STAGE_ID": null, "BLM_PROD": "Lode Claim", "CSE_TYPE_NR": "384101", "CSE_NR": "OR101715465", "LEG_CSE_NR": "ORMC174274", "SF_ID": "a02t00000059K69AAE", "CSE_DISP": "Active", "SRC": "LLD", "QLTY": "1: SIMPLE\nTYPICAL QUARTER SECTION WITH 4 STANDARD LEGALS ATTRIBUTED\nDOES NOT MATCH PM ANGLES\naliquot\n36 sections retrieved\n576 intersected features retrieved\n16 matching sections found\n4 alias QQs added\nsection 4 issimple: False", "CSE_META": "OR 33 0320S 0240E 004 A SW", "RCRD_ACRS": 20.66, "Created": 1610668800000, "Modified": 1728181073000, "Shape__Length": 0.034807829170218525, "Shape__Area": 7.417272094616652e-05}}, {"type": "Feature", "id": 332672, "geometry": {"type": "Polygon", "coordinates": [[[-119.88492831578951, 42.74291935025715], [-119.88481476415485, 42.7392345029849], [-119.87986105833029, 42.73923743643482], [-119.87490737550559, 42.73924037088471], [-119.8749948701376, 42.74293597516026], [-119.87499552614244, 42.74296424116237], [-119.87508290777376, 42.74665463043749], [-119.87608027393934, 42.74665121234667], [-119.88006264460046, 42.74663756398404], [-119.88504238042707, 42.746620496530596], [-119.88492831578951, 42.74291935025715]]]}, "properties": {"OBJECTID": 332672, "ID": "799126767418736672", "CSE_NAME": "VAMPAGE MINE", "STAGE_ID": null, "BLM_PROD": "Lode Claim", "CSE_TYPE_NR": "384101", "CSE_NR": "OR101551682", "LEG_CSE_NR": "ORMC174285", "SF_ID": "a02t00000059KUMAA2", "CSE_DISP": "Active", "SRC": "LLD", "QLTY": "1: SIMPLE\nTYPICAL QUARTER SECTION WITH 4 STANDARD LEGALS ATTRIBUTED\nDOES NOT MATCH PM ANGLES\naliquot\n36 sections retrieved\n598 intersected features retrieved\n17 matching sections found\nsection 3 issimple: False", "CSE_META": "OR 33 0330S 0240E 003 A NW", "RCRD_ACRS": 20.66, "Created": 1610668800000, "Modified": 1728181113000, "Shape__Length": 0.03467275415523924, "Shape__Area": 7.351266250938002e-05}}, {"type": "Feature", "id": 332680, "geometry": {"type": "Polygon", "coordinates": [[[-119.79035912254382, 42.71011063131146], [-119.78540020171508, 42.71010744276053], [-119.78540444032915, 42.71378835504408], [-119.78540865494332, 42.7174692913276], [-119.79037213977296, 42.71747348187804], [-119.79533562360248, 42.717477672428494], [-119.79532682198733, 42.71379575814549], [-119.79531804437237, 42.71011382086239], [-119.79035912254382, 42.71011063131146]]]}, "properties": {"OBJECTID": 332680, "ID": "799126752218578989", "CSE_NAME": "APOLLO 1", "STAGE_ID": null, "BLM_PROD": "Lode Claim", "CSE_TYPE_NR": "384101", "CSE_NR": "OR101780585", "LEG_CSE_NR": "ORMC174374", "SF_ID": "a02t00000059HX0AAM", "CSE_DISP": "Active", "SRC": "LLD", "QLTY": "1: MIDPOINT\nTYPICAL QUARTER SECTION WITH 4 STANDARD LEGALS ATTRIBUTED\naliquot\n36 sections retrieved\n585 intersected features retrieved\n16 matching sections found\nsection 17 issimple: True", "CSE_META": "OR 33 0330S 0250E 017 A NE", "RCRD_ACRS": 20.66, "Created": 1610668800000, "Modified": 1728180823000, "Shape__Length": 0.03457053842193996, "Shape__Area": 7.305698524278102e-05}}, {"type": "Feature", "id": 332681, "geometry": {"type": "Polygon", "coordinates": [[[-119.79530048714275, 42.702749131295995], [-119.79034610631523, 42.702747501744675], [-119.78539172548757, 42.70274587219333], [-119.78539596410124, 42.70642664547694], [-119.78540020171508, 42.71010744276053], [-119.78540444032915, 42.71378835504408], [-119.78540865494332, 42.7174692913276], [-119.79037213977296, 42.71747348187804], [-119.79533562360248, 42.717477672428494], [-119.79532682198733, 42.71379575814549], [-119.79531804437237, 42.71011382086239], [-119.79530926575748, 42.706431487579216], [-119.79530048714275, 42.702749131295995]]]}, "properties": {"OBJECTID": 332681, "ID": "799126752218578990", "CSE_NAME": "APOLLO 2", "STAGE_ID": null, "BLM_PROD": "Lode Claim", "CSE_TYPE_NR": "384101", "CSE_NR": "OR101780586", "LEG_CSE_NR": "ORMC174375", "SF_ID": "a02t00000059HX1AAM", "CSE_DISP": "Active", "SRC": "LLD", "QLTY": "1: MIDPOINT\nTYPICAL QUARTER SECTION WITH 4 STANDARD LEGALS ATTRIBUTED\naliquot\n36 sections retrieved\n585 intersected features retrieved\n16 matching sections found\nsection 17 issimple: True, MIDPOINT\nTYPICAL QUARTER SECTION WITH 4 STANDARD LEGALS ATTRIBUTED", "CSE_META": "OR 33 0330S 0250E 017 A NE|OR 33 0330S 0250E 017 A SE", "RCRD_ACRS": 20.66, "Created": 1610668800000, "Modified": 1728180823000, "Shape__Length": 0.04928774071022411, "Shape__Area": 0.00014604983339843854}}, {"type": "Feature", "id": 333318, "geometry": {"type": "Polygon", "coordinates": [[[-119.89491999143073, 42.74278407533963], [-119.89479272279802, 42.739124186070654], [-119.88980374297651, 42.73917934452779], [-119.88481476415485, 42.7392345029849], [-119.87986105833029, 42.73923743643482], [-119.87490737550559, 42.73924037088471], [-119.8749948701376, 42.74293597516026], [-119.87499552614244, 42.74296424116237], [-119.87508290777376, 42.74665463043749], [-119.87608027393934, 42.74665121234667], [-119.88006264460046, 42.74663756398404], [-119.88504238042707, 42.746620496530596], [-119.89004563224941, 42.74655511707129], [-119.89504888407158, 42.74648971461193], [-119.89492110643631, 42.74281615934197], [-119.89491999143073, 42.74278407533963]]]}, "properties": {"OBJECTID": 333318, "ID": "799126772317683801", "CSE_NAME": "LABRADORITE ONE", "STAGE_ID": null, "BLM_PROD": "Lode Claim", "CSE_TYPE_NR": "384101", "CSE_NR": "OR101762767", "LEG_CSE_NR": "ORMC176133", "SF_ID": "a02t00000059YXmAAM", "CSE_DISP": "Active", "SRC": "LLD", "QLTY": "1: SIMPLE\nTYPICAL QUARTER SECTION WITH 4 STANDARD LEGALS ATTRIBUTED\nDOES NOT MATCH PM ANGLES\naliquot\n36 sections retrieved\n598 intersected features retrieved\n16 matching sections found\n4 alias QQs added\nsection 4 issimple: False, SIMPLE\nTYPICAL QUARTER SE", "CSE_META": "OR 33 0330S 0240E 004 A NE|OR 33 0330S 0240E 003 A NW", "RCRD_ACRS": 20.66, "Created": 1610668800000, "Modified": 1728182562000, "Shape__Length": 0.05463915921580784, "Shape__Area": 0.00014724212831596553}}, {"type": "Feature", "id": 333444, "geometry": {"type": "Polygon", "coordinates": [[[-119.8549582052766, 42.709846130436524], [-119.8499998664528, 42.70986198688722], [-119.84504155062888, 42.70987784233791], [-119.84503964224119, 42.71355314462082], [-119.8450386875474, 42.71539078376222], [-119.84503773385367, 42.717228422903595], [-119.84750857926441, 42.71722118267905], [-119.84997942467508, 42.71721389445447], [-119.85492109349636, 42.71719938800525], [-119.8549396488864, 42.71352275972094], [-119.8549582052766, 42.709846130436524]]]}, "properties": {"OBJECTID": 333444, "ID": "799126770514133087", "CSE_NAME": "DUST DEVIL #3", "STAGE_ID": null, "BLM_PROD": "Lode Claim", "CSE_TYPE_NR": "384101", "CSE_NR": "OR101594062", "LEG_CSE_NR": "ORMC176639", "SF_ID": "a02t00000059ey4AAA", "CSE_DISP": "Active", "SRC": "LLD", "QLTY": "1: MIDPOINT\nFULLY ATTRIBUTED QUARTER SECTION ALL BUCKETS ARE EQUAL\naliquot\n36 sections retrieved\n598 intersected features retrieved\n25 matching sections found\nsection 14 issimple: False", "CSE_META": "OR 33 0330S 0240E 014 A NE", "RCRD_ACRS": 20.24, "Created": 1610668800000, "Modified": 1728183198000, "Shape__Length": 0.034504035996515955, "Shape__Area": 7.278341386870151e-05}}, {"type": "Feature", "id": 333474, "geometry": {"type": "Polygon", "coordinates": [[[-119.84503964224119, 42.71355314462082], [-119.84504155062888, 42.70987784233791], [-119.84008048780858, 42.70991879779076], [-119.83511944798816, 42.709959753243545], [-119.83512631660352, 42.71364476452654], [-119.83513320921904, 42.717329751809416], [-119.84008547103639, 42.71727908735651], [-119.84503773385367, 42.717228422903595], [-119.8450386875474, 42.71539078376222], [-119.84503964224119, 42.71355314462082]]]}, "properties": {"OBJECTID": 333474, "ID": "799126768005939249", "CSE_NAME": "KM-12", "STAGE_ID": null, "BLM_PROD": "LODE CLAIM", "CSE_TYPE_NR": "384101", "CSE_NR": "OR101557766", "LEG_CSE_NR": "ORMC176709", "SF_ID": "a02t00000059YckAAE", "CSE_DISP": "Active", "SRC": "LLD", "QLTY": "1: MIDPOINT\nTYPICAL QUARTER SECTION WITH 4 STANDARD LEGALS ATTRIBUTED\naliquot\n36 sections retrieved\n598 intersected features retrieved\n22 matching sections found\nsection 13 issimple: False", "CSE_META": "OR 33 0330S 0240E 013 A NW", "RCRD_ACRS": 20.66, "Created": 1610668800000, "Modified": 1738023269000, "Shape__Length": 0.03454807223048267, "Shape__Area": 7.296534055750402e-05}}, {"type": "Feature", "id": 333475, "geometry": {"type": "Polygon", "coordinates": [[[-119.84503964224119, 42.71355314462082], [-119.84504155062888, 42.70987784233791], [-119.84008048780858, 42.70991879779076], [-119.83511944798816, 42.709959753243545], [-119.83512631660352, 42.71364476452654], [-119.83513320921904, 42.717329751809416], [-119.84008547103639, 42.71727908735651], [-119.84503773385367, 42.717228422903595], [-119.8450386875474, 42.71539078376222], [-119.84503964224119, 42.71355314462082]]]}, "properties": {"OBJECTID": 333475, "ID": "799126768005939250", "CSE_NAME": "KM-13", "STAGE_ID": null, "BLM_PROD": "LODE CLAIM", "CSE_TYPE_NR": "384101", "CSE_NR": "OR101557767", "LEG_CSE_NR": "ORMC176710", "SF_ID": "a02t00000059YclAAE", "CSE_DISP": "Active", "SRC": "LLD", "QLTY": "1: MIDPOINT\nTYPICAL QUARTER SECTION WITH 4 STANDARD LEGALS ATTRIBUTED\naliquot\n36 sections retrieved\n598 intersected features retrieved\n22 matching sections found\nsection 13 issimple: False", "CSE_META": "OR 33 0330S 0240E 013 A NW", "RCRD_ACRS": 20.66, "Created": 1610668800000, "Modified": 1738023270000, "Shape__Length": 0.03454807223048267, "Shape__Area": 7.296534055750402e-05}}, {"type": "Feature", "id": 333478, "geometry": {"type": "Polygon", "coordinates": [[[-119.84503964224119, 42.71355314462082], [-119.84504155062888, 42.70987784233791], [-119.84008048780858, 42.70991879779076], [-119.83511944798816, 42.709959753243545], [-119.83512631660352, 42.71364476452654], [-119.83513320921904, 42.717329751809416], [-119.84008547103639, 42.71727908735651], [-119.84503773385367, 42.717228422903595], [-119.8450386875474, 42.71539078376222], [-119.84503964224119, 42.71355314462082]]]}, "properties": {"OBJECTID": 333478, "ID": "799126768005939253", "CSE_NAME": "KM-16", "STAGE_ID": null, "BLM_PROD": "Lode Claim", "CSE_TYPE_NR": "384101", "CSE_NR": "OR101557770", "LEG_CSE_NR": "ORMC176713", "SF_ID": "a02t00000059YcoAAE", "CSE_DISP": "Active", "SRC": "LLD", "QLTY": "1: MIDPOINT\nTYPICAL QUARTER SECTION WITH 4 STANDARD LEGALS ATTRIBUTED\naliquot\n36 sections retrieved\n598 intersected features retrieved\n22 matching sections found\nsection 13 issimple: False", "CSE_META": "OR 33 0330S 0240E 013 A NW", "RCRD_ACRS": 20.66, "Created": 1610668800000, "Modified": 1728182570000, "Shape__Length": 0.03454807223048267, "Shape__Area": 7.296534055750402e-05}}, {"type": "Feature", "id": 333479, "geometry": {"type": "Polygon", "coordinates": [[[-119.84504155062888, 42.70987784233791], [-119.84503964224119, 42.71355314462082], [-119.8450386875474, 42.71539078376222], [-119.84503773385367, 42.717228422903595], [-119.84750857926441, 42.71722118267905], [-119.84997942467508, 42.71721389445447], [-119.85492109349636, 42.71719938800525], [-119.8549396488864, 42.71352275972094], [-119.8549582052766, 42.709846130436524], [-119.8499998664528, 42.70986198688722], [-119.84504155062888, 42.70987784233791]]]}, "properties": {"OBJECTID": 333479, "ID": "799126768005939254", "CSE_NAME": "KM-17", "STAGE_ID": null, "BLM_PROD": "Lode Claim", "CSE_TYPE_NR": "384101", "CSE_NR": "OR101557771", "LEG_CSE_NR": "ORMC176714", "SF_ID": "a02t00000059YcpAAE", "CSE_DISP": "Active", "SRC": "LLD", "QLTY": "1: MIDPOINT\nFULLY ATTRIBUTED QUARTER SECTION ALL BUCKETS ARE EQUAL\naliquot\n36 sections retrieved\n598 intersected features retrieved\n25 matching sections found\nsection 14 issimple: False", "CSE_META": "OR 33 0330S 0240E 014 A NE", "RCRD_ACRS": 20.66, "Created": 1610668800000, "Modified": 1728182570000, "Shape__Length": 0.034504035996515955, "Shape__Area": 7.278341386870151e-05}}, {"type": "Feature", "id": 333480, "geometry": {"type": "Polygon", "coordinates": [[[-119.84504155062888, 42.70987784233791], [-119.84503964224119, 42.71355314462082], [-119.8450386875474, 42.71539078376222], [-119.84503773385367, 42.717228422903595], [-119.84750857926441, 42.71722118267905], [-119.84997942467508, 42.71721389445447], [-119.85492109349636, 42.71719938800525], [-119.8549396488864, 42.71352275972094], [-119.8549582052766, 42.709846130436524], [-119.8499998664528, 42.70986198688722], [-119.84504155062888, 42.70987784233791]]]}, "properties": {"OBJECTID": 333480, "ID": "799126768005939255", "CSE_NAME": "KM-18", "STAGE_ID": null, "BLM_PROD": "Lode Claim", "CSE_TYPE_NR": "384101", "CSE_NR": "OR101557772", "LEG_CSE_NR": "ORMC176715", "SF_ID": "a02t00000059YcqAAE", "CSE_DISP": "Active", "SRC": "LLD", "QLTY": "1: MIDPOINT\nFULLY ATTRIBUTED QUARTER SECTION ALL BUCKETS ARE EQUAL\naliquot\n36 sections retrieved\n598 intersected features retrieved\n25 matching sections found\nsection 14 issimple: False", "CSE_META": "OR 33 0330S 0240E 014 A NE", "RCRD_ACRS": 20.66, "Created": 1610668800000, "Modified": 1728182570000, "Shape__Length": 0.034504035996515955, "Shape__Area": 7.278341386870151e-05}}, {"type": "Feature", "id": 333481, "geometry": {"type": "Polygon", "coordinates": [[[-119.84504155062888, 42.70987784233791], [-119.84503964224119, 42.71355314462082], [-119.8450386875474, 42.71539078376222], [-119.84503773385367, 42.717228422903595], [-119.84750857926441, 42.71722118267905], [-119.84997942467508, 42.71721389445447], [-119.85492109349636, 42.71719938800525], [-119.8549396488864, 42.71352275972094], [-119.8549582052766, 42.709846130436524], [-119.8499998664528, 42.70986198688722], [-119.84504155062888, 42.70987784233791]]]}, "properties": {"OBJECTID": 333481, "ID": "799126768005939256", "CSE_NAME": "KM-19", "STAGE_ID": null, "BLM_PROD": "Lode Claim", "CSE_TYPE_NR": "384101", "CSE_NR": "OR101557773", "LEG_CSE_NR": "ORMC176716", "SF_ID": "a02t00000059YcrAAE", "CSE_DISP": "Active", "SRC": "LLD", "QLTY": "1: MIDPOINT\nFULLY ATTRIBUTED QUARTER SECTION ALL BUCKETS ARE EQUAL\naliquot\n36 sections retrieved\n598 intersected features retrieved\n25 matching sections found\nsection 14 issimple: False", "CSE_META": "OR 33 0330S 0240E 014 A NE", "RCRD_ACRS": 20.66, "Created": 1610668800000, "Modified": 1728182570000, "Shape__Length": 0.034504035996515955, "Shape__Area": 7.278341386870151e-05}}, {"type": "Feature", "id": 333490, "geometry": {"type": "Polygon", "coordinates": [[[-119.8549582052766, 42.709846130436524], [-119.85497676166692, 42.70616908215214], [-119.85499531705736, 42.70249201086768], [-119.85002035423118, 42.70250961331982], [-119.84753288481798, 42.70251844854592], [-119.84504539140481, 42.70252723877201], [-119.84504345901675, 42.70620254105499], [-119.84504155062888, 42.70987784233791], [-119.8499998664528, 42.70986198688722], [-119.8549582052766, 42.709846130436524]]]}, "properties": {"OBJECTID": 333490, "ID": "799126768068853825", "CSE_NAME": "KM-28", "STAGE_ID": null, "BLM_PROD": "Lode Claim", "CSE_TYPE_NR": "384101", "CSE_NR": "OR101558960", "LEG_CSE_NR": "ORMC176725", "SF_ID": "a02t00000059Yd0AAE", "CSE_DISP": "Active", "SRC": "LLD", "QLTY": "1: MIDPOINT\nTYPICAL QUARTER SECTION WITH 4 STANDARD LEGALS ATTRIBUTED\naliquot\n36 sections retrieved\n598 intersected features retrieved\n25 matching sections found\nsection 14 issimple: False", "CSE_META": "OR 33 0330S 0240E 014 A SE", "RCRD_ACRS": 20.66, "Created": 1610668800000, "Modified": 1728182570000, "Shape__Length": 0.03457150671120612, "Shape__Area": 7.303248719710352e-05}}, {"type": "Feature", "id": 333491, "geometry": {"type": "Polygon", "coordinates": [[[-119.8549582052766, 42.709846130436524], [-119.85497676166692, 42.70616908215214], [-119.85499531705736, 42.70249201086768], [-119.85002035423118, 42.70250961331982], [-119.84753288481798, 42.70251844854592], [-119.84504539140481, 42.70252723877201], [-119.84504345901675, 42.70620254105499], [-119.84504155062888, 42.70987784233791], [-119.8499998664528, 42.70986198688722], [-119.8549582052766, 42.709846130436524]]]}, "properties": {"OBJECTID": 333491, "ID": "799126768068853826", "CSE_NAME": "KM-29", "STAGE_ID": null, "BLM_PROD": "Lode Claim", "CSE_TYPE_NR": "384101", "CSE_NR": "OR101558961", "LEG_CSE_NR": "ORMC176726", "SF_ID": "a02t00000059Yd1AAE", "CSE_DISP": "Active", "SRC": "LLD", "QLTY": "1: MIDPOINT\nTYPICAL QUARTER SECTION WITH 4 STANDARD LEGALS ATTRIBUTED\naliquot\n36 sections retrieved\n598 intersected features retrieved\n25 matching sections found\nsection 14 issimple: False", "CSE_META": "OR 33 0330S 0240E 014 A SE", "RCRD_ACRS": 20.66, "Created": 1610668800000, "Modified": 1728182570000, "Shape__Length": 0.03457150671120612, "Shape__Area": 7.303248719710352e-05}}, {"type": "Feature", "id": 333492, "geometry": {"type": "Polygon", "coordinates": [[[-119.8549582052766, 42.709846130436524], [-119.85497676166692, 42.70616908215214], [-119.85499531705736, 42.70249201086768], [-119.85002035423118, 42.70250961331982], [-119.84753288481798, 42.70251844854592], [-119.84504539140481, 42.70252723877201], [-119.84504345901675, 42.70620254105499], [-119.84504155062888, 42.70987784233791], [-119.8499998664528, 42.70986198688722], [-119.8549582052766, 42.709846130436524]]]}, "properties": {"OBJECTID": 333492, "ID": "799126768068853827", "CSE_NAME": "KM-30", "STAGE_ID": null, "BLM_PROD": "Lode Claim", "CSE_TYPE_NR": "384101", "CSE_NR": "OR101558962", "LEG_CSE_NR": "ORMC176727", "SF_ID": "a02t00000059Yd2AAE", "CSE_DISP": "Active", "SRC": "LLD", "QLTY": "1: MIDPOINT\nTYPICAL QUARTER SECTION WITH 4 STANDARD LEGALS ATTRIBUTED\naliquot\n36 sections retrieved\n598 intersected features retrieved\n25 matching sections found\nsection 14 issimple: False", "CSE_META": "OR 33 0330S 0240E 014 A SE", "RCRD_ACRS": 20.66, "Created": 1610668800000, "Modified": 1728182570000, "Shape__Length": 0.03457150671120612, "Shape__Area": 7.303248719710352e-05}}, {"type": "Feature", "id": 333493, "geometry": {"type": "Polygon", "coordinates": [[[-119.84504155062888, 42.70987784233791], [-119.84504345901675, 42.70620254105499], [-119.84504539140481, 42.70252723877201], [-119.84007555058245, 42.70256456222522], [-119.83510570976, 42.70260188567844], [-119.83511257837401, 42.70628081896102], [-119.83511602068106, 42.708120298102315], [-119.83511944798816, 42.709959753243545], [-119.84008048780858, 42.70991879779076], [-119.84504155062888, 42.70987784233791]]]}, "properties": {"OBJECTID": 333493, "ID": "799126768068853828", "CSE_NAME": "KM-31", "STAGE_ID": null, "BLM_PROD": "Lode Claim", "CSE_TYPE_NR": "384101", "CSE_NR": "OR101558963", "LEG_CSE_NR": "ORMC176728", "SF_ID": "a02t00000059Yd3AAE", "CSE_DISP": "Active", "SRC": "LLD", "QLTY": "1: MIDPOINT\nTYPICAL QUARTER SECTION WITH 4 STANDARD LEGALS ATTRIBUTED\naliquot\n36 sections retrieved\n598 intersected features retrieved\n22 matching sections found\nsection 13 issimple: False", "CSE_META": "OR 33 0330S 0240E 013 A SW", "RCRD_ACRS": 20.66, "Created": 1610668800000, "Modified": 1728182570000, "Shape__Length": 0.03457088320589937, "Shape__Area": 7.303443328427652e-05}}, {"type": "Feature", "id": 333494, "geometry": {"type": "Polygon", "coordinates": [[[-119.84504155062888, 42.70987784233791], [-119.84504345901675, 42.70620254105499], [-119.84504539140481, 42.70252723877201], [-119.84007555058245, 42.70256456222522], [-119.83510570976, 42.70260188567844], [-119.83511257837401, 42.70628081896102], [-119.83511602068106, 42.708120298102315], [-119.83511944798816, 42.709959753243545], [-119.84008048780858, 42.70991879779076], [-119.84504155062888, 42.70987784233791]]]}, "properties": {"OBJECTID": 333494, "ID": "799126768068853829", "CSE_NAME": "KM-32", "STAGE_ID": null, "BLM_PROD": "LODE CLAIM", "CSE_TYPE_NR": "384101", "CSE_NR": "OR101558964", "LEG_CSE_NR": "ORMC176729", "SF_ID": "a02t00000059Yd4AAE", "CSE_DISP": "Active", "SRC": "LLD", "QLTY": "1: MIDPOINT\nTYPICAL QUARTER SECTION WITH 4 STANDARD LEGALS ATTRIBUTED\naliquot\n36 sections retrieved\n598 intersected features retrieved\n22 matching sections found\nsection 13 issimple: False", "CSE_META": "OR 33 0330S 0240E 013 A SW", "RCRD_ACRS": 20.66, "Created": 1610668800000, "Modified": 1757703003000, "Shape__Length": 0.03457088320589937, "Shape__Area": 7.303443328427652e-05}}, {"type": "Feature", "id": 333496, "geometry": {"type": "Polygon", "coordinates": [[[-119.84504155062888, 42.70987784233791], [-119.84504345901675, 42.70620254105499], [-119.84504539140481, 42.70252723877201], [-119.84007555058245, 42.70256456222522], [-119.83510570976, 42.70260188567844], [-119.83511257837401, 42.70628081896102], [-119.83511602068106, 42.708120298102315], [-119.83511944798816, 42.709959753243545], [-119.84008048780858, 42.70991879779076], [-119.84504155062888, 42.70987784233791]]]}, "properties": {"OBJECTID": 333496, "ID": "799126768068853831", "CSE_NAME": "KM-34", "STAGE_ID": null, "BLM_PROD": "Lode Claim", "CSE_TYPE_NR": "384101", "CSE_NR": "OR101558966", "LEG_CSE_NR": "ORMC176731", "SF_ID": "a02t00000059Yd6AAE", "CSE_DISP": "Active", "SRC": "LLD", "QLTY": "1: MIDPOINT\nTYPICAL QUARTER SECTION WITH 4 STANDARD LEGALS ATTRIBUTED\naliquot\n36 sections retrieved\n598 intersected features retrieved\n22 matching sections found\nsection 13 issimple: False", "CSE_META": "OR 33 0330S 0240E 013 A SW", "RCRD_ACRS": 20.66, "Created": 1610668800000, "Modified": 1728182570000, "Shape__Length": 0.03457088320589937, "Shape__Area": 7.303443328427652e-05}}, {"type": "Feature", "id": 333497, "geometry": {"type": "Polygon", "coordinates": [[[-119.84504155062888, 42.70987784233791], [-119.84504345901675, 42.70620254105499], [-119.84504539140481, 42.70252723877201], [-119.84007555058245, 42.70256456222522], [-119.83510570976, 42.70260188567844], [-119.83511257837401, 42.70628081896102], [-119.83511602068106, 42.708120298102315], [-119.83511944798816, 42.709959753243545], [-119.84008048780858, 42.70991879779076], [-119.84504155062888, 42.70987784233791]]]}, "properties": {"OBJECTID": 333497, "ID": "799126768068853832", "CSE_NAME": "KM-35", "STAGE_ID": null, "BLM_PROD": "Lode Claim", "CSE_TYPE_NR": "384101", "CSE_NR": "OR101558967", "LEG_CSE_NR": "ORMC176732", "SF_ID": "a02t00000059Yd7AAE", "CSE_DISP": "Active", "SRC": "LLD", "QLTY": "1: MIDPOINT\nTYPICAL QUARTER SECTION WITH 4 STANDARD LEGALS ATTRIBUTED\naliquot\n36 sections retrieved\n598 intersected features retrieved\n22 matching sections found\nsection 13 issimple: False", "CSE_META": "OR 33 0330S 0240E 013 A SW", "RCRD_ACRS": 20.66, "Created": 1610668800000, "Modified": 1728182570000, "Shape__Length": 0.03457088320589937, "Shape__Area": 7.303443328427652e-05}}, {"type": "Feature", "id": 333498, "geometry": {"type": "Polygon", "coordinates": [[[-119.84504155062888, 42.70987784233791], [-119.84504345901675, 42.70620254105499], [-119.84504539140481, 42.70252723877201], [-119.84007555058245, 42.70256456222522], [-119.83510570976, 42.70260188567844], [-119.83511257837401, 42.70628081896102], [-119.83511602068106, 42.708120298102315], [-119.83511944798816, 42.709959753243545], [-119.84008048780858, 42.70991879779076], [-119.84504155062888, 42.70987784233791]]]}, "properties": {"OBJECTID": 333498, "ID": "799126768068853833", "CSE_NAME": "KM-36", "STAGE_ID": null, "BLM_PROD": "Lode Claim", "CSE_TYPE_NR": "384101", "CSE_NR": "OR101558968", "LEG_CSE_NR": "ORMC176733", "SF_ID": "a02t00000059Yd8AAE", "CSE_DISP": "Active", "SRC": "LLD", "QLTY": "1: MIDPOINT\nTYPICAL QUARTER SECTION WITH 4 STANDARD LEGALS ATTRIBUTED\naliquot\n36 sections retrieved\n598 intersected features retrieved\n22 matching sections found\nsection 13 issimple: False", "CSE_META": "OR 33 0330S 0240E 013 A SW", "RCRD_ACRS": 20.66, "Created": 1610668800000, "Modified": 1728182570000, "Shape__Length": 0.03457088320589937, "Shape__Area": 7.303443328427652e-05}}, {"type": "Feature", "id": 333499, "geometry": {"type": "Polygon", "coordinates": [[[-119.84504155062888, 42.70987784233791], [-119.84504345901675, 42.70620254105499], [-119.84504539140481, 42.70252723877201], [-119.84007555058245, 42.70256456222522], [-119.83510570976, 42.70260188567844], [-119.83511257837401, 42.70628081896102], [-119.83511602068106, 42.708120298102315], [-119.83511944798816, 42.709959753243545], [-119.84008048780858, 42.70991879779076], [-119.84504155062888, 42.70987784233791]]]}, "properties": {"OBJECTID": 333499, "ID": "799126768068853834", "CSE_NAME": "KM-37", "STAGE_ID": null, "BLM_PROD": "Lode Claim", "CSE_TYPE_NR": "384101", "CSE_NR": "OR101558969", "LEG_CSE_NR": "ORMC176734", "SF_ID": "a02t00000059Yd9AAE", "CSE_DISP": "Active", "SRC": "LLD", "QLTY": "1: MIDPOINT\nTYPICAL QUARTER SECTION WITH 4 STANDARD LEGALS ATTRIBUTED\naliquot\n36 sections retrieved\n598 intersected features retrieved\n22 matching sections found\nsection 13 issimple: False", "CSE_META": "OR 33 0330S 0240E 013 A SW", "RCRD_ACRS": 20.66, "Created": 1610668800000, "Modified": 1728182570000, "Shape__Length": 0.03457088320589937, "Shape__Area": 7.303443328427652e-05}}, {"type": "Feature", "id": 333500, "geometry": {"type": "Polygon", "coordinates": [[[-119.84504155062888, 42.70987784233791], [-119.84504345901675, 42.70620254105499], [-119.84504539140481, 42.70252723877201], [-119.84007555058245, 42.70256456222522], [-119.83510570976, 42.70260188567844], [-119.83511257837401, 42.70628081896102], [-119.83511602068106, 42.708120298102315], [-119.83511944798816, 42.709959753243545], [-119.84008048780858, 42.70991879779076], [-119.84504155062888, 42.70987784233791]]]}, "properties": {"OBJECTID": 333500, "ID": "799126768068853835", "CSE_NAME": "KM-38", "STAGE_ID": null, "BLM_PROD": "Lode Claim", "CSE_TYPE_NR": "384101", "CSE_NR": "OR101558970", "LEG_CSE_NR": "ORMC176735", "SF_ID": "a02t00000059YdAAAU", "CSE_DISP": "Active", "SRC": "LLD", "QLTY": "1: MIDPOINT\nTYPICAL QUARTER SECTION WITH 4 STANDARD LEGALS ATTRIBUTED\naliquot\n36 sections retrieved\n598 intersected features retrieved\n22 matching sections found\nsection 13 issimple: False", "CSE_META": "OR 33 0330S 0240E 013 A SW", "RCRD_ACRS": 20.66, "Created": 1610668800000, "Modified": 1728182570000, "Shape__Length": 0.03457088320589937, "Shape__Area": 7.303443328427652e-05}}, {"type": "Feature", "id": 333501, "geometry": {"type": "Polygon", "coordinates": [[[-119.8549582052766, 42.709846130436524], [-119.85497676166692, 42.70616908215214], [-119.85499531705736, 42.70249201086768], [-119.85002035423118, 42.70250961331982], [-119.84753288481798, 42.70251844854592], [-119.84504539140481, 42.70252723877201], [-119.84504345901675, 42.70620254105499], [-119.84504155062888, 42.70987784233791], [-119.8499998664528, 42.70986198688722], [-119.8549582052766, 42.709846130436524]]]}, "properties": {"OBJECTID": 333501, "ID": "799126768068853836", "CSE_NAME": "KM-39", "STAGE_ID": null, "BLM_PROD": "Lode Claim", "CSE_TYPE_NR": "384101", "CSE_NR": "OR101558971", "LEG_CSE_NR": "ORMC176736", "SF_ID": "a02t00000059YdBAAU", "CSE_DISP": "Active", "SRC": "LLD", "QLTY": "1: MIDPOINT\nTYPICAL QUARTER SECTION WITH 4 STANDARD LEGALS ATTRIBUTED\naliquot\n36 sections retrieved\n598 intersected features retrieved\n25 matching sections found\nsection 14 issimple: False", "CSE_META": "OR 33 0330S 0240E 014 A SE", "RCRD_ACRS": 20.66, "Created": 1610668800000, "Modified": 1728182570000, "Shape__Length": 0.03457150671120612, "Shape__Area": 7.303248719710352e-05}}, {"type": "Feature", "id": 333536, "geometry": {"type": "Polygon", "coordinates": [[[-119.88458768288615, 42.73186478344027], [-119.87966038006648, 42.73187051188788], [-119.87608083047091, 42.73187465621301], [-119.87473305424666, 42.73187621633542], [-119.87482020387607, 42.73555829361008], [-119.87490737550559, 42.73924037088471], [-119.87986105833029, 42.73923743643482], [-119.88481476415485, 42.7392345029849], [-119.88470123452045, 42.73554965471264], [-119.88458768288615, 42.73186478344027]]]}, "properties": {"OBJECTID": 333536, "ID": "799126773529837646", "CSE_NAME": "SCHILLER MINE", "STAGE_ID": null, "BLM_PROD": "Lode Claim", "CSE_TYPE_NR": "384101", "CSE_NR": "OR102008061", "LEG_CSE_NR": "ORMC176947", "SF_ID": "a02t00000059i05AAA", "CSE_DISP": "Active", "SRC": "LLD", "QLTY": "1: SIMPLE\nTYPICAL QUARTER SECTION WITH 4 STANDARD LEGALS ATTRIBUTED\nDOES NOT MATCH PM ANGLES\naliquot\n36 sections retrieved\n598 intersected features retrieved\n17 matching sections found\nsection 3 issimple: False", "CSE_META": "OR 33 0330S 0240E 003 A SW", "RCRD_ACRS": 20.66, "Created": 1610668800000, "Modified": 1728183502000, "Shape__Length": 0.03450145590991491, "Shape__Area": 7.279450456256702e-05}}, {"type": "Feature", "id": 333538, "geometry": {"type": "Polygon", "coordinates": [[[-119.8549582052766, 42.709846130436524], [-119.85497676166692, 42.70616908215214], [-119.85499531705736, 42.70249201086768], [-119.85002035423118, 42.70250961331982], [-119.84753288481798, 42.70251844854592], [-119.84504539140481, 42.70252723877201], [-119.84504345901675, 42.70620254105499], [-119.84504155062888, 42.70987784233791], [-119.8499998664528, 42.70986198688722], [-119.8549582052766, 42.709846130436524]]]}, "properties": {"OBJECTID": 333538, "ID": "799126755230089288", "CSE_NAME": "BEOWULF #1", "STAGE_ID": null, "BLM_PROD": "Lode Claim", "CSE_TYPE_NR": "384101", "CSE_NR": "OR101573958", "LEG_CSE_NR": "ORMC177055", "SF_ID": "a02t00000059bzAAAQ", "CSE_DISP": "Active", "SRC": "LLD", "QLTY": "1: MIDPOINT\nTYPICAL QUARTER SECTION WITH 4 STANDARD LEGALS ATTRIBUTED\naliquot\n36 sections retrieved\n598 intersected features retrieved\n25 matching sections found\nsection 14 issimple: False", "CSE_META": "OR 33 0330S 0240E 014 A SE", "RCRD_ACRS": 20.66, "Created": 1610668800000, "Modified": 1728182896000, "Shape__Length": 0.03457150671120612, "Shape__Area": 7.303248719710352e-05}}, {"type": "Feature", "id": 333672, "geometry": {"type": "Polygon", "coordinates": [[[-119.86470877821931, 42.68773832285279], [-119.85974981039665, 42.68775948730354], [-119.8547908195739, 42.68778065175434], [-119.85484192619458, 42.69145867803276], [-119.85489305681536, 42.695136704311096], [-119.85985996363972, 42.69511707585958], [-119.86482687146402, 42.6950974714081], [-119.86476782484155, 42.69141790813047], [-119.86470877821931, 42.68773832285279]]]}, "properties": {"OBJECTID": 333672, "ID": "799126763685806081", "CSE_NAME": "AVENTURESCENCE", "STAGE_ID": null, "BLM_PROD": "Lode Claim", "CSE_TYPE_NR": "384101", "CSE_NR": "OR101843194", "LEG_CSE_NR": "ORMC177624", "SF_ID": "a02t00000059dEVAAY", "CSE_DISP": "Active", "SRC": "LLD", "QLTY": "1: MIDPOINT\nTYPICAL QUARTER SECTION WITH 4 STANDARD LEGALS ATTRIBUTED\nDOES NOT MATCH PM ANGLES\naliquot\n36 sections retrieved\n598 intersected features retrieved\n19 matching sections found\nsection 23 issimple: False", "CSE_META": "OR 33 0330S 0240E 023 A SW", "RCRD_ACRS": 20.66, "Created": 1610668800000, "Modified": 1728183015000, "Shape__Length": 0.03456879565651005, "Shape__Area": 7.303516759465402e-05}}, {"type": "Feature", "id": 334018, "geometry": {"type": "Polygon", "coordinates": [[[-119.79532216759934, 42.717472145429305], [-119.79532212459938, 42.71747243842931], [-119.79526918420474, 42.72115631271809], [-119.7952162648102, 42.72484018300676], [-119.79521630081027, 42.72484048000676], [-119.79521670481034, 42.72484051000675], [-119.80018319164061, 42.72484658655689], [-119.80266663205573, 42.72484965833198], [-119.80514965747078, 42.72485266210709], [-119.80515005847084, 42.724852634107066], [-119.8051501014708, 42.72485234010702], [-119.80519943386437, 42.72116672181863], [-119.80522410156117, 42.71932374967445], [-119.80524876625807, 42.71748110553021], [-119.80524873025801, 42.71748080853022], [-119.80524832725793, 42.71748077853024], [-119.80028545042873, 42.717476447979735], [-119.79532256759937, 42.717472117429274], [-119.79532216759934, 42.717472145429305]]]}, "properties": {"OBJECTID": 334018, "ID": "799126910306091109", "CSE_NAME": "PINK LIZZARD 4", "STAGE_ID": null, "BLM_PROD": "Lode Claim", "CSE_TYPE_NR": "384101", "CSE_NR": "OR101959510", "LEG_CSE_NR": "ORMC178025", "SF_ID": "a02t00000059hCpAAI", "CSE_DISP": "Active", "SRC": "PLSS", "QLTY": "100", "CSE_META": "OR 33 0330S 0250E 008 A SW", "RCRD_ACRS": 20.66, "Created": 1610668800000, "Modified": 1728183426000, "Shape__Length": 0.03460192279280702, "Shape__Area": 7.318840412102652e-05}}, {"type": "Feature", "id": 334767, "geometry": {"type": "Polygon", "coordinates": [[[-119.86484131137226, 42.724529059668725], [-119.85988714054872, 42.724541423119064], [-119.85493296872517, 42.7245537865694], [-119.85493888333971, 42.72823062585137], [-119.85494482095437, 42.73190746413329], [-119.85499986257645, 42.73557794641027], [-119.85505490519859, 42.739248428687134], [-119.8600329410281, 42.73924691523525], [-119.86501100085746, 42.739245400783304], [-119.8699591886816, 42.73924288633403], [-119.87490737550559, 42.73924037088471], [-119.87482020387607, 42.73555829361008], [-119.87473305424666, 42.73187621633542], [-119.87471500962899, 42.72819432505447], [-119.87469696401148, 42.724512410773436], [-119.86976914919194, 42.72452072422111], [-119.86484131137226, 42.724529059668725]]]}, "properties": {"OBJECTID": 334767, "ID": "799126733147078797", "CSE_NAME": "SPECTRUM #1", "STAGE_ID": null, "BLM_PROD": "Lode Claim", "CSE_TYPE_NR": "384101", "CSE_NR": "OR101434494", "LEG_CSE_NR": "ORMC9153", "SF_ID": "a02t000000587StAAI", "CSE_DISP": "Active", "SRC": "LLD", "QLTY": "1: SIMPLE\nTYPICAL QUARTER SECTION WITH 4 STANDARD LEGALS ATTRIBUTED\nDOES NOT MATCH PM ANGLES\naliquot\n36 sections retrieved\n598 intersected features retrieved\n16 matching sections found\n4 alias QQs added\nsection 2 issimple: False, SIMPLE\nFULLY ATTRIBUTED Q", "CSE_META": "OR 33 0330S 0240E 002 A SW|OR 33 0330S 0240E 003 A SE|OR 33 0330S 0240E 010 A NE|OR 33 0330S 0240E 011 A NW", "RCRD_ACRS": 20.66, "Created": 1610668800000, "Modified": 1728174389000, "Shape__Length": 0.06904209188520227, "Shape__Area": 0.00029131071445891957}}, {"type": "Feature", "id": 334768, "geometry": {"type": "Polygon", "coordinates": [[[-119.86484131137226, 42.724529059668725], [-119.86485991498942, 42.728208621949626], [-119.8648785426068, 42.73188818523053], [-119.86494476023206, 42.73556679250696], [-119.86501100085746, 42.739245400783304], [-119.8699591886816, 42.73924288633403], [-119.87490737550559, 42.73924037088471], [-119.87482020387607, 42.73555829361008], [-119.87473305424666, 42.73187621633542], [-119.87471500962899, 42.72819432505447], [-119.87469696401148, 42.724512410773436], [-119.86976914919194, 42.72452072422111], [-119.86484131137226, 42.724529059668725]]]}, "properties": {"OBJECTID": 334768, "ID": "799126732656345116", "CSE_NAME": "SUN QUEEN #1", "STAGE_ID": null, "BLM_PROD": "Lode Claim", "CSE_TYPE_NR": "384101", "CSE_NR": "OR101431494", "LEG_CSE_NR": "ORMC9154", "SF_ID": "a02t000000584LgAAI", "CSE_DISP": "Active", "SRC": "LLD", "QLTY": "1: SIMPLE\nFULLY ATTRIBUTED QUARTER SECTION ALL BUCKETS ARE EQUAL\nDOES NOT MATCH PM ANGLES\naliquot\n36 sections retrieved\n598 intersected features retrieved\n17 matching sections found\nsection 3 issimple: False, MIDPOINT\nFULLY ATTRIBUTED QUARTER SECTION ALL ", "CSE_META": "OR 33 0330S 0240E 003 A SE|OR 33 0330S 0240E 010 A NE", "RCRD_ACRS": 20.66, "Created": 1610668800000, "Modified": 1728174101000, "Shape__Length": 0.049199776117765194, "Shape__Area": 0.00014523977158154453}}, {"type": "Feature", "id": 334769, "geometry": {"type": "Polygon", "coordinates": [[[-119.86484131137226, 42.724529059668725], [-119.86485991498942, 42.728208621949626], [-119.8648785426068, 42.73188818523053], [-119.86620667882782, 42.73188664810992], [-119.86854779121748, 42.73188385389725], [-119.86980579842677, 42.731882200782955], [-119.87473305424666, 42.73187621633542], [-119.87471500962899, 42.72819432505447], [-119.87469696401148, 42.724512410773436], [-119.86976914919194, 42.72452072422111], [-119.86484131137226, 42.724529059668725]]]}, "properties": {"OBJECTID": 334769, "ID": "799126714985742393", "CSE_NAME": "SUN QUEEN #2", "STAGE_ID": null, "BLM_PROD": "Lode Claim", "CSE_TYPE_NR": "384101", "CSE_NR": "OR101481328", "LEG_CSE_NR": "ORMC9155", "SF_ID": "a02t000000587qYAAQ", "CSE_DISP": "Active", "SRC": "LLD", "QLTY": "1: MIDPOINT\nFULLY ATTRIBUTED QUARTER SECTION ALL BUCKETS ARE EQUAL\naliquot\n36 sections retrieved\n598 intersected features retrieved\n17 matching sections found\nsection 10 issimple: False", "CSE_META": "OR 33 0330S 0240E 010 A NE", "RCRD_ACRS": 20.66, "Created": 1610668800000, "Modified": 1728174422000, "Shape__Length": 0.03443329494336294, "Shape__Area": 7.254881926702852e-05}}, {"type": "Feature", "id": 334770, "geometry": {"type": "Polygon", "coordinates": [[[-119.86484131137226, 42.724529059668725], [-119.86485991498942, 42.728208621949626], [-119.8648785426068, 42.73188818523053], [-119.86620667882782, 42.73188664810992], [-119.86854779121748, 42.73188385389725], [-119.86980579842677, 42.731882200782955], [-119.87473305424666, 42.73187621633542], [-119.87471500962899, 42.72819432505447], [-119.87469696401148, 42.724512410773436], [-119.86976914919194, 42.72452072422111], [-119.86484131137226, 42.724529059668725]]]}, "properties": {"OBJECTID": 334770, "ID": "799126735638495324", "CSE_NAME": "CLAY-MATT #1", "STAGE_ID": null, "BLM_PROD": "Lode Claim", "CSE_TYPE_NR": "384101", "CSE_NR": "OR101334028", "LEG_CSE_NR": "ORMC9156", "SF_ID": "a02t000000585YQAAY", "CSE_DISP": "Active", "SRC": "LLD", "QLTY": "1: MIDPOINT\nFULLY ATTRIBUTED QUARTER SECTION ALL BUCKETS ARE EQUAL\naliquot\n36 sections retrieved\n598 intersected features retrieved\n17 matching sections found\nsection 10 issimple: False", "CSE_META": "OR 33 0330S 0240E 010 A NE", "RCRD_ACRS": 20.66, "Created": 1610668800000, "Modified": 1728174220000, "Shape__Length": 0.03443329494336294, "Shape__Area": 7.254881926702852e-05}}, {"type": "Feature", "id": 334771, "geometry": {"type": "Polygon", "coordinates": [[[-119.86484131137226, 42.724529059668725], [-119.85988714054872, 42.724541423119064], [-119.85493296872517, 42.7245537865694], [-119.85493888333971, 42.72823062585137], [-119.85494482095437, 42.73190746413329], [-119.85991168178064, 42.73189782468192], [-119.8648785426068, 42.73188818523053], [-119.86620667882782, 42.73188664810992], [-119.86854779121748, 42.73188385389725], [-119.86980579842677, 42.731882200782955], [-119.87473305424666, 42.73187621633542], [-119.87471500962899, 42.72819432505447], [-119.87469696401148, 42.724512410773436], [-119.86976914919194, 42.72452072422111], [-119.86484131137226, 42.724529059668725]]]}, "properties": {"OBJECTID": 334771, "ID": "799126715103182890", "CSE_NAME": "CLAY-MATT #2", "STAGE_ID": null, "BLM_PROD": "Lode Claim", "CSE_TYPE_NR": "384101", "CSE_NR": "OR101483331", "LEG_CSE_NR": "ORMC9157", "SF_ID": "a02t000000585glAAA", "CSE_DISP": "Active", "SRC": "LLD", "QLTY": "1: MIDPOINT\nFULLY ATTRIBUTED QUARTER SECTION ALL BUCKETS ARE EQUAL\naliquot\n36 sections retrieved\n598 intersected features retrieved\n17 matching sections found\nsection 10 issimple: False, MIDPOINT\nTYPICAL QUARTER SECTION WITH 4 STANDARD LEGALS ATTRIBUTED\na", "CSE_META": "OR 33 0330S 0240E 010 A NE|OR 33 0330S 0240E 011 A NW", "RCRD_ACRS": 20.66, "Created": 1610668800000, "Modified": 1728174232000, "Shape__Length": 0.054269872877103255, "Shape__Area": 0.00014553243603332154}}, {"type": "Feature", "id": 334772, "geometry": {"type": "Polygon", "coordinates": [[[-119.87471847555898, 42.70978633764062], [-119.86979666774138, 42.709799958087885], [-119.86487485992367, 42.70981355653509], [-119.86483967953103, 42.713491954820974], [-119.86482208983475, 42.71533115396392], [-119.86480450013858, 42.7171703301068], [-119.8697326869577, 42.71715901365905], [-119.8746608977768, 42.71714769821126], [-119.87468969816783, 42.71346701792595], [-119.87471847555898, 42.70978633764062]]]}, "properties": {"OBJECTID": 334772, "ID": "799126733067386938", "CSE_NAME": "LAST CHANCE", "STAGE_ID": null, "BLM_PROD": "Lode Claim", "CSE_TYPE_NR": "384101", "CSE_NR": "OR101433660", "LEG_CSE_NR": "ORMC9158", "SF_ID": "a02t000000586K4AAI", "CSE_DISP": "Active", "SRC": "LLD", "QLTY": "1: MIDPOINT\nTYPICAL QUARTER SECTION WITH 4 STANDARD LEGALS ATTRIBUTED\naliquot\n36 sections retrieved\n598 intersected features retrieved\n16 matching sections found\nsection 15 issimple: True", "CSE_META": "OR 33 0330S 0240E 015 A NE", "RCRD_ACRS": 20.66, "Created": 1610668800000, "Modified": 1728174288000, "Shape__Length": 0.03441876825508684, "Shape__Area": 7.248523422045802e-05}}, {"type": "Feature", "id": 334773, "geometry": {"type": "Polygon", "coordinates": [[[-119.84504155062888, 42.70987784233791], [-119.84504345901675, 42.70620254105499], [-119.84504539140481, 42.70252723877201], [-119.84007555058245, 42.70256456222522], [-119.83510570976, 42.70260188567844], [-119.83511257837401, 42.70628081896102], [-119.83511602068106, 42.708120298102315], [-119.83511944798816, 42.709959753243545], [-119.84008048780858, 42.70991879779076], [-119.84504155062888, 42.70987784233791]]]}, "properties": {"OBJECTID": 334773, "ID": "799126732635373577", "CSE_NAME": "WORK-UM-HARD #1", "STAGE_ID": null, "BLM_PROD": "Lode Claim", "CSE_TYPE_NR": "384101", "CSE_NR": "OR101430871", "LEG_CSE_NR": "ORMC9159", "SF_ID": "a02t000000584ASAAY", "CSE_DISP": "Active", "SRC": "LLD", "QLTY": "1: MIDPOINT\nTYPICAL QUARTER SECTION WITH 4 STANDARD LEGALS ATTRIBUTED\naliquot\n36 sections retrieved\n598 intersected features retrieved\n22 matching sections found\nsection 13 issimple: False", "CSE_META": "OR 33 0330S 0240E 013 A SW", "RCRD_ACRS": 20.66, "Created": 1610668800000, "Modified": 1728174085000, "Shape__Length": 0.03457088320589937, "Shape__Area": 7.303443328427652e-05}}, {"type": "Feature", "id": 334774, "geometry": {"type": "Polygon", "coordinates": [[[-119.83511944798816, 42.709959753243545], [-119.83512631660352, 42.71364476452654], [-119.83513320921904, 42.717329751809416], [-119.84008547103639, 42.71727908735651], [-119.84503773385367, 42.717228422903595], [-119.8450386875474, 42.71539078376222], [-119.84503964224119, 42.71355314462082], [-119.84504155062888, 42.70987784233791], [-119.84504345901675, 42.70620254105499], [-119.84504539140481, 42.70252723877201], [-119.84007555058245, 42.70256456222522], [-119.83510570976, 42.70260188567844], [-119.83511257837401, 42.70628081896102], [-119.83511602068106, 42.708120298102315], [-119.83511944798816, 42.709959753243545]]]}, "properties": {"OBJECTID": 334774, "ID": "799126715438727263", "CSE_NAME": "WORK-UM-HARD #2", "STAGE_ID": null, "BLM_PROD": "Lode Claim", "CSE_TYPE_NR": "384101", "CSE_NR": "OR101484540", "LEG_CSE_NR": "ORMC9160", "SF_ID": "a02t0000005877xAAA", "CSE_DISP": "Active", "SRC": "LLD", "QLTY": "1: MIDPOINT\nTYPICAL QUARTER SECTION WITH 4 STANDARD LEGALS ATTRIBUTED\naliquot\n36 sections retrieved\n598 intersected features retrieved\n22 matching sections found\nsection 13 issimple: False, MIDPOINT\nTYPICAL QUARTER SECTION WITH 4 STANDARD LEGALS ATTRIBUTE", "CSE_META": "OR 33 0330S 0240E 013 A NW|OR 33 0330S 0240E 013 A SW", "RCRD_ACRS": 20.66, "Created": 1610668800000, "Modified": 1728174359000, "Shape__Length": 0.04927407725562204, "Shape__Area": 0.00014599977384178054}}, {"type": "Feature", "id": 334775, "geometry": {"type": "Polygon", "coordinates": [[[-119.82515699780565, 42.724828786291006], [-119.82512116641682, 42.72852762657887], [-119.82508535702813, 42.73222644486667], [-119.8300668628467, 42.73215161240903], [-119.83504836866513, 42.732076779951385], [-119.83506957905338, 42.72839020966597], [-119.83509078844182, 42.724703638380504], [-119.83012388162378, 42.724766223835786], [-119.82515699780565, 42.724828786291006]]]}, "properties": {"OBJECTID": 334775, "ID": "799126734652833801", "CSE_NAME": "WORK UM HARD #3", "STAGE_ID": null, "BLM_PROD": "Lode Claim", "CSE_TYPE_NR": "384101", "CSE_NR": "OR101375201", "LEG_CSE_NR": "ORMC9161", "SF_ID": "a02t000000587zuAAA", "CSE_DISP": "Active", "SRC": "LLD", "QLTY": "1: MIDPOINT\nTYPICAL QUARTER SECTION WITH 4 STANDARD LEGALS ATTRIBUTED\nDOES NOT MATCH PM ANGLES\naliquot\n36 sections retrieved\n598 intersected features retrieved\n16 matching sections found\nsection 12 issimple: True", "CSE_META": "OR 33 0330S 0240E 012 A NE", "RCRD_ACRS": 20.66, "Created": 1610668800000, "Modified": 1728174435000, "Shape__Length": 0.03466997926708839, "Shape__Area": 7.346505399861401e-05}}, {"type": "Feature", "id": 334776, "geometry": {"type": "Polygon", "coordinates": [[[-119.84504155062888, 42.70987784233791], [-119.84504345901675, 42.70620254105499], [-119.84504539140481, 42.70252723877201], [-119.84007555058245, 42.70256456222522], [-119.83510570976, 42.70260188567844], [-119.83511257837401, 42.70628081896102], [-119.83511602068106, 42.708120298102315], [-119.83511944798816, 42.709959753243545], [-119.84008048780858, 42.70991879779076], [-119.84504155062888, 42.70987784233791]]]}, "properties": {"OBJECTID": 334776, "ID": "799126715069628477", "CSE_NAME": "WORK-UM-HARD #5", "STAGE_ID": null, "BLM_PROD": "Lode Claim", "CSE_TYPE_NR": "384101", "CSE_NR": "OR101482802", "LEG_CSE_NR": "ORMC9163", "SF_ID": "a02t000000584OzAAI", "CSE_DISP": "Active", "SRC": "LLD", "QLTY": "1: MIDPOINT\nTYPICAL QUARTER SECTION WITH 4 STANDARD LEGALS ATTRIBUTED\naliquot\n36 sections retrieved\n598 intersected features retrieved\n22 matching sections found\nsection 13 issimple: False", "CSE_META": "OR 33 0330S 0240E 013 A SW", "RCRD_ACRS": 20.66, "Created": 1610668800000, "Modified": 1728174106000, "Shape__Length": 0.03457088320589937, "Shape__Area": 7.303443328427652e-05}}, {"type": "Feature", "id": 334777, "geometry": {"type": "Polygon", "coordinates": [[[-119.83511944798816, 42.709959753243545], [-119.83512631660352, 42.71364476452654], [-119.83513320921904, 42.717329751809416], [-119.84008547103639, 42.71727908735651], [-119.84503773385367, 42.717228422903595], [-119.8450386875474, 42.71539078376222], [-119.84503964224119, 42.71355314462082], [-119.84504155062888, 42.70987784233791], [-119.84504345901675, 42.70620254105499], [-119.84504539140481, 42.70252723877201], [-119.84007555058245, 42.70256456222522], [-119.83510570976, 42.70260188567844], [-119.83511257837401, 42.70628081896102], [-119.83511602068106, 42.708120298102315], [-119.83511944798816, 42.709959753243545]]]}, "properties": {"OBJECTID": 334777, "ID": "799126732744425627", "CSE_NAME": "WORK-UM-HARD #6", "STAGE_ID": null, "BLM_PROD": "Lode Claim", "CSE_TYPE_NR": "384101", "CSE_NR": "OR101432255", "LEG_CSE_NR": "ORMC9164", "SF_ID": "a02t000000584iNAAQ", "CSE_DISP": "Active", "SRC": "LLD", "QLTY": "1: MIDPOINT\nTYPICAL QUARTER SECTION WITH 4 STANDARD LEGALS ATTRIBUTED\naliquot\n36 sections retrieved\n598 intersected features retrieved\n22 matching sections found\nsection 13 issimple: False, MIDPOINT\nTYPICAL QUARTER SECTION WITH 4 STANDARD LEGALS ATTRIBUTE", "CSE_META": "OR 33 0330S 0240E 013 A NW|OR 33 0330S 0240E 013 A SW", "RCRD_ACRS": 20.66, "Created": 1610668800000, "Modified": 1728174138000, "Shape__Length": 0.04927407725562204, "Shape__Area": 0.00014599977384178054}}, {"type": "Feature", "id": 372503, "geometry": {"type": "Polygon", "coordinates": [[[-119.81514294644909, 42.702715974495916], [-119.81017608562331, 42.70273415894728], [-119.80520924879735, 42.70275236639869], [-119.80522256741308, 42.70643586368143], [-119.805235886029, 42.71011936196412], [-119.80524906464505, 42.71380283524675], [-119.80526226726121, 42.71748633352943], [-119.80775308967591, 42.71748003530314], [-119.81024391209061, 42.717473713076885], [-119.81522555791987, 42.7174610936243], [-119.82020717974859, 42.71744588917151], [-119.82522863858387, 42.71743110371519], [-119.82522204896671, 42.71373587143129], [-119.82521875665823, 42.71188826728937], [-119.82521545934974, 42.71004066314742], [-119.82519073173214, 42.70635860886611], [-119.82516600511465, 42.7026765555848], [-119.82010966727452, 42.70269643904444], [-119.81514294644909, 42.702715974495916]]]}, "properties": {"OBJECTID": 372503, "ID": "1129155235554660352", "CSE_NAME": "Red Rose #1", "STAGE_ID": "1129154723732111360", "BLM_PROD": "Lode Claim", "CSE_TYPE_NR": "384101", "CSE_NR": "OR106303011", "LEG_CSE_NR": "", "SF_ID": "a023d00000GgnHXAAZ", "CSE_DISP": "Active", "SRC": "LLD/CLS", "QLTY": "8: SIMPLE\nTYPICAL QUARTER SECTION WITH 4 STANDARD LEGALS ATTRIBUTED\naliquot\n36 sections retrieved\n585 intersected features retrieved\n16 matching sections found\n4 alias QQs added\nsection 18 issimple: False, OR330330S0250E0SN180ASESW\n36 sections retrieved\n5", "CSE_META": "OR 33 0330S 0250E 018 A SW|OR 33 0330S 0250E 018 A SESW|OR 33 0330S 0250E 018 A Government Lot 3|OR 33 0330S 0250E 018 A Government Lot 4|OR 33 0330S 0250E 018 A NESW", "RCRD_ACRS": 20.66, "Created": 1689206400000, "Modified": 1728166900000, "Shape__Length": 0.06941212828133951, "Shape__Area": 0.00029446397988364207}}, {"type": "Feature", "id": 372504, "geometry": {"type": "Polygon", "coordinates": [[[-119.81514294644909, 42.702715974495916], [-119.81017608562331, 42.70273415894728], [-119.80520924879735, 42.70275236639869], [-119.80522256741308, 42.70643586368143], [-119.805235886029, 42.71011936196412], [-119.80524906464505, 42.71380283524675], [-119.80526226726121, 42.71748633352943], [-119.80775308967591, 42.71748003530314], [-119.81024391209061, 42.717473713076885], [-119.81522555791987, 42.7174610936243], [-119.82020717974859, 42.71744588917151], [-119.82522863858387, 42.71743110371519], [-119.82522204896671, 42.71373587143129], [-119.82521875665823, 42.71188826728937], [-119.82521545934974, 42.71004066314742], [-119.82519073173214, 42.70635860886611], [-119.82516600511465, 42.7026765555848], [-119.82010966727452, 42.70269643904444], [-119.81514294644909, 42.702715974495916]]]}, "properties": {"OBJECTID": 372504, "ID": "1129156361691652096", "CSE_NAME": "Red Rose #2", "STAGE_ID": "1129156222273060864", "BLM_PROD": "Lode Claim", "CSE_TYPE_NR": "384101", "CSE_NR": "OR106303012", "LEG_CSE_NR": "", "SF_ID": "a023d00000GgnHYAAZ", "CSE_DISP": "Active", "SRC": "LLD/CLS", "QLTY": "8: OR330330S0250E0SN180ANESW\n36 sections retrieved\n585 intersected features retrieved, OR330330S0250E0SN180ASESW\n36 sections retrieved\n585 intersected features retrieved, Only mapped PLSS First Div\naliquot\n36 sections retrieved\n585 intersected features re", "CSE_META": "OR 33 0330S 0250E 018 A NESW|OR 33 0330S 0250E 018 A SESW|OR 33 0330S 0250E 018 A Government Lot 3|OR 33 0330S 0250E 018 A Government Lot 4|OR 33 0330S 0250E 018 A SW", "RCRD_ACRS": 20.66, "Created": 1689206400000, "Modified": 1728166900000, "Shape__Length": 0.06941212828133951, "Shape__Area": 0.00029446397988364207}}, {"type": "Feature", "id": 380143, "geometry": {"type": "Polygon", "coordinates": [[[-119.84503964224119, 42.71355314462082], [-119.84504155062888, 42.70987784233791], [-119.84008048780858, 42.70991879779076], [-119.83511944798816, 42.709959753243545], [-119.83512631660352, 42.71364476452654], [-119.83513320921904, 42.717329751809416], [-119.84008547103639, 42.71727908735651], [-119.84503773385367, 42.717228422903595], [-119.8450386875474, 42.71539078376222], [-119.84503964224119, 42.71355314462082]]]}, "properties": {"OBJECTID": 380143, "ID": "1101522324721264808", "CSE_NAME": "Kings Crown", "STAGE_ID": null, "BLM_PROD": "LODE CLAIM", "CSE_TYPE_NR": "384101", "CSE_NR": "OR105801771", "LEG_CSE_NR": null, "SF_ID": "a023d00000F5Mm8AAF", "CSE_DISP": "Active", "SRC": "LLD", "QLTY": "1; MIDPOINT, TYPICAL QUARTER SECTION WITH 4 STANDARD LEGALS ATTRIBUTED, aliquot", "CSE_META": "OR 33 0330S 0240E 013 A NW", "RCRD_ACRS": 20.66, "Created": 1690872184000, "Modified": 1787009688000, "Shape__Length": 0.03454807223048267, "Shape__Area": 7.296534055750402e-05}}, {"type": "Feature", "id": 382245, "geometry": {"type": "Polygon", "coordinates": [[[-119.8002478160378, 42.72116717726759], [-119.80521293086754, 42.721172275817885], [-119.80523759856433, 42.71932930467363], [-119.80526226726121, 42.71748633352943], [-119.80029894543195, 42.71748200297896], [-119.8002478160378, 42.72116717726759]]]}, "properties": {"OBJECTID": 382245, "ID": "1101522324721284899", "CSE_NAME": "Pink Lizzard 3", "STAGE_ID": null, "BLM_PROD": "Lode Claim", "CSE_TYPE_NR": "384101", "CSE_NR": "OR105823176", "LEG_CSE_NR": null, "SF_ID": "a023d00000FeZfUAAV", "CSE_DISP": "Active", "SRC": "LLD", "QLTY": "0; OR330330S0250E0SN080ANESW; OR330330S0250E0SN080ANWSW; OR330330S0250E0SN080ASESW; OR330330S0250E0SN080ASWSW", "CSE_META": "OR 33 0330S 0250E 008 NESW | OR 33 0330S 0250E 008 NWSW | OR 33 0330S 0250E 008 SESW | OR 33 0330S 0250E 008 SWSW", "RCRD_ACRS": 160, "Created": 1690872199000, "Modified": 1745971200000, "Shape__Length": 0.01730024037030285, "Shape__Area": 1.8296147450332003e-05}}, {"type": "Feature", "id": 388683, "geometry": {"type": "Polygon", "coordinates": [[[-119.83506957905338, 42.72839020966597], [-119.83509078844182, 42.724703638380504], [-119.83012388162378, 42.724766223835786], [-119.82515699780565, 42.724828786291006], [-119.82512116641682, 42.72852762657887], [-119.82508535702813, 42.73222644486667], [-119.8300668628467, 42.73215161240903], [-119.83504836866513, 42.732076779951385], [-119.83506957905338, 42.72839020966597]]]}, "properties": {"OBJECTID": 388683, "ID": "1155983987190128640", "CSE_NAME": "Work-Um-Hard #4", "STAGE_ID": "1155983402432962560", "BLM_PROD": "Lode Claim", "CSE_TYPE_NR": "384101", "CSE_NR": "OR106319328", "LEG_CSE_NR": "", "SF_ID": "a023d00000H7BoFAAV", "CSE_DISP": "Active", "SRC": "LLD", "QLTY": "1; MIDPOINT, TYPICAL QUARTER SECTION WITH 4 STANDARD LEGALS ATTRIBUTED, DOES NOT MATCH PM ANGLES, aliquot", "CSE_META": "OR 33 0330S 0240E 012 A NE", "RCRD_ACRS": 160, "Created": 1695600000000, "Modified": 1745971200000, "Shape__Length": 0.03466997926708839, "Shape__Area": 7.346505399861401e-05}}, {"type": "Feature", "id": 389862, "geometry": {"type": "Polygon", "coordinates": [[[-119.805163594474, 42.724858218106206], [-119.80513892677733, 42.72670111925043], [-119.80511425808066, 42.72854402039457], [-119.80506492168745, 42.73222982268288], [-119.81003515851705, 42.73222928623207], [-119.81500539534653, 42.732228727781205], [-119.81506045873952, 42.72853635949198], [-119.81511549913272, 42.72484401420276], [-119.81013955830342, 42.72485111565451], [-119.80765157688876, 42.724854699880396], [-119.805163594474, 42.724858218106206]]]}, "properties": {"OBJECTID": 389862, "ID": "1159188703021699072", "CSE_NAME": "Sunrise #2", "STAGE_ID": "1158855925239508992", "BLM_PROD": "Lode Claim", "CSE_TYPE_NR": "384101", "CSE_NR": "OR106322358", "LEG_CSE_NR": "", "SF_ID": "a023d00000HBsbjAAD", "CSE_DISP": "Active", "SRC": "LLD", "QLTY": "1; SIMPLE, FULLY ATTRIBUTED QUARTER SECTION ALL BUCKETS ARE EQUAL, DOES NOT MATCH PM ANGLES, aliquot", "CSE_META": "OR 33 0330S 0250E 007 A NE", "RCRD_ACRS": 160, "Created": 1696377600000, "Modified": 1745971200000, "Shape__Length": 0.03465018335504566, "Shape__Area": 7.338376530391301e-05}}, {"type": "Feature", "id": 496707, "geometry": {"type": "Polygon", "coordinates": [[[-119.86487485992367, 42.70981355653509], [-119.86239570251199, 42.709821746760475], [-119.85991654410019, 42.70982985498586], [-119.8549582052766, 42.709846130436524], [-119.8549396488864, 42.71352275972094], [-119.85492109349636, 42.71719938800525], [-119.85986280831753, 42.71718485955601], [-119.86233365372807, 42.71717761033139], [-119.86480450013858, 42.7171703301068], [-119.86482208983475, 42.71533115396392], [-119.86483967953103, 42.713491954820974], [-119.86487485992367, 42.70981355653509]]]}, "properties": {"OBJECTID": 496707, "ID": "799126733189021728", "CSE_NAME": "OSG 30", "STAGE_ID": null, "BLM_PROD": "Placer Claim", "CSE_TYPE_NR": "384201", "CSE_NR": "OR101435103", "LEG_CSE_NR": "ORMC150086", "SF_ID": "a02t0000005880uAAA", "CSE_DISP": "Active", "SRC": "LLD", "QLTY": "1: MIDPOINT\nFULLY ATTRIBUTED QUARTER SECTION ALL BUCKETS ARE EQUAL\naliquot\n36 sections retrieved\n598 intersected features retrieved\n25 matching sections found\nsection 14 issimple: False", "CSE_META": "OR 33 0330S 0240E 014 A NW", "RCRD_ACRS": 7.58, "Created": 1610668800000, "Modified": 1728174437000, "Shape__Length": 0.03451061432934342, "Shape__Area": 7.281308856130402e-05}}, {"type": "Feature", "id": 496708, "geometry": {"type": "Polygon", "coordinates": [[[-119.87969148115751, 42.702407747622956], [-119.87608132255829, 42.702419751951126], [-119.87477605334162, 42.70242409206974], [-119.8747472759502, 42.706105215355166], [-119.87471847555898, 42.70978633764062], [-119.87964030637637, 42.70977229719332], [-119.88456211419359, 42.709758257745996], [-119.88458451158333, 42.70607482946113], [-119.88460693297327, 42.702391402176204], [-119.87969148115751, 42.702407747622956]]]}, "properties": {"OBJECTID": 496708, "ID": "801974245058936848", "CSE_NAME": "OSG 39", "STAGE_ID": null, "BLM_PROD": "PLACER CLAIM", "CSE_TYPE_NR": "384201", "CSE_NR": "OR101430618", "LEG_CSE_NR": "ORMC150087", "SF_ID": "a02t0000005843YAAQ", "CSE_DISP": "Active", "SRC": "LLD", "QLTY": "1: MIDPOINT\nTYPICAL QUARTER SECTION WITH 4 STANDARD LEGALS ATTRIBUTED\naliquot\n36 sections retrieved\n598 intersected features retrieved\n16 matching sections found\nsection 15 issimple: True", "CSE_META": "OR 33 0330S 0240E 015 A SW", "RCRD_ACRS": 20, "Created": 1611360000000, "Modified": 1739292420000, "Shape__Length": 0.03440407089143566, "Shape__Area": 7.244532777366002e-05}}, {"type": "Feature", "id": 496709, "geometry": {"type": "Polygon", "coordinates": [[[-119.87969148115751, 42.702407747622956], [-119.87608132255829, 42.702419751951126], [-119.87477605334162, 42.70242409206974], [-119.8747472759502, 42.706105215355166], [-119.87471847555898, 42.70978633764062], [-119.87964030637637, 42.70977229719332], [-119.88456211419359, 42.709758257745996], [-119.88458451158333, 42.70607482946113], [-119.88460693297327, 42.702391402176204], [-119.87969148115751, 42.702407747622956]]]}, "properties": {"OBJECTID": 496709, "ID": "801974245058936879", "CSE_NAME": "OSG 40", "STAGE_ID": null, "BLM_PROD": "PLACER CLAIM", "CSE_TYPE_NR": "384201", "CSE_NR": "OR101434084", "LEG_CSE_NR": "ORMC150088", "SF_ID": "a02t000000586twAAA", "CSE_DISP": "Active", "SRC": "LLD", "QLTY": "1: MIDPOINT\nTYPICAL QUARTER SECTION WITH 4 STANDARD LEGALS ATTRIBUTED\naliquot\n36 sections retrieved\n598 intersected features retrieved\n16 matching sections found\nsection 15 issimple: True", "CSE_META": "OR 33 0330S 0240E 015 A SW", "RCRD_ACRS": 20, "Created": 1611360000000, "Modified": 1739292480000, "Shape__Length": 0.03440407089143566, "Shape__Area": 7.244532777366002e-05}}, {"type": "Feature", "id": 496710, "geometry": {"type": "Polygon", "coordinates": [[[-119.86979666774138, 42.709799958087885], [-119.87471847555898, 42.70978633764062], [-119.8747472759502, 42.706105215355166], [-119.87477605334162, 42.70242409206974], [-119.86986062552558, 42.70244043751649], [-119.86494519670943, 42.702456782963246], [-119.86491004031646, 42.70613518124918], [-119.86489244962009, 42.70797438039216], [-119.86487485992367, 42.70981355653509], [-119.86979666774138, 42.709799958087885]]]}, "properties": {"OBJECTID": 496710, "ID": "801974244853415973", "CSE_NAME": "OSG 41", "STAGE_ID": null, "BLM_PROD": "PLACER CLAIM", "CSE_TYPE_NR": "384201", "CSE_NR": "OR101480898", "LEG_CSE_NR": "ORMC150089", "SF_ID": "a02t000000587MXAAY", "CSE_DISP": "Active", "SRC": "LLD", "QLTY": "1: MIDPOINT\nTYPICAL QUARTER SECTION WITH 4 STANDARD LEGALS ATTRIBUTED\naliquot\n36 sections retrieved\n598 intersected features retrieved\n16 matching sections found\nsection 15 issimple: True", "CSE_META": "OR 33 0330S 0240E 015 A SE", "RCRD_ACRS": 20, "Created": 1611360000000, "Modified": 1739292540000, "Shape__Length": 0.03439414037793286, "Shape__Area": 7.239535267618102e-05}}, {"type": "Feature", "id": 496711, "geometry": {"type": "Polygon", "coordinates": [[[-119.86979666774138, 42.709799958087885], [-119.87471847555898, 42.70978633764062], [-119.8747472759502, 42.706105215355166], [-119.87477605334162, 42.70242409206974], [-119.86986062552558, 42.70244043751649], [-119.86494519670943, 42.702456782963246], [-119.86491004031646, 42.70613518124918], [-119.86489244962009, 42.70797438039216], [-119.86487485992367, 42.70981355653509], [-119.86979666774138, 42.709799958087885]]]}, "properties": {"OBJECTID": 496711, "ID": "801974245088297065", "CSE_NAME": "OSG 42", "STAGE_ID": null, "BLM_PROD": "PLACER CLAIM", "CSE_TYPE_NR": "384201", "CSE_NR": "OR101481627", "LEG_CSE_NR": "ORMC150090", "SF_ID": "a02t000000584XpAAI", "CSE_DISP": "Active", "SRC": "LLD", "QLTY": "1: MIDPOINT\nTYPICAL QUARTER SECTION WITH 4 STANDARD LEGALS ATTRIBUTED\naliquot\n36 sections retrieved\n598 intersected features retrieved\n16 matching sections found\nsection 15 issimple: True", "CSE_META": "OR 33 0330S 0240E 015 A SE", "RCRD_ACRS": 20, "Created": 1611360000000, "Modified": 1739292600000, "Shape__Length": 0.03439414037793286, "Shape__Area": 7.239535267618102e-05}}, {"type": "Feature", "id": 496712, "geometry": {"type": "Polygon", "coordinates": [[[-119.86979666774138, 42.709799958087885], [-119.87471847555898, 42.70978633764062], [-119.8747472759502, 42.706105215355166], [-119.87477605334162, 42.70242409206974], [-119.86986062552558, 42.70244043751649], [-119.86494519670943, 42.702456782963246], [-119.86491004031646, 42.70613518124918], [-119.86489244962009, 42.70797438039216], [-119.86487485992367, 42.70981355653509], [-119.86979666774138, 42.709799958087885]]]}, "properties": {"OBJECTID": 496712, "ID": "801974245016993905", "CSE_NAME": "OSG 43", "STAGE_ID": null, "BLM_PROD": "PLACER CLAIM", "CSE_TYPE_NR": "384201", "CSE_NR": "OR101334801", "LEG_CSE_NR": "ORMC150091", "SF_ID": "a02t000000585JWAAY", "CSE_DISP": "Active", "SRC": "LLD", "QLTY": "1: MIDPOINT\nTYPICAL QUARTER SECTION WITH 4 STANDARD LEGALS ATTRIBUTED\naliquot\n36 sections retrieved\n598 intersected features retrieved\n16 matching sections found\nsection 15 issimple: True", "CSE_META": "OR 33 0330S 0240E 015 A SE", "RCRD_ACRS": 20, "Created": 1611360000000, "Modified": 1739292660000, "Shape__Length": 0.03439414037793286, "Shape__Area": 7.239535267618102e-05}}, {"type": "Feature", "id": 496713, "geometry": {"type": "Polygon", "coordinates": [[[-119.86979666774138, 42.709799958087885], [-119.87471847555898, 42.70978633764062], [-119.8747472759502, 42.706105215355166], [-119.87477605334162, 42.70242409206974], [-119.86986062552558, 42.70244043751649], [-119.86494519670943, 42.702456782963246], [-119.86491004031646, 42.70613518124918], [-119.86489244962009, 42.70797438039216], [-119.86487485992367, 42.70981355653509], [-119.86979666774138, 42.709799958087885]]]}, "properties": {"OBJECTID": 496713, "ID": "801974245058936896", "CSE_NAME": "OSG 44", "STAGE_ID": null, "BLM_PROD": "PLACER CLAIM", "CSE_TYPE_NR": "384201", "CSE_NR": "OR101434733", "LEG_CSE_NR": "ORMC150092", "SF_ID": "a02t000000587ilAAA", "CSE_DISP": "Active", "SRC": "LLD", "QLTY": "1: MIDPOINT\nTYPICAL QUARTER SECTION WITH 4 STANDARD LEGALS ATTRIBUTED\naliquot\n36 sections retrieved\n598 intersected features retrieved\n16 matching sections found\nsection 15 issimple: True", "CSE_META": "OR 33 0330S 0240E 015 A SE", "RCRD_ACRS": 20, "Created": 1611360000000, "Modified": 1739292780000, "Shape__Length": 0.03439414037793286, "Shape__Area": 7.239535267618102e-05}}, {"type": "Feature", "id": 496714, "geometry": {"type": "Polygon", "coordinates": [[[-119.85997025688343, 42.702474408415455], [-119.85499531705736, 42.70249201086768], [-119.85497676166692, 42.70616908215214], [-119.8549582052766, 42.709846130436524], [-119.85991654410019, 42.70982985498586], [-119.86239570251199, 42.709821746760475], [-119.86487485992367, 42.70981355653509], [-119.86489244962009, 42.70797438039216], [-119.86491004031646, 42.70613518124918], [-119.86494519670943, 42.702456782963246], [-119.85997025688343, 42.702474408415455]]]}, "properties": {"OBJECTID": 496714, "ID": "801974245016993881", "CSE_NAME": "OSG 45", "STAGE_ID": null, "BLM_PROD": "PLACER CLAIM", "CSE_TYPE_NR": "384201", "CSE_NR": "OR101481149", "LEG_CSE_NR": "ORMC150093", "SF_ID": "a02t000000587YaAAI", "CSE_DISP": "Active", "SRC": "LLD", "QLTY": "1: MIDPOINT\nFULLY ATTRIBUTED QUARTER SECTION ALL BUCKETS ARE EQUAL\naliquot\n36 sections retrieved\n598 intersected features retrieved\n25 matching sections found\nsection 14 issimple: False", "CSE_META": "OR 33 0330S 0240E 014 A SW", "RCRD_ACRS": 20, "Created": 1611360000000, "Modified": 1739292840000, "Shape__Length": 0.03457796874445842, "Shape__Area": 7.306192011609502e-05}}, {"type": "Feature", "id": 496715, "geometry": {"type": "Polygon", "coordinates": [[[-119.85997025688343, 42.702474408415455], [-119.85499531705736, 42.70249201086768], [-119.85497676166692, 42.70616908215214], [-119.8549582052766, 42.709846130436524], [-119.85991654410019, 42.70982985498586], [-119.86239570251199, 42.709821746760475], [-119.86487485992367, 42.70981355653509], [-119.86489244962009, 42.70797438039216], [-119.86491004031646, 42.70613518124918], [-119.86494519670943, 42.702456782963246], [-119.85997025688343, 42.702474408415455]]]}, "properties": {"OBJECTID": 496715, "ID": "801974244475928586", "CSE_NAME": "OSG 46", "STAGE_ID": null, "BLM_PROD": "PLACER CLAIM", "CSE_TYPE_NR": "384201", "CSE_NR": "OR101433001", "LEG_CSE_NR": "ORMC150094", "SF_ID": "a02t000000584tiAAA", "CSE_DISP": "Active", "SRC": "LLD", "QLTY": "1: MIDPOINT\nFULLY ATTRIBUTED QUARTER SECTION ALL BUCKETS ARE EQUAL\naliquot\n36 sections retrieved\n598 intersected features retrieved\n25 matching sections found\nsection 14 issimple: False", "CSE_META": "OR 33 0330S 0240E 014 A SW", "RCRD_ACRS": 20, "Created": 1611360000000, "Modified": 1739292900000, "Shape__Length": 0.03457796874445842, "Shape__Area": 7.306192011609502e-05}}, {"type": "Feature", "id": 496716, "geometry": {"type": "Polygon", "coordinates": [[[-119.87473411972123, 42.69874217779062], [-119.8746921861011, 42.69506028751138], [-119.86975952828264, 42.695078890959735], [-119.86482687146402, 42.6950974714081], [-119.86488603408662, 42.698777126685656], [-119.86494519670943, 42.702456782963246], [-119.86986062552558, 42.70244043751649], [-119.87477605334162, 42.70242409206974], [-119.87473411972123, 42.69874217779062]]]}, "properties": {"OBJECTID": 496716, "ID": "801974244291379228", "CSE_NAME": "OSG 47", "STAGE_ID": null, "BLM_PROD": "PLACER CLAIM", "CSE_TYPE_NR": "384201", "CSE_NR": "OR101484119", "LEG_CSE_NR": "ORMC150095", "SF_ID": "a02t000000586fnAAA", "CSE_DISP": "Active", "SRC": "LLD", "QLTY": "1: MIDPOINT\nTYPICAL QUARTER SECTION WITH 4 STANDARD LEGALS ATTRIBUTED\nDOES NOT MATCH PM ANGLES\naliquot\n36 sections retrieved\n598 intersected features retrieved\n16 matching sections found\nsection 22 issimple: True", "CSE_META": "OR 33 0330S 0240E 022 A NE", "RCRD_ACRS": 20, "Created": 1611360000000, "Modified": 1739293020000, "Shape__Length": 0.034420836133887, "Shape__Area": 7.250071230183102e-05}}, {"type": "Feature", "id": 496717, "geometry": {"type": "Polygon", "coordinates": [[[-119.87473411972123, 42.69874217779062], [-119.8746921861011, 42.69506028751138], [-119.86975952828264, 42.695078890959735], [-119.86482687146402, 42.6950974714081], [-119.86488603408662, 42.698777126685656], [-119.86494519670943, 42.702456782963246], [-119.86986062552558, 42.70244043751649], [-119.87477605334162, 42.70242409206974], [-119.87473411972123, 42.69874217779062]]]}, "properties": {"OBJECTID": 496717, "ID": "801974245507727418", "CSE_NAME": "OSG 48", "STAGE_ID": null, "BLM_PROD": "PLACER CLAIM", "CSE_TYPE_NR": "384201", "CSE_NR": "OR101431658", "LEG_CSE_NR": "ORMC150096", "SF_ID": "a02t000000584L4AAI", "CSE_DISP": "Active", "SRC": "LLD", "QLTY": "1: MIDPOINT\nTYPICAL QUARTER SECTION WITH 4 STANDARD LEGALS ATTRIBUTED\nDOES NOT MATCH PM ANGLES\naliquot\n36 sections retrieved\n598 intersected features retrieved\n16 matching sections found\nsection 22 issimple: True", "CSE_META": "OR 33 0330S 0240E 022 A NE", "RCRD_ACRS": 20, "Created": 1611360000000, "Modified": 1739293080000, "Shape__Length": 0.034420836133887, "Shape__Area": 7.250071230183102e-05}}, {"type": "Feature", "id": 496718, "geometry": {"type": "Polygon", "coordinates": [[[-119.87473411972123, 42.69874217779062], [-119.8746921861011, 42.69506028751138], [-119.86975952828264, 42.695078890959735], [-119.86482687146402, 42.6950974714081], [-119.86488603408662, 42.698777126685656], [-119.86494519670943, 42.702456782963246], [-119.86986062552558, 42.70244043751649], [-119.87477605334162, 42.70242409206974], [-119.87473411972123, 42.69874217779062]]]}, "properties": {"OBJECTID": 496718, "ID": "801974245088297109", "CSE_NAME": "OSG 49", "STAGE_ID": null, "BLM_PROD": "PLACER CLAIM", "CSE_TYPE_NR": "384201", "CSE_NR": "OR101482443", "LEG_CSE_NR": "ORMC150097", "SF_ID": "a02t000000584YfAAI", "CSE_DISP": "Active", "SRC": "LLD", "QLTY": "1: MIDPOINT\nTYPICAL QUARTER SECTION WITH 4 STANDARD LEGALS ATTRIBUTED\nDOES NOT MATCH PM ANGLES\naliquot\n36 sections retrieved\n598 intersected features retrieved\n16 matching sections found\nsection 22 issimple: True", "CSE_META": "OR 33 0330S 0240E 022 A NE", "RCRD_ACRS": 20, "Created": 1611360000000, "Modified": 1739293140000, "Shape__Length": 0.034420836133887, "Shape__Area": 7.250071230183102e-05}}, {"type": "Feature", "id": 496719, "geometry": {"type": "Polygon", "coordinates": [[[-119.87473411972123, 42.69874217779062], [-119.8746921861011, 42.69506028751138], [-119.86975952828264, 42.695078890959735], [-119.86482687146402, 42.6950974714081], [-119.86488603408662, 42.698777126685656], [-119.86494519670943, 42.702456782963246], [-119.86986062552558, 42.70244043751649], [-119.87477605334162, 42.70242409206974], [-119.87473411972123, 42.69874217779062]]]}, "properties": {"OBJECTID": 496719, "ID": "801974244291379214", "CSE_NAME": "OSG 50", "STAGE_ID": null, "BLM_PROD": "PLACER CLAIM", "CSE_TYPE_NR": "384201", "CSE_NR": "OR101430854", "LEG_CSE_NR": "ORMC150098", "SF_ID": "a02t0000005848OAAQ", "CSE_DISP": "Active", "SRC": "LLD", "QLTY": "1: MIDPOINT\nTYPICAL QUARTER SECTION WITH 4 STANDARD LEGALS ATTRIBUTED\nDOES NOT MATCH PM ANGLES\naliquot\n36 sections retrieved\n598 intersected features retrieved\n16 matching sections found\nsection 22 issimple: True", "CSE_META": "OR 33 0330S 0240E 022 A NE", "RCRD_ACRS": 20, "Created": 1611360000000, "Modified": 1739293260000, "Shape__Length": 0.034420836133887, "Shape__Area": 7.250071230183102e-05}}, {"type": "Feature", "id": 496720, "geometry": {"type": "Polygon", "coordinates": [[[-119.82512866711335, 42.75065499127984], [-119.82512556198662, 42.7498998852221], [-119.82511369550252, 42.74701463800139], [-119.81999472664785, 42.74701191446577], [-119.81502421081784, 42.747009213916655], [-119.81503692342649, 42.75063878719467], [-119.81504963703522, 42.754268338472635], [-119.81999754486326, 42.754281586024476], [-119.8251433587243, 42.754295368558324], [-119.82512866711869, 42.750686889282335], [-119.82512866711602, 42.750670940281054], [-119.82512866711335, 42.75065499127984]]]}, "properties": {"OBJECTID": 496720, "ID": "801974245507727382", "CSE_NAME": "OSG 108", "STAGE_ID": null, "BLM_PROD": "PLACER CLAIM", "CSE_TYPE_NR": "384201", "CSE_NR": "OR101485127", "LEG_CSE_NR": "ORMC150103", "SF_ID": "a02t000000588USAAY", "CSE_DISP": "Active", "SRC": "LLD", "QLTY": "1: SIMPLE\nTYPICAL QUARTER SECTION WITH 4 STANDARD LEGALS ATTRIBUTED\naliquot\n36 sections retrieved\n576 intersected features retrieved\n16 matching sections found\n4 alias QQs added\nsection 31 issimple: False", "CSE_META": "OR 33 0320S 0250E 031 A SW", "RCRD_ACRS": 20.74, "Created": 1611360000000, "Modified": 1739293680000, "Shape__Length": 0.034723199867650996, "Shape__Area": 7.336488145640202e-05}}, {"type": "Feature", "id": 496721, "geometry": {"type": "Polygon", "coordinates": [[[-119.82512866711335, 42.75065499127984], [-119.82512556198662, 42.7498998852221], [-119.82511369550252, 42.74701463800139], [-119.81999472664785, 42.74701191446577], [-119.81502421081784, 42.747009213916655], [-119.81503692342649, 42.75063878719467], [-119.81504963703522, 42.754268338472635], [-119.81999754486326, 42.754281586024476], [-119.8251433587243, 42.754295368558324], [-119.82512866711869, 42.750686889282335], [-119.82512866711602, 42.750670940281054], [-119.82512866711335, 42.75065499127984]]]}, "properties": {"OBJECTID": 496721, "ID": "801974245058936873", "CSE_NAME": "OSG 109", "STAGE_ID": null, "BLM_PROD": "PLACER CLAIM", "CSE_TYPE_NR": "384201", "CSE_NR": "OR101433757", "LEG_CSE_NR": "ORMC150104", "SF_ID": "a02t000000586a7AAA", "CSE_DISP": "Active", "SRC": "LLD", "QLTY": "1: SIMPLE\nTYPICAL QUARTER SECTION WITH 4 STANDARD LEGALS ATTRIBUTED\naliquot\n36 sections retrieved\n576 intersected features retrieved\n16 matching sections found\n4 alias QQs added\nsection 31 issimple: False", "CSE_META": "OR 33 0320S 0250E 031 A SW", "RCRD_ACRS": 20.78, "Created": 1611360000000, "Modified": 1739293800000, "Shape__Length": 0.034723199867650996, "Shape__Area": 7.336488145640202e-05}}, {"type": "Feature", "id": 496722, "geometry": {"type": "Polygon", "coordinates": [[[-119.82512866711335, 42.75065499127984], [-119.82512556198662, 42.7498998852221], [-119.82511369550252, 42.74701463800139], [-119.81999472664785, 42.74701191446577], [-119.81502421081784, 42.747009213916655], [-119.81503692342649, 42.75063878719467], [-119.81504963703522, 42.754268338472635], [-119.81999754486326, 42.754281586024476], [-119.8251433587243, 42.754295368558324], [-119.82512866711869, 42.750686889282335], [-119.82512866711602, 42.750670940281054], [-119.82512866711335, 42.75065499127984]]]}, "properties": {"OBJECTID": 496722, "ID": "801974244840833142", "CSE_NAME": "OSG 110", "STAGE_ID": null, "BLM_PROD": "PLACER CLAIM", "CSE_TYPE_NR": "384201", "CSE_NR": "OR101484672", "LEG_CSE_NR": "ORMC150105", "SF_ID": "a02t000000586poAAA", "CSE_DISP": "Active", "SRC": "LLD", "QLTY": "1: SIMPLE\nTYPICAL QUARTER SECTION WITH 4 STANDARD LEGALS ATTRIBUTED\naliquot\n36 sections retrieved\n576 intersected features retrieved\n16 matching sections found\n4 alias QQs added\nsection 31 issimple: False", "CSE_META": "OR 33 0320S 0250E 031 A SW", "RCRD_ACRS": 20.74, "Created": 1611360000000, "Modified": 1739293920000, "Shape__Length": 0.034723199867650996, "Shape__Area": 7.336488145640202e-05}}, {"type": "Feature", "id": 496723, "geometry": {"type": "Polygon", "coordinates": [[[-119.82512866711335, 42.75065499127984], [-119.82512556198662, 42.7498998852221], [-119.82511369550252, 42.74701463800139], [-119.81999472664785, 42.74701191446577], [-119.81502421081784, 42.747009213916655], [-119.81503692342649, 42.75063878719467], [-119.81504963703522, 42.754268338472635], [-119.81999754486326, 42.754281586024476], [-119.8251433587243, 42.754295368558324], [-119.82512866711869, 42.750686889282335], [-119.82512866711602, 42.750670940281054], [-119.82512866711335, 42.75065499127984]]]}, "properties": {"OBJECTID": 496723, "ID": "801974245050548253", "CSE_NAME": "OSG 111", "STAGE_ID": null, "BLM_PROD": "PLACER CLAIM", "CSE_TYPE_NR": "384201", "CSE_NR": "OR101431920", "LEG_CSE_NR": "ORMC150106", "SF_ID": "a02t000000584bMAAQ", "CSE_DISP": "Active", "SRC": "LLD", "QLTY": "1: SIMPLE\nTYPICAL QUARTER SECTION WITH 4 STANDARD LEGALS ATTRIBUTED\naliquot\n36 sections retrieved\n576 intersected features retrieved\n16 matching sections found\n4 alias QQs added\nsection 31 issimple: False", "CSE_META": "OR 33 0320S 0250E 031 A SW", "RCRD_ACRS": 20.78, "Created": 1611360000000, "Modified": 1739293980000, "Shape__Length": 0.034723199867650996, "Shape__Area": 7.336488145640202e-05}}, {"type": "Feature", "id": 496724, "geometry": {"type": "Polygon", "coordinates": [[[-119.82512866711335, 42.75065499127984], [-119.82512556198662, 42.7498998852221], [-119.82511369550252, 42.74701463800139], [-119.81999472664785, 42.74701191446577], [-119.81502421081784, 42.747009213916655], [-119.81503692342649, 42.75063878719467], [-119.81504963703522, 42.754268338472635], [-119.81999754486326, 42.754281586024476], [-119.8251433587243, 42.754295368558324], [-119.82512866711869, 42.750686889282335], [-119.82512866711602, 42.750670940281054], [-119.82512866711335, 42.75065499127984]]]}, "properties": {"OBJECTID": 496724, "ID": "801974245423841283", "CSE_NAME": "OSG 112", "STAGE_ID": null, "BLM_PROD": "PLACER CLAIM", "CSE_TYPE_NR": "384201", "CSE_NR": "OR101483183", "LEG_CSE_NR": "ORMC150107", "SF_ID": "a02t000000585uOAAQ", "CSE_DISP": "Active", "SRC": "LLD", "QLTY": "1: SIMPLE\nTYPICAL QUARTER SECTION WITH 4 STANDARD LEGALS ATTRIBUTED\naliquot\n36 sections retrieved\n576 intersected features retrieved\n16 matching sections found\n4 alias QQs added\nsection 31 issimple: False", "CSE_META": "OR 33 0320S 0250E 031 A SW", "RCRD_ACRS": 20, "Created": 1611360000000, "Modified": 1739294100000, "Shape__Length": 0.034723199867650996, "Shape__Area": 7.336488145640202e-05}}, {"type": "Feature", "id": 496725, "geometry": {"type": "Polygon", "coordinates": [[[-119.82512866711335, 42.75065499127984], [-119.82512556198662, 42.7498998852221], [-119.82511369550252, 42.74701463800139], [-119.81999472664785, 42.74701191446577], [-119.81502421081784, 42.747009213916655], [-119.81503692342649, 42.75063878719467], [-119.81504963703522, 42.754268338472635], [-119.81999754486326, 42.754281586024476], [-119.8251433587243, 42.754295368558324], [-119.82512866711869, 42.750686889282335], [-119.82512866711602, 42.750670940281054], [-119.82512866711335, 42.75065499127984]]]}, "properties": {"OBJECTID": 496725, "ID": "801974245507727407", "CSE_NAME": "OSG 113", "STAGE_ID": null, "BLM_PROD": "PLACER CLAIM", "CSE_TYPE_NR": "384201", "CSE_NR": "OR101430907", "LEG_CSE_NR": "ORMC150108", "SF_ID": "a02t000000584EaAAI", "CSE_DISP": "Active", "SRC": "LLD", "QLTY": "1: SIMPLE\nTYPICAL QUARTER SECTION WITH 4 STANDARD LEGALS ATTRIBUTED\naliquot\n36 sections retrieved\n576 intersected features retrieved\n16 matching sections found\n4 alias QQs added\nsection 31 issimple: False", "CSE_META": "OR 33 0320S 0250E 031 A SW", "RCRD_ACRS": 20, "Created": 1611360000000, "Modified": 1739294340000, "Shape__Length": 0.034723199867650996, "Shape__Area": 7.336488145640202e-05}}, {"type": "Feature", "id": 496726, "geometry": {"type": "Polygon", "coordinates": [[[-119.82512866711335, 42.75065499127984], [-119.82512556198662, 42.7498998852221], [-119.82511369550252, 42.74701463800139], [-119.81999472664785, 42.74701191446577], [-119.81502421081784, 42.747009213916655], [-119.81503692342649, 42.75063878719467], [-119.81504963703522, 42.754268338472635], [-119.81999754486326, 42.754281586024476], [-119.8251433587243, 42.754295368558324], [-119.82512866711869, 42.750686889282335], [-119.82512866711602, 42.750670940281054], [-119.82512866711335, 42.75065499127984]]]}, "properties": {"OBJECTID": 496726, "ID": "801974245058936904", "CSE_NAME": "OSG 114", "STAGE_ID": null, "BLM_PROD": "PLACER CLAIM", "CSE_TYPE_NR": "384201", "CSE_NR": "OR101435083", "LEG_CSE_NR": "ORMC150109", "SF_ID": "a02t0000005880aAAA", "CSE_DISP": "Active", "SRC": "LLD", "QLTY": "1: SIMPLE\nTYPICAL QUARTER SECTION WITH 4 STANDARD LEGALS ATTRIBUTED\naliquot\n36 sections retrieved\n576 intersected features retrieved\n16 matching sections found\n4 alias QQs added\nsection 31 issimple: False", "CSE_META": "OR 33 0320S 0250E 031 A SW", "RCRD_ACRS": 20, "Created": 1611360000000, "Modified": 1739294460000, "Shape__Length": 0.034723199867650996, "Shape__Area": 7.336488145640202e-05}}, {"type": "Feature", "id": 496727, "geometry": {"type": "Polygon", "coordinates": [[[-119.82512866711335, 42.75065499127984], [-119.82512556198662, 42.7498998852221], [-119.82511369550252, 42.74701463800139], [-119.81999472664785, 42.74701191446577], [-119.81502421081784, 42.747009213916655], [-119.81503692342649, 42.75063878719467], [-119.81504963703522, 42.754268338472635], [-119.81999754486326, 42.754281586024476], [-119.8251433587243, 42.754295368558324], [-119.82512866711869, 42.750686889282335], [-119.82512866711602, 42.750670940281054], [-119.82512866711335, 42.75065499127984]]]}, "properties": {"OBJECTID": 496727, "ID": "801974245054742635", "CSE_NAME": "OSG 115", "STAGE_ID": null, "BLM_PROD": "PLACER CLAIM", "CSE_TYPE_NR": "384201", "CSE_NR": "OR101432490", "LEG_CSE_NR": "ORMC150110", "SF_ID": "a02t000000584q1AAA", "CSE_DISP": "Active", "SRC": "LLD", "QLTY": "1: SIMPLE\nTYPICAL QUARTER SECTION WITH 4 STANDARD LEGALS ATTRIBUTED\naliquot\n36 sections retrieved\n576 intersected features retrieved\n16 matching sections found\n4 alias QQs added\nsection 31 issimple: False", "CSE_META": "OR 33 0320S 0250E 031 A SW", "RCRD_ACRS": 20, "Created": 1611360000000, "Modified": 1739294640000, "Shape__Length": 0.034723199867650996, "Shape__Area": 7.336488145640202e-05}}, {"type": "Feature", "id": 496728, "geometry": {"type": "Polygon", "coordinates": [[[-119.81502421081784, 42.747009213916655], [-119.81006303098509, 42.7469815543648], [-119.80510182815219, 42.74695389381293], [-119.8051201106475, 42.74990020203796], [-119.80512443676474, 42.75059743809123], [-119.80514704537748, 42.754240981369506], [-119.81009832920643, 42.75425464792107], [-119.81504963703522, 42.754268338472635], [-119.81503692342649, 42.75063878719467], [-119.81502421081784, 42.747009213916655]]]}, "properties": {"OBJECTID": 496728, "ID": "801974244291379202", "CSE_NAME": "OSG 116", "STAGE_ID": null, "BLM_PROD": "PLACER CLAIM", "CSE_TYPE_NR": "384201", "CSE_NR": "OR101484404", "LEG_CSE_NR": "ORMC150111", "SF_ID": "a02t000000584z3AAA", "CSE_DISP": "Active", "SRC": "LLD", "QLTY": "1: SIMPLE\nTYPICAL QUARTER SECTION WITH 4 STANDARD LEGALS ATTRIBUTED\naliquot\n36 sections retrieved\n576 intersected features retrieved\n16 matching sections found\n4 alias QQs added\nsection 31 issimple: False", "CSE_META": "OR 33 0320S 0250E 031 A SE", "RCRD_ACRS": 20, "Created": 1611360000000, "Modified": 1739294760000, "Shape__Length": 0.03437155881294269, "Shape__Area": 7.209302874963252e-05}}, {"type": "Feature", "id": 496729, "geometry": {"type": "Polygon", "coordinates": [[[-119.81502421081784, 42.747009213916655], [-119.81006303098509, 42.7469815543648], [-119.80510182815219, 42.74695389381293], [-119.8051201106475, 42.74990020203796], [-119.80512443676474, 42.75059743809123], [-119.80514704537748, 42.754240981369506], [-119.81009832920643, 42.75425464792107], [-119.81504963703522, 42.754268338472635], [-119.81503692342649, 42.75063878719467], [-119.81502421081784, 42.747009213916655]]]}, "properties": {"OBJECTID": 496729, "ID": "801974245507727419", "CSE_NAME": "OSG 117", "STAGE_ID": null, "BLM_PROD": "Placer Claim", "CSE_TYPE_NR": "384201", "CSE_NR": "OR101431490", "LEG_CSE_NR": "ORMC150112", "SF_ID": "a02t000000584LcAAI", "CSE_DISP": "Active", "SRC": "LLD", "QLTY": "1: SIMPLE\nTYPICAL QUARTER SECTION WITH 4 STANDARD LEGALS ATTRIBUTED\naliquot\n36 sections retrieved\n576 intersected features retrieved\n16 matching sections found\n4 alias QQs added\nsection 31 issimple: False", "CSE_META": "OR 33 0320S 0250E 031 A SE", "RCRD_ACRS": 20, "Created": 1611360000000, "Modified": 1728174101000, "Shape__Length": 0.03437155881294269, "Shape__Area": 7.209302874963252e-05}}, {"type": "Feature", "id": 496730, "geometry": {"type": "Polygon", "coordinates": [[[-119.81502421081784, 42.747009213916655], [-119.81006303098509, 42.7469815543648], [-119.80510182815219, 42.74695389381293], [-119.8051201106475, 42.74990020203796], [-119.80512443676474, 42.75059743809123], [-119.80514704537748, 42.754240981369506], [-119.81009832920643, 42.75425464792107], [-119.81504963703522, 42.754268338472635], [-119.81503692342649, 42.75063878719467], [-119.81502421081784, 42.747009213916655]]]}, "properties": {"OBJECTID": 496730, "ID": "801974245516115996", "CSE_NAME": "OSG 118", "STAGE_ID": null, "BLM_PROD": "PLACER CLAIM", "CSE_TYPE_NR": "384201", "CSE_NR": "OR101482803", "LEG_CSE_NR": "ORMC150113", "SF_ID": "a02t000000584P0AAI", "CSE_DISP": "Active", "SRC": "LLD", "QLTY": "1: SIMPLE\nTYPICAL QUARTER SECTION WITH 4 STANDARD LEGALS ATTRIBUTED\naliquot\n36 sections retrieved\n576 intersected features retrieved\n16 matching sections found\n4 alias QQs added\nsection 31 issimple: False", "CSE_META": "OR 33 0320S 0250E 031 A SE", "RCRD_ACRS": 20, "Created": 1611360000000, "Modified": 1739294880000, "Shape__Length": 0.03437155881294269, "Shape__Area": 7.209302874963252e-05}}, {"type": "Feature", "id": 496731, "geometry": {"type": "Polygon", "coordinates": [[[-119.81502421081784, 42.747009213916655], [-119.81006303098509, 42.7469815543648], [-119.80510182815219, 42.74695389381293], [-119.8051201106475, 42.74990020203796], [-119.80512443676474, 42.75059743809123], [-119.80514704537748, 42.754240981369506], [-119.81009832920643, 42.75425464792107], [-119.81504963703522, 42.754268338472635], [-119.81503692342649, 42.75063878719467], [-119.81502421081784, 42.747009213916655]]]}, "properties": {"OBJECTID": 496731, "ID": "801974245058936881", "CSE_NAME": "OSG 119", "STAGE_ID": null, "BLM_PROD": "PLACER CLAIM", "CSE_TYPE_NR": "384201", "CSE_NR": "OR101430817", "LEG_CSE_NR": "ORMC150114", "SF_ID": "a02t00000058456AAA", "CSE_DISP": "Active", "SRC": "LLD", "QLTY": "1: SIMPLE\nTYPICAL QUARTER SECTION WITH 4 STANDARD LEGALS ATTRIBUTED\naliquot\n36 sections retrieved\n576 intersected features retrieved\n16 matching sections found\n4 alias QQs added\nsection 31 issimple: False", "CSE_META": "OR 33 0320S 0250E 031 A SE", "RCRD_ACRS": 20, "Created": 1611360000000, "Modified": 1739295000000, "Shape__Length": 0.03437155881294269, "Shape__Area": 7.209302874963252e-05}}, {"type": "Feature", "id": 496732, "geometry": {"type": "Polygon", "coordinates": [[[-119.81501477957943, 42.739604663347905], [-119.81501950619968, 42.74331379563288], [-119.81502421081784, 42.747009213916655], [-119.81999472664785, 42.74701191446577], [-119.82511369550252, 42.74701463800139], [-119.82512333388524, 42.7433103017157], [-119.82513297226812, 42.73960598942993], [-119.82001067441328, 42.739605314894696], [-119.82000275741196, 42.73960535289543], [-119.81501477957943, 42.739604663347905]]]}, "properties": {"OBJECTID": 496732, "ID": "799126733113524284", "CSE_NAME": "WAMPUM #1", "STAGE_ID": null, "BLM_PROD": "Placer Claim", "CSE_TYPE_NR": "384201", "CSE_NR": "OR101434315", "LEG_CSE_NR": "ORMC150115", "SF_ID": "a02t000000586tzAAA", "CSE_DISP": "Active", "SRC": "LLD", "QLTY": "1: SIMPLE\nTYPICAL QUARTER SECTION WITH 4 STANDARD LEGALS ATTRIBUTED\naliquot\n36 sections retrieved\n585 intersected features retrieved\n16 matching sections found\nsection 6 issimple: False", "CSE_META": "OR 33 0330S 0250E 006 A NW", "RCRD_ACRS": 80, "Created": 1610668800000, "Modified": 1728174339000, "Shape__Length": 0.03502090472832493, "Shape__Area": 7.483513920117802e-05}}, {"type": "Feature", "id": 496733, "geometry": {"type": "Polygon", "coordinates": [[[-119.81501477957943, 42.739604663347905], [-119.81501950619968, 42.74331379563288], [-119.81502421081784, 42.747009213916655], [-119.81999472664785, 42.74701191446577], [-119.82511369550252, 42.74701463800139], [-119.82512333388524, 42.7433103017157], [-119.82513297226812, 42.73960598942993], [-119.82001067441328, 42.739605314894696], [-119.82000275741196, 42.73960535289543], [-119.81501477957943, 42.739604663347905]]]}, "properties": {"OBJECTID": 496733, "ID": "799126714977353737", "CSE_NAME": "WAMPUM #2", "STAGE_ID": null, "BLM_PROD": "Placer Claim", "CSE_TYPE_NR": "384201", "CSE_NR": "OR101480900", "LEG_CSE_NR": "ORMC150116", "SF_ID": "a02t000000587MZAAY", "CSE_DISP": "Active", "SRC": "LLD", "QLTY": "1: SIMPLE\nTYPICAL QUARTER SECTION WITH 4 STANDARD LEGALS ATTRIBUTED\naliquot\n36 sections retrieved\n585 intersected features retrieved\n16 matching sections found\nsection 6 issimple: False", "CSE_META": "OR 33 0330S 0250E 006 A NW", "RCRD_ACRS": 80, "Created": 1610668800000, "Modified": 1728174380000, "Shape__Length": 0.03502090472832493, "Shape__Area": 7.483513920117802e-05}}, {"type": "Feature", "id": 496734, "geometry": {"type": "Polygon", "coordinates": [[[-119.82510915264807, 42.73591622914835], [-119.82508535702813, 42.73222644486667], [-119.8199778201761, 42.73222763233007], [-119.81500539534653, 42.732228727781205], [-119.81501009896293, 42.73591669506456], [-119.81501477957943, 42.739604663347905], [-119.82000275741196, 42.73960535289543], [-119.82001067441328, 42.739605314894696], [-119.82513297226812, 42.73960598942993], [-119.82510915264807, 42.73591622914835]]]}, "properties": {"OBJECTID": 496734, "ID": "799126732576653416", "CSE_NAME": "WAMPUM #3", "STAGE_ID": null, "BLM_PROD": "Placer Claim", "CSE_TYPE_NR": "384201", "CSE_NR": "OR101430599", "LEG_CSE_NR": "ORMC150117", "SF_ID": "a02t000000585opAAA", "CSE_DISP": "Active", "SRC": "LLD", "QLTY": "1: SIMPLE\nTYPICAL QUARTER SECTION WITH 4 STANDARD LEGALS ATTRIBUTED\naliquot\n36 sections retrieved\n585 intersected features retrieved\n16 matching sections found\nsection 6 issimple: False", "CSE_META": "OR 33 0330S 0250E 006 A SW", "RCRD_ACRS": 80, "Created": 1610668800000, "Modified": 1728174244000, "Shape__Length": 0.03495379001504849, "Shape__Area": 7.450820136078702e-05}}, {"type": "Feature", "id": 496735, "geometry": {"type": "Polygon", "coordinates": [[[-119.82510915264807, 42.73591622914835], [-119.82508535702813, 42.73222644486667], [-119.8199778201761, 42.73222763233007], [-119.81500539534653, 42.732228727781205], [-119.81501009896293, 42.73591669506456], [-119.81501477957943, 42.739604663347905], [-119.82000275741196, 42.73960535289543], [-119.82001067441328, 42.739605314894696], [-119.82513297226812, 42.73960598942993], [-119.82510915264807, 42.73591622914835]]]}, "properties": {"OBJECTID": 496735, "ID": "799126715149320206", "CSE_NAME": "WAMPUM #4", "STAGE_ID": null, "BLM_PROD": "Placer Claim", "CSE_TYPE_NR": "384201", "CSE_NR": "OR101484025", "LEG_CSE_NR": "ORMC150118", "SF_ID": "a02t0000005867AAAQ", "CSE_DISP": "Active", "SRC": "LLD", "QLTY": "1: SIMPLE\nTYPICAL QUARTER SECTION WITH 4 STANDARD LEGALS ATTRIBUTED\naliquot\n36 sections retrieved\n585 intersected features retrieved\n16 matching sections found\nsection 6 issimple: False", "CSE_META": "OR 33 0330S 0250E 006 A SW", "RCRD_ACRS": 63.33, "Created": 1610668800000, "Modified": 1728174270000, "Shape__Length": 0.03495379001504849, "Shape__Area": 7.450820136078702e-05}}, {"type": "Feature", "id": 496736, "geometry": {"type": "Polygon", "coordinates": [[[-119.81501950619968, 42.74331379563288], [-119.81501477957943, 42.739604663347905], [-119.81004950175048, 42.73960359279833], [-119.80508424792144, 42.73960252224875], [-119.80509295653887, 42.743291165531865], [-119.80510182815219, 42.74695389381293], [-119.81006303098509, 42.7469815543648], [-119.81502421081784, 42.747009213916655], [-119.81501950619968, 42.74331379563288]]]}, "properties": {"OBJECTID": 496736, "ID": "799126732647956612", "CSE_NAME": "WAMPUM #5", "STAGE_ID": null, "BLM_PROD": "Placer Claim", "CSE_TYPE_NR": "384201", "CSE_NR": "OR101431458", "LEG_CSE_NR": "ORMC150119", "SF_ID": "a02t000000584JpAAI", "CSE_DISP": "Active", "SRC": "LLD", "QLTY": "1: SIMPLE\nTYPICAL QUARTER SECTION WITH 4 STANDARD LEGALS ATTRIBUTED\naliquot\n36 sections retrieved\n585 intersected features retrieved\n16 matching sections found\nsection 6 issimple: False", "CSE_META": "OR 33 0330S 0250E 006 A NE", "RCRD_ACRS": 79.81, "Created": 1610668800000, "Modified": 1728174098000, "Shape__Length": 0.03460901347357981, "Shape__Area": 7.323703258169802e-05}}, {"type": "Feature", "id": 496737, "geometry": {"type": "Polygon", "coordinates": [[[-119.81501950619968, 42.74331379563288], [-119.81501477957943, 42.739604663347905], [-119.81004950175048, 42.73960359279833], [-119.80508424792144, 42.73960252224875], [-119.80509295653887, 42.743291165531865], [-119.80510182815219, 42.74695389381293], [-119.81006303098509, 42.7469815543648], [-119.81502421081784, 42.747009213916655], [-119.81501950619968, 42.74331379563288]]]}, "properties": {"OBJECTID": 496737, "ID": "799126715023491221", "CSE_NAME": "WAMPUM #6", "STAGE_ID": null, "BLM_PROD": "Placer Claim", "CSE_TYPE_NR": "384201", "CSE_NR": "OR101481866", "LEG_CSE_NR": "ORMC150120", "SF_ID": "a02t000000584f1AAA", "CSE_DISP": "Active", "SRC": "LLD", "QLTY": "1: SIMPLE\nTYPICAL QUARTER SECTION WITH 4 STANDARD LEGALS ATTRIBUTED\naliquot\n36 sections retrieved\n585 intersected features retrieved\n16 matching sections found\nsection 6 issimple: False", "CSE_META": "OR 33 0330S 0250E 006 A NE", "RCRD_ACRS": 80, "Created": 1610668800000, "Modified": 1728174134000, "Shape__Length": 0.03460901347357981, "Shape__Area": 7.323703258169802e-05}}, {"type": "Feature", "id": 496738, "geometry": {"type": "Polygon", "coordinates": [[[-119.81003515851705, 42.73222928623207], [-119.80506492168745, 42.73222982268288], [-119.80507458530437, 42.73591618396583], [-119.80508424792144, 42.73960252224875], [-119.81004950175048, 42.73960359279833], [-119.81501477957943, 42.739604663347905], [-119.81501009896293, 42.73591669506456], [-119.81500539534653, 42.732228727781205], [-119.81003515851705, 42.73222928623207]]]}, "properties": {"OBJECTID": 496738, "ID": "799126732647956596", "CSE_NAME": "WAMPUM #7", "STAGE_ID": null, "BLM_PROD": "Placer Claim", "CSE_TYPE_NR": "384201", "CSE_NR": "OR101431442", "LEG_CSE_NR": "ORMC150121", "SF_ID": "a02t000000584BSAAY", "CSE_DISP": "Active", "SRC": "LLD", "QLTY": "1: SIMPLE\nTYPICAL QUARTER SECTION WITH 4 STANDARD LEGALS ATTRIBUTED\naliquot\n36 sections retrieved\n585 intersected features retrieved\n16 matching sections found\nsection 6 issimple: False", "CSE_META": "OR 33 0330S 0250E 006 A SE", "RCRD_ACRS": 80, "Created": 1610668800000, "Modified": 1728174086000, "Shape__Length": 0.03461966758625862, "Shape__Area": 7.326751242849302e-05}}, {"type": "Feature", "id": 496739, "geometry": {"type": "Polygon", "coordinates": [[[-119.81003515851705, 42.73222928623207], [-119.80506492168745, 42.73222982268288], [-119.80507458530437, 42.73591618396583], [-119.80508424792144, 42.73960252224875], [-119.81004950175048, 42.73960359279833], [-119.81501477957943, 42.739604663347905], [-119.81501009896293, 42.73591669506456], [-119.81500539534653, 42.732228727781205], [-119.81003515851705, 42.73222928623207]]]}, "properties": {"OBJECTID": 496739, "ID": "799126733147078729", "CSE_NAME": "WAMPUM #8", "STAGE_ID": null, "BLM_PROD": "Placer Claim", "CSE_TYPE_NR": "384201", "CSE_NR": "OR101434540", "LEG_CSE_NR": "ORMC150122", "SF_ID": "a02t000000587iQAAQ", "CSE_DISP": "Active", "SRC": "LLD", "QLTY": "1: SIMPLE\nTYPICAL QUARTER SECTION WITH 4 STANDARD LEGALS ATTRIBUTED\naliquot\n36 sections retrieved\n585 intersected features retrieved\n16 matching sections found\nsection 6 issimple: False", "CSE_META": "OR 33 0330S 0250E 006 A SE", "RCRD_ACRS": 80, "Created": 1610668800000, "Modified": 1728174411000, "Shape__Length": 0.03461966758625862, "Shape__Area": 7.326751242849302e-05}}, {"type": "Feature", "id": 496740, "geometry": {"type": "Polygon", "coordinates": [[[-119.83016744216903, 42.71000019669547], [-119.82769147375943, 42.710020473921475], [-119.82521545934974, 42.71004066314742], [-119.82521875665823, 42.71188826728937], [-119.82522204896671, 42.71373587143129], [-119.82522863858387, 42.71743110371519], [-119.8301809244015, 42.71738041626233], [-119.83513320921904, 42.717329751809416], [-119.83512631660352, 42.71364476452654], [-119.83511944798816, 42.709959753243545], [-119.83264347957864, 42.709980014469515], [-119.83016744216903, 42.71000019669547]]]}, "properties": {"OBJECTID": 496740, "ID": "799126715027685533", "CSE_NAME": "BRIDGET #1", "STAGE_ID": null, "BLM_PROD": "Placer Claim", "CSE_TYPE_NR": "384201", "CSE_NR": "OR101482094", "LEG_CSE_NR": "ORMC150123", "SF_ID": "a02t00000058883AAA", "CSE_DISP": "Active", "SRC": "LLD", "QLTY": "1: MIDPOINT\nFULLY ATTRIBUTED QUARTER SECTION ALL BUCKETS ARE EQUAL\naliquot\n36 sections retrieved\n598 intersected features retrieved\n22 matching sections found\nsection 13 issimple: False", "CSE_META": "OR 33 0330S 0240E 013 A NE", "RCRD_ACRS": 20, "Created": 1610668800000, "Modified": 1728174447000, "Shape__Length": 0.034569867612762706, "Shape__Area": 7.309671168474052e-05}}, {"type": "Feature", "id": 496741, "geometry": {"type": "Polygon", "coordinates": [[[-119.82521875665823, 42.71188826728937], [-119.82521545934974, 42.71004066314742], [-119.8201692045113, 42.710060872606284], [-119.82016666551085, 42.71006075660653], [-119.81518418268283, 42.7100806180596], [-119.81520485830124, 42.713770844342], [-119.81522555791987, 42.7174610936243], [-119.82020717974859, 42.71744588917151], [-119.82522863858387, 42.71743110371519], [-119.82522204896671, 42.71373587143129], [-119.82521875665823, 42.71188826728937]]]}, "properties": {"OBJECTID": 496741, "ID": "799126733109330028", "CSE_NAME": "GREG #1", "STAGE_ID": null, "BLM_PROD": "Placer Claim", "CSE_TYPE_NR": "384201", "CSE_NR": "OR101434231", "LEG_CSE_NR": "ORMC150124", "SF_ID": "a02t000000586IoAAI", "CSE_DISP": "Active", "SRC": "LLD", "QLTY": "1: SIMPLE\nTYPICAL QUARTER SECTION WITH 4 STANDARD LEGALS ATTRIBUTED\naliquot\n36 sections retrieved\n585 intersected features retrieved\n16 matching sections found\n4 alias QQs added\nsection 18 issimple: False", "CSE_META": "OR 33 0330S 0250E 018 A NW", "RCRD_ACRS": 20, "Created": 1610668800000, "Modified": 1728174286000, "Shape__Length": 0.034805524383103595, "Shape__Area": 7.398085333408152e-05}}, {"type": "Feature", "id": 496742, "geometry": {"type": "Polygon", "coordinates": [[[-119.83016744216903, 42.71000019669547], [-119.82769147375943, 42.710020473921475], [-119.82521545934974, 42.71004066314742], [-119.82521875665823, 42.71188826728937], [-119.82522204896671, 42.71373587143129], [-119.82522863858387, 42.71743110371519], [-119.8301809244015, 42.71738041626233], [-119.83513320921904, 42.717329751809416], [-119.83512631660352, 42.71364476452654], [-119.83511944798816, 42.709959753243545], [-119.83264347957864, 42.709980014469515], [-119.83016744216903, 42.71000019669547]]]}, "properties": {"OBJECTID": 496742, "ID": "799126715396784165", "CSE_NAME": "TREVOR #1", "STAGE_ID": null, "BLM_PROD": "Placer Claim", "CSE_TYPE_NR": "384201", "CSE_NR": "OR101484277", "LEG_CSE_NR": "ORMC150125", "SF_ID": "a02t000000586RYAAY", "CSE_DISP": "Active", "SRC": "LLD", "QLTY": "1: MIDPOINT\nFULLY ATTRIBUTED QUARTER SECTION ALL BUCKETS ARE EQUAL\naliquot\n36 sections retrieved\n598 intersected features retrieved\n22 matching sections found\nsection 13 issimple: False", "CSE_META": "OR 33 0330S 0240E 013 A NE", "RCRD_ACRS": 20, "Created": 1610668800000, "Modified": 1728174298000, "Shape__Length": 0.034569867612762706, "Shape__Area": 7.309671168474052e-05}}, {"type": "Feature", "id": 496743, "geometry": {"type": "Polygon", "coordinates": [[[-119.82521875665823, 42.71188826728937], [-119.82521545934974, 42.71004066314742], [-119.8201692045113, 42.710060872606284], [-119.82016666551085, 42.71006075660653], [-119.81518418268283, 42.7100806180596], [-119.81520485830124, 42.713770844342], [-119.81522555791987, 42.7174610936243], [-119.82020717974859, 42.71744588917151], [-119.82522863858387, 42.71743110371519], [-119.82522204896671, 42.71373587143129], [-119.82521875665823, 42.71188826728937]]]}, "properties": {"OBJECTID": 496743, "ID": "801974244467539971", "CSE_NAME": "TERRA #1", "STAGE_ID": null, "BLM_PROD": "Placer Claim", "CSE_TYPE_NR": "384201", "CSE_NR": "OR101431504", "LEG_CSE_NR": "ORMC150126", "SF_ID": "a02t000000584LqAAI", "CSE_DISP": "Active", "SRC": "LLD", "QLTY": "1: SIMPLE\nTYPICAL QUARTER SECTION WITH 4 STANDARD LEGALS ATTRIBUTED\naliquot\n36 sections retrieved\n585 intersected features retrieved\n16 matching sections found\n4 alias QQs added\nsection 18 issimple: False", "CSE_META": "OR 33 0330S 0250E 018 A NW", "RCRD_ACRS": 20, "Created": 1611360000000, "Modified": 1728174101000, "Shape__Length": 0.034805524383103595, "Shape__Area": 7.398085333408152e-05}}, {"type": "Feature", "id": 496744, "geometry": {"type": "Polygon", "coordinates": [[[-119.82521875665823, 42.71188826728937], [-119.82521545934974, 42.71004066314742], [-119.8201692045113, 42.710060872606284], [-119.82016666551085, 42.71006075660653], [-119.81518418268283, 42.7100806180596], [-119.81520485830124, 42.713770844342], [-119.81522555791987, 42.7174610936243], [-119.82020717974859, 42.71744588917151], [-119.82522863858387, 42.71743110371519], [-119.82522204896671, 42.71373587143129], [-119.82521875665823, 42.71188826728937]]]}, "properties": {"OBJECTID": 496744, "ID": "799126715065434248", "CSE_NAME": "CHRIS L #1", "STAGE_ID": null, "BLM_PROD": "Placer Claim", "CSE_TYPE_NR": "384201", "CSE_NR": "OR101482724", "LEG_CSE_NR": "ORMC150127", "SF_ID": "a02t000000585U8AAI", "CSE_DISP": "Active", "SRC": "LLD", "QLTY": "1: SIMPLE\nTYPICAL QUARTER SECTION WITH 4 STANDARD LEGALS ATTRIBUTED\naliquot\n36 sections retrieved\n585 intersected features retrieved\n16 matching sections found\n4 alias QQs added\nsection 18 issimple: False", "CSE_META": "OR 33 0330S 0250E 018 A NW", "RCRD_ACRS": 20, "Created": 1610668800000, "Modified": 1728174214000, "Shape__Length": 0.034805524383103595, "Shape__Area": 7.398085333408152e-05}}, {"type": "Feature", "id": 496797, "geometry": {"type": "Polygon", "coordinates": [[[-119.85516233506999, 42.750340597529004], [-119.85516580345268, 42.7466436192449], [-119.85016490261998, 42.74664999969939], [-119.84516397878716, 42.74665637915386], [-119.84516519932882, 42.74989606640256], [-119.84516537640746, 42.75036644243864], [-119.84516679802793, 42.75407648272345], [-119.85016280885777, 42.754057041268275], [-119.85515884268749, 42.75403757581308], [-119.85516233506999, 42.750340597529004]]]}, "properties": {"OBJECTID": 496797, "ID": "801974245507727376", "CSE_NAME": "OSG P 28", "STAGE_ID": null, "BLM_PROD": "PLACER CLAIM", "CSE_TYPE_NR": "384201", "CSE_NR": "OR101480792", "LEG_CSE_NR": "ORMC152273", "SF_ID": "a02t000000587YRAAY", "CSE_DISP": "Active", "SRC": "LLD", "QLTY": "1: MIDPOINT\nTYPICAL QUARTER SECTION WITH 4 STANDARD LEGALS ATTRIBUTED\naliquot\n36 sections retrieved\n576 intersected features retrieved\n16 matching sections found\nsection 35 issimple: True", "CSE_META": "OR 33 0320S 0240E 035 A SE", "RCRD_ACRS": 20, "Created": 1611360000000, "Modified": 1739293320000, "Shape__Length": 0.0348080126947954, "Shape__Area": 7.404766995380901e-05}}, {"type": "Feature", "id": 496798, "geometry": {"type": "Polygon", "coordinates": [[[-119.86514301834511, 42.75399783090332], [-119.86514772073019, 42.75031542762046], [-119.86514826265896, 42.749888756587644], [-119.86515240011545, 42.74663300133746], [-119.86015911328413, 42.74663831079121], [-119.85516580345268, 42.7466436192449], [-119.85516233506999, 42.750340597529004], [-119.85515884268749, 42.75403757581308], [-119.86015094251634, 42.75401771535826], [-119.86514301834511, 42.75399783090332]]]}, "properties": {"OBJECTID": 496798, "ID": "801974245058936861", "CSE_NAME": "OSG P 29", "STAGE_ID": null, "BLM_PROD": "PLACER CLAIM", "CSE_TYPE_NR": "384201", "CSE_NR": "OR101433194", "LEG_CSE_NR": "ORMC152274", "SF_ID": "a02t000000585ovAAA", "CSE_DISP": "Active", "SRC": "LLD", "QLTY": "1: MIDPOINT\nTYPICAL QUARTER SECTION WITH 4 STANDARD LEGALS ATTRIBUTED\naliquot\n36 sections retrieved\n576 intersected features retrieved\n16 matching sections found\nsection 35 issimple: True", "CSE_META": "OR 33 0320S 0240E 035 A SW", "RCRD_ACRS": 20, "Created": 1611360000000, "Modified": 1739293440000, "Shape__Length": 0.03472964800259616, "Shape__Area": 7.368592085238052e-05}}, {"type": "Feature", "id": 496799, "geometry": {"type": "Polygon", "coordinates": [[[-119.86514301834511, 42.75399783090332], [-119.86514772073019, 42.75031542762046], [-119.86514826265896, 42.749888756587644], [-119.86515240011545, 42.74663300133746], [-119.86015911328413, 42.74663831079121], [-119.85516580345268, 42.7466436192449], [-119.85516233506999, 42.750340597529004], [-119.85515884268749, 42.75403757581308], [-119.86015094251634, 42.75401771535826], [-119.86514301834511, 42.75399783090332]]]}, "properties": {"OBJECTID": 496799, "ID": "801974244291379221", "CSE_NAME": "OSG P 30", "STAGE_ID": null, "BLM_PROD": "PLACER CLAIM", "CSE_TYPE_NR": "384201", "CSE_NR": "OR101484031", "LEG_CSE_NR": "ORMC152275", "SF_ID": "a02t0000005867GAAQ", "CSE_DISP": "Active", "SRC": "LLD", "QLTY": "1: MIDPOINT\nTYPICAL QUARTER SECTION WITH 4 STANDARD LEGALS ATTRIBUTED\naliquot\n36 sections retrieved\n576 intersected features retrieved\n16 matching sections found\nsection 35 issimple: True", "CSE_META": "OR 33 0320S 0240E 035 A SW", "RCRD_ACRS": 20, "Created": 1611360000000, "Modified": 1739293500000, "Shape__Length": 0.03472964800259616, "Shape__Area": 7.368592085238052e-05}}, {"type": "Feature", "id": 496800, "geometry": {"type": "Polygon", "coordinates": [[[-119.86514301834511, 42.75399783090332], [-119.86514772073019, 42.75031542762046], [-119.86514826265896, 42.749888756587644], [-119.86515240011545, 42.74663300133746], [-119.86015911328413, 42.74663831079121], [-119.85516580345268, 42.7466436192449], [-119.85516233506999, 42.750340597529004], [-119.85515884268749, 42.75403757581308], [-119.86015094251634, 42.75401771535826], [-119.86514301834511, 42.75399783090332]]]}, "properties": {"OBJECTID": 496800, "ID": "801974244442374255", "CSE_NAME": "OSG P 31", "STAGE_ID": null, "BLM_PROD": "PLACER CLAIM", "CSE_TYPE_NR": "384201", "CSE_NR": "OR101431462", "LEG_CSE_NR": "ORMC152276", "SF_ID": "a02t000000584JtAAI", "CSE_DISP": "Active", "SRC": "LLD", "QLTY": "1: MIDPOINT\nTYPICAL QUARTER SECTION WITH 4 STANDARD LEGALS ATTRIBUTED\naliquot\n36 sections retrieved\n576 intersected features retrieved\n16 matching sections found\nsection 35 issimple: True", "CSE_META": "OR 33 0320S 0240E 035 A SW", "RCRD_ACRS": 20, "Created": 1611360000000, "Modified": 1739293620000, "Shape__Length": 0.03472964800259616, "Shape__Area": 7.368592085238052e-05}}, {"type": "Feature", "id": 497079, "geometry": {"type": "Polygon", "coordinates": [[[-119.86487485992367, 42.70981355653509], [-119.86483967953103, 42.713491954820974], [-119.86482208983475, 42.71533115396392], [-119.86480450013858, 42.7171703301068], [-119.8697326869577, 42.71715901365905], [-119.8746608977768, 42.71714769821126], [-119.87468969816783, 42.71346701792595], [-119.87471847555898, 42.70978633764062], [-119.86979666774138, 42.709799958087885], [-119.86487485992367, 42.70981355653509]]]}, "properties": {"OBJECTID": 497079, "ID": "799126733314850859", "CSE_NAME": "DEEP MATRIX", "STAGE_ID": null, "BLM_PROD": "Placer Claim", "CSE_TYPE_NR": "384201", "CSE_NR": "OR101436608", "LEG_CSE_NR": "ORMC159783", "SF_ID": "a02t00000058b96AAA", "CSE_DISP": "Active", "SRC": "LLD", "QLTY": "1: MIDPOINT\nTYPICAL QUARTER SECTION WITH 4 STANDARD LEGALS ATTRIBUTED\naliquot\n36 sections retrieved\n598 intersected features retrieved\n16 matching sections found\nsection 15 issimple: True", "CSE_META": "OR 33 0330S 0240E 015 A NE", "RCRD_ACRS": 5, "Created": 1610668800000, "Modified": 1728177001000, "Shape__Length": 0.03441876825508685, "Shape__Area": 7.248523422045802e-05}}, {"type": "Feature", "id": 497080, "geometry": {"type": "Polygon", "coordinates": [[[-119.86487485992367, 42.70981355653509], [-119.86239570251199, 42.709821746760475], [-119.85991654410019, 42.70982985498586], [-119.8549582052766, 42.709846130436524], [-119.8549396488864, 42.71352275972094], [-119.85492109349636, 42.71719938800525], [-119.85986280831753, 42.71718485955601], [-119.86233365372807, 42.71717761033139], [-119.86480450013858, 42.7171703301068], [-119.8697326869577, 42.71715901365905], [-119.8746608977768, 42.71714769821126], [-119.87468969816783, 42.71346701792595], [-119.87471847555898, 42.70978633764062], [-119.86979666774138, 42.709799958087885], [-119.86487485992367, 42.70981355653509]]]}, "properties": {"OBJECTID": 497080, "ID": "799126733314850860", "CSE_NAME": "MOVE THAT DRILL", "STAGE_ID": null, "BLM_PROD": "Placer Claim", "CSE_TYPE_NR": "384201", "CSE_NR": "OR101436609", "LEG_CSE_NR": "ORMC159785", "SF_ID": "a02t00000058b97AAA", "CSE_DISP": "Active", "SRC": "LLD", "QLTY": "1: MIDPOINT\nFULLY ATTRIBUTED QUARTER SECTION ALL BUCKETS ARE EQUAL\naliquot\n36 sections retrieved\n598 intersected features retrieved\n25 matching sections found\nsection 14 issimple: False, MIDPOINT\nTYPICAL QUARTER SECTION WITH 4 STANDARD LEGALS ATTRIBUTED\na", "CSE_META": "OR 33 0330S 0240E 014 A NW|OR 33 0330S 0240E 015 A NE", "RCRD_ACRS": 10, "Created": 1610668800000, "Modified": 1728177001000, "Shape__Length": 0.05421516365934277, "Shape__Area": 0.00014529832278176204}}, {"type": "Feature", "id": 497499, "geometry": {"type": "Polygon", "coordinates": [[[-119.84495891716601, 42.695175075214046], [-119.8400068173462, 42.69520958166525], [-119.83505469552622, 42.69524406411649], [-119.83508021414305, 42.6989229743975], [-119.83510570976, 42.70260188567844], [-119.84007555058245, 42.70256456222522], [-119.84504539140481, 42.70252723877201], [-119.84502377709504, 42.700689203632514], [-119.84500215378532, 42.69885116849304], [-119.84495891716601, 42.695175075214046]]]}, "properties": {"OBJECTID": 497499, "ID": "799126765309001784", "CSE_NAME": "SPECTRUM MINE FREE", "STAGE_ID": null, "BLM_PROD": "Placer Claim", "CSE_TYPE_NR": "384201", "CSE_NR": "OR101746772", "LEG_CSE_NR": "ORMC169696", "SF_ID": "a02t000000594auAAA", "CSE_DISP": "Active", "SRC": "LLD", "QLTY": "1: MIDPOINT\nTYPICAL QUARTER SECTION WITH 4 STANDARD LEGALS ATTRIBUTED\naliquot\n36 sections retrieved\n598 intersected features retrieved\n16 matching sections found\nsection 24 issimple: True", "CSE_META": "OR 33 0330S 0240E 024 A NW", "RCRD_ACRS": 20, "Created": 1610668800000, "Modified": 1728179590000, "Shape__Length": 0.03455508990404389, "Shape__Area": 7.298070360135002e-05}}, {"type": "Feature", "id": 498994, "geometry": {"type": "Polygon", "coordinates": [[[-119.8201692045113, 42.710060872606284], [-119.82016666551085, 42.71006075660653], [-119.81518418268283, 42.7100806180596], [-119.81520485830124, 42.713770844342], [-119.81522555791987, 42.7174610936243], [-119.81517051652621, 42.721152553913576], [-119.81511549913272, 42.72484401420276], [-119.8200919989619, 42.72483646975094], [-119.82009453596233, 42.72483662275071], [-119.82515699780565, 42.724828786291006], [-119.8251928071947, 42.721129945003106], [-119.82522863858387, 42.71743110371519], [-119.82522204896671, 42.71373587143129], [-119.82521875665823, 42.71188826728937], [-119.82521545934974, 42.71004066314742], [-119.8201692045113, 42.710060872606284]]]}, "properties": {"OBJECTID": 498994, "ID": "799126715103182889", "CSE_NAME": "BLUE SAGE", "STAGE_ID": null, "BLM_PROD": "Placer Claim", "CSE_TYPE_NR": "384201", "CSE_NR": "OR101483330", "LEG_CSE_NR": "ORMC64907", "SF_ID": "a02t000000585gkAAA", "CSE_DISP": "Active", "SRC": "LLD", "QLTY": "1: SIMPLE\nTYPICAL QUARTER SECTION WITH 4 STANDARD LEGALS ATTRIBUTED\nDOES NOT MATCH PM ANGLES\naliquot\n36 sections retrieved\n585 intersected features retrieved\n22 matching sections found\nsection 7 issimple: False, SIMPLE\nTYPICAL QUARTER SECTION WITH 4 STAND", "CSE_META": "OR 33 0330S 0250E 007 A SW|OR 33 0330S 0250E 018 A NW", "RCRD_ACRS": 111, "Created": 1610668800000, "Modified": 1728174232000, "Shape__Length": 0.049625683011359695, "Shape__Area": 0.00014804828377078903}}, {"type": "Feature", "id": 530596, "geometry": {"type": "Polygon", "coordinates": [[[-119.82014960135521, 42.72114142446126], [-119.82017839005186, 42.71929365631641], [-119.81768821363744, 42.719300240542665], [-119.81519803722301, 42.71930682376894], [-119.81517051652621, 42.721152553913576], [-119.8176600589407, 42.72114698868741], [-119.82014960135521, 42.72114142446126]]]}, "properties": {"OBJECTID": 530596, "ID": "1313540205449428992", "CSE_NAME": "Sunstone #2", "STAGE_ID": "1298677035035672576", "BLM_PROD": "LODE CLAIM", "CSE_TYPE_NR": "384101", "CSE_NR": "OR106695224", "LEG_CSE_NR": null, "SF_ID": "a02SJ000002ZnxaYAC", "CSE_DISP": "Active", "SRC": "LLD/CLS", "QLTY": "4.1; 1 intersecting parts, aliquot", "CSE_META": "OR 33 0330S 0250E 007 A N2SESW", "RCRD_ACRS": 40, "Created": 1733184000000, "Modified": 1778608620000, "Shape__Length": 0.013653393267909908, "Shape__Area": 9.195944719983003e-06}}, {"type": "Feature", "id": 530597, "geometry": {"type": "Polygon", "coordinates": [[[-119.82020717974859, 42.71744588917151], [-119.81522555791987, 42.7174610936243], [-119.81024391209061, 42.717473713076885], [-119.80775308967591, 42.71748003530314], [-119.80526226726121, 42.71748633352943], [-119.80523759856433, 42.71932930467363], [-119.80521293086754, 42.721172275817885], [-119.805163594474, 42.724858218106206], [-119.80513892677733, 42.72670111925043], [-119.80511425808066, 42.72854402039457], [-119.80506492168745, 42.73222982268288], [-119.81003515851705, 42.73222928623207], [-119.81500539534653, 42.732228727781205], [-119.8199778201761, 42.73222763233007], [-119.82508535702813, 42.73222644486667], [-119.82512116641682, 42.72852762657887], [-119.82515699780565, 42.724828786291006], [-119.8251928071947, 42.721129945003106], [-119.82522863858387, 42.71743110371519], [-119.82020717974859, 42.71744588917151]]]}, "properties": {"OBJECTID": 530597, "ID": "1313540207001321472", "CSE_NAME": "Sunstone #1", "STAGE_ID": "1298675225269026816", "BLM_PROD": "LODE CLAIM", "CSE_TYPE_NR": "384101", "CSE_NR": "OR106695223", "LEG_CSE_NR": null, "SF_ID": "a02SJ000002ZnxZYAS", "CSE_DISP": "Active", "SRC": "LLD/CLS", "QLTY": "0; ONLY SECTION IN LLD", "CSE_META": "OR 33 0330S 0250E 007 E N2SWSE", "RCRD_ACRS": 20.66, "Created": 1733184000000, "Modified": 1778608783000, "Shape__Length": 0.06952771978287989, "Shape__Area": 0.0002952699135201916}}, {"type": "Feature", "id": 561454, "geometry": {"type": "Polygon", "coordinates": [[[-119.8499998664528, 42.70986198688722], [-119.84504155062888, 42.70987784233791], [-119.84503964224119, 42.71355314462082], [-119.8450386875474, 42.71539078376222], [-119.84503773385367, 42.717228422903595], [-119.84750857926441, 42.71722118267905], [-119.84997942467508, 42.71721389445447], [-119.85492109349636, 42.71719938800525], [-119.8549396488864, 42.71352275972094], [-119.8549582052766, 42.709846130436524], [-119.8499998664528, 42.70986198688722]]]}, "properties": {"OBJECTID": 561454, "ID": "1385645237413797888", "CSE_NAME": "Little Anna", "STAGE_ID": "1385645235710885888", "BLM_PROD": "LODE CLAIM", "CSE_TYPE_NR": "384101", "CSE_NR": "OR106737580", "LEG_CSE_NR": null, "SF_ID": "a02SJ000009j2F6YAI", "CSE_DISP": "Filed", "SRC": "LLD", "QLTY": "1; MIDPOINT, FULLY ATTRIBUTED QUARTER SECTION ALL BUCKETS ARE EQUAL, aliquot", "CSE_META": "OR 33 0330S 0240E 014 A NWNE | OR 33 0330S 0240E 014 A SENE | OR 33 0330S 0240E 014 A SWNE | OR 33 0330S 0240E 014 A NENENE | OR 33 0330S 0240E 014 A NWNENE | OR 33 0330S 0240E 014 A SWNENE | OR 33 0330S 0240E 014 A SENENE", "RCRD_ACRS": 20.66, "Created": 1750377600000, "Modified": 1752184928000, "Shape__Length": 0.034504035996515955, "Shape__Area": 7.278341386870151e-05}}, {"type": "Feature", "id": 561455, "geometry": {"type": "Polygon", "coordinates": [[[-119.86239570251199, 42.709821746760475], [-119.85991654410019, 42.70982985498586], [-119.8549582052766, 42.709846130436524], [-119.8549396488864, 42.71352275972094], [-119.85492109349636, 42.71719938800525], [-119.85986280831753, 42.71718485955601], [-119.86233365372807, 42.71717761033139], [-119.86480450013858, 42.7171703301068], [-119.86482208983475, 42.71533115396392], [-119.86483967953103, 42.713491954820974], [-119.86487485992367, 42.70981355653509], [-119.86239570251199, 42.709821746760475]]]}, "properties": {"OBJECTID": 561455, "ID": "1385649077630427136", "CSE_NAME": "Meuler #1", "STAGE_ID": "1385649074971283456", "BLM_PROD": "LODE CLAIM", "CSE_TYPE_NR": "384101", "CSE_NR": "OR106737581", "LEG_CSE_NR": null, "SF_ID": "a02SJ000009j2F7YAI", "CSE_DISP": "Filed", "SRC": "LLD", "QLTY": "1; MIDPOINT, FULLY ATTRIBUTED QUARTER SECTION ALL BUCKETS ARE EQUAL, aliquot", "CSE_META": "OR 33 0330S 0240E 014 A NENW | OR 33 0330S 0240E 014 A SENW | OR 33 0330S 0240E 014 A SWNW | OR 33 0330S 0240E 014 A NENWNW | OR 33 0330S 0240E 014 A NWNWNW | OR 33 0330S 0240E 014 A SWNWNW | OR 33 0330S 0240E 014 A SENWNW", "RCRD_ACRS": 20.66, "Created": 1750377600000, "Modified": 1752184929000, "Shape__Length": 0.034510614329343416, "Shape__Area": 7.281308856130402e-05}}, {"type": "Feature", "id": 561458, "geometry": {"type": "Polygon", "coordinates": [[[-119.8499998664528, 42.70986198688722], [-119.84504155062888, 42.70987784233791], [-119.84503964224119, 42.71355314462082], [-119.8450386875474, 42.71539078376222], [-119.84503773385367, 42.717228422903595], [-119.84750857926441, 42.71722118267905], [-119.84997942467508, 42.71721389445447], [-119.85492109349636, 42.71719938800525], [-119.8549396488864, 42.71352275972094], [-119.8549582052766, 42.709846130436524], [-119.8499998664528, 42.70986198688722]]]}, "properties": {"OBJECTID": 561458, "ID": "1385657807747010560", "CSE_NAME": "Seven Blankets", "STAGE_ID": "1385657805087854592", "BLM_PROD": "LODE CLAIM", "CSE_TYPE_NR": "384101", "CSE_NR": "OR106737584", "LEG_CSE_NR": null, "SF_ID": "a02SJ000009j2FAYAY", "CSE_DISP": "Filed", "SRC": "LLD", "QLTY": "1; MIDPOINT, FULLY ATTRIBUTED QUARTER SECTION ALL BUCKETS ARE EQUAL, aliquot", "CSE_META": "OR 33 0330S 0240E 014 A NWNE | OR 33 0330S 0240E 014 A SENE | OR 33 0330S 0240E 014 A SWNE | OR 33 0330S 0240E 014 A NENENE | OR 33 0330S 0240E 014 A NWNENE | OR 33 0330S 0240E 014 A SWNENE | OR 33 0330S 0240E 014 A SENENE", "RCRD_ACRS": 20.66, "Created": 1750377600000, "Modified": 1752184931000, "Shape__Length": 0.034504035996515955, "Shape__Area": 7.278341386870151e-05}}, {"type": "Feature", "id": 561459, "geometry": {"type": "Polygon", "coordinates": [[[-119.8499998664528, 42.70986198688722], [-119.84504155062888, 42.70987784233791], [-119.84503964224119, 42.71355314462082], [-119.8450386875474, 42.71539078376222], [-119.84503773385367, 42.717228422903595], [-119.84750857926441, 42.71722118267905], [-119.84997942467508, 42.71721389445447], [-119.85492109349636, 42.71719938800525], [-119.8549396488864, 42.71352275972094], [-119.8549582052766, 42.709846130436524], [-119.8499998664528, 42.70986198688722]]]}, "properties": {"OBJECTID": 561459, "ID": "1385659475242901504", "CSE_NAME": "Sungem #1", "STAGE_ID": "1385659473439436800", "BLM_PROD": "LODE CLAIM", "CSE_TYPE_NR": "384101", "CSE_NR": "OR106737585", "LEG_CSE_NR": null, "SF_ID": "a02SJ000009j2FBYAY", "CSE_DISP": "Filed", "SRC": "LLD", "QLTY": "1; MIDPOINT, FULLY ATTRIBUTED QUARTER SECTION ALL BUCKETS ARE EQUAL, aliquot", "CSE_META": "OR 33 0330S 0240E 014 A NWNE | OR 33 0330S 0240E 014 A SENE | OR 33 0330S 0240E 014 A SWNE | OR 33 0330S 0240E 014 A NENENE | OR 33 0330S 0240E 014 A NWNENE | OR 33 0330S 0240E 014 A SWNENE | OR 33 0330S 0240E 014 A SENENE", "RCRD_ACRS": 20.66, "Created": 1750377600000, "Modified": 1752184931000, "Shape__Length": 0.034504035996515955, "Shape__Area": 7.278341386870151e-05}}, {"type": "Feature", "id": 561461, "geometry": {"type": "MultiPolygon", "coordinates": [[[[-119.85497676166692, 42.70616908215214], [-119.85499531705736, 42.70249201086768], [-119.85002035423118, 42.70250961331982], [-119.84753288481798, 42.70251844854592], [-119.84504539140481, 42.70252723877201], [-119.84504345901675, 42.70620254105499], [-119.84504155062888, 42.70987784233791], [-119.8499998664528, 42.70986198688722], [-119.8549582052766, 42.709846130436524], [-119.85497676166692, 42.70616908215214]]], [[[-119.8549582052766, 42.709846130436524], [-119.8549396488864, 42.71352275972094], [-119.85492109349636, 42.71719938800525], [-119.85986280831753, 42.71718485955601], [-119.86233365372807, 42.71717761033139], [-119.86480450013858, 42.7171703301068], [-119.86482208983475, 42.71533115396392], [-119.86483967953103, 42.713491954820974], [-119.86487485992367, 42.70981355653509], [-119.86239570251199, 42.709821746760475], [-119.85991654410019, 42.70982985498586], [-119.8549582052766, 42.709846130436524]]]]}, "properties": {"OBJECTID": 561461, "ID": "1385675594376773632", "CSE_NAME": "Surprise #2", "STAGE_ID": "1385675592036417536", "BLM_PROD": "LODE CLAIM", "CSE_TYPE_NR": "384101", "CSE_NR": "OR106737594", "LEG_CSE_NR": null, "SF_ID": "a02SJ000009j2FKYAY", "CSE_DISP": "Filed", "SRC": "LLD", "QLTY": "1; MIDPOINT, TYPICAL QUARTER SECTION WITH 4 STANDARD LEGALS ATTRIBUTED, aliquot; MIDPOINT, FULLY ATTRIBUTED QUARTER SECTION ALL BUCKETS ARE EQUAL, aliquot", "CSE_META": "OR 33 0330S 0240E 014 A NENW | OR 33 0330S 0240E 014 A SENW | OR 33 0330S 0240E 014 A SWNW | OR 33 0330S 0240E 014 A NESE | OR 33 0330S 0240E 014 A NWSE | OR 33 0330S 0240E 014 A SESE | OR 33 0330S 0240E 014 A SWSE | OR 33 0330S 0240E 014 A NENWNW | OR 33 0330S 0240E 014 A NWNWNW | OR 33 0330S 0240E 014 A SWNWNW | OR 33 0330S 0240E 014 A SENWNW", "RCRD_ACRS": 20.66, "Created": 1750377600000, "Modified": 1752184933000, "Shape__Length": 0.06908212104054952, "Shape__Area": 0.00014584557575840753}}, {"type": "Feature", "id": 561468, "geometry": {"type": "Polygon", "coordinates": [[[-119.85002035423118, 42.70250961331982], [-119.84753288481798, 42.70251844854592], [-119.84504539140481, 42.70252723877201], [-119.84504345901675, 42.70620254105499], [-119.84504155062888, 42.70987784233791], [-119.8499998664528, 42.70986198688722], [-119.8549582052766, 42.709846130436524], [-119.85497676166692, 42.70616908215214], [-119.85499531705736, 42.70249201086768], [-119.85002035423118, 42.70250961331982]]]}, "properties": {"OBJECTID": 561468, "ID": "1385629730304258048", "CSE_NAME": "Dutch Love", "STAGE_ID": "1385629727301140480", "BLM_PROD": "LODE CLAIM", "CSE_TYPE_NR": "384101", "CSE_NR": "OR106737573", "LEG_CSE_NR": null, "SF_ID": "a02SJ000009j2EzYAI", "CSE_DISP": "Filed", "SRC": "LLD", "QLTY": "1; MIDPOINT, TYPICAL QUARTER SECTION WITH 4 STANDARD LEGALS ATTRIBUTED, aliquot", "CSE_META": "OR 33 0330S 0240E 014 A NESE | OR 33 0330S 0240E 014 A NWSE | OR 33 0330S 0240E 014 A SESE | OR 33 0330S 0240E 014 A SWSE", "RCRD_ACRS": 20.66, "Created": 1750377600000, "Modified": 1774388182000, "Shape__Length": 0.03457150671120611, "Shape__Area": 7.303248719710352e-05}}, {"type": "Feature", "id": 561469, "geometry": {"type": "Polygon", "coordinates": [[[-119.86239570251199, 42.709821746760475], [-119.85991654410019, 42.70982985498586], [-119.8549582052766, 42.709846130436524], [-119.8549396488864, 42.71352275972094], [-119.85492109349636, 42.71719938800525], [-119.85986280831753, 42.71718485955601], [-119.86233365372807, 42.71717761033139], [-119.86480450013858, 42.7171703301068], [-119.86482208983475, 42.71533115396392], [-119.86483967953103, 42.713491954820974], [-119.86487485992367, 42.70981355653509], [-119.86239570251199, 42.709821746760475]]]}, "properties": {"OBJECTID": 561469, "ID": "1385633781880311808", "CSE_NAME": "Kings Ransom #2", "STAGE_ID": "1385633775744135168", "BLM_PROD": "LODE CLAIM", "CSE_TYPE_NR": "384101", "CSE_NR": "OR106737575", "LEG_CSE_NR": null, "SF_ID": "a02SJ000009j2F1YAI", "CSE_DISP": "Filed", "SRC": "LLD", "QLTY": "1; MIDPOINT, FULLY ATTRIBUTED QUARTER SECTION ALL BUCKETS ARE EQUAL, aliquot", "CSE_META": "OR 33 0330S 0240E 014 A NENW | OR 33 0330S 0240E 014 A SENW | OR 33 0330S 0240E 014 A SWNW | OR 33 0330S 0240E 014 A NENWNW | OR 33 0330S 0240E 014 A NWNWNW | OR 33 0330S 0240E 014 A SWNWNW | OR 33 0330S 0240E 014 A SENWNW", "RCRD_ACRS": 20.66, "Created": 1750377600000, "Modified": 1752184921000, "Shape__Length": 0.034510614329343416, "Shape__Area": 7.281308856130402e-05}}, {"type": "Feature", "id": 561474, "geometry": {"type": "Polygon", "coordinates": [[[-119.84007555058245, 42.70256456222522], [-119.83510570976, 42.70260188567844], [-119.83511257837401, 42.70628081896102], [-119.83511602068106, 42.708120298102315], [-119.83511944798816, 42.709959753243545], [-119.84008048780858, 42.70991879779076], [-119.84504155062888, 42.70987784233791], [-119.84504345901675, 42.70620254105499], [-119.84504539140481, 42.70252723877201], [-119.84007555058245, 42.70256456222522]]]}, "properties": {"OBJECTID": 561474, "ID": "1385664803242082304", "CSE_NAME": "Sungem #14", "STAGE_ID": "1385664800629141504", "BLM_PROD": "LODE CLAIM", "CSE_TYPE_NR": "384101", "CSE_NR": "OR106737589", "LEG_CSE_NR": null, "SF_ID": "a02SJ000009j2FFYAY", "CSE_DISP": "Filed", "SRC": "LLD", "QLTY": "1; MIDPOINT, TYPICAL QUARTER SECTION WITH 4 STANDARD LEGALS ATTRIBUTED, aliquot", "CSE_META": "OR 33 0330S 0240E 013 A NESW | OR 33 0330S 0240E 013 A NWSW | OR 33 0330S 0240E 013 A SESW | OR 33 0330S 0240E 013 A SWSW", "RCRD_ACRS": 20.66, "Created": 1750377600000, "Modified": 1769184789000, "Shape__Length": 0.034570883205899364, "Shape__Area": 7.303443328427652e-05}}, {"type": "Feature", "id": 561478, "geometry": {"type": "Polygon", "coordinates": [[[-119.86239570251199, 42.709821746760475], [-119.85991654410019, 42.70982985498586], [-119.8549582052766, 42.709846130436524], [-119.8549396488864, 42.71352275972094], [-119.85492109349636, 42.71719938800525], [-119.85986280831753, 42.71718485955601], [-119.86233365372807, 42.71717761033139], [-119.86480450013858, 42.7171703301068], [-119.86482208983475, 42.71533115396392], [-119.86483967953103, 42.713491954820974], [-119.86487485992367, 42.70981355653509], [-119.86239570251199, 42.709821746760475]]]}, "properties": {"OBJECTID": 561478, "ID": "1385632023275782144", "CSE_NAME": "Kings Ransom #1", "STAGE_ID": "1385632020851535872", "BLM_PROD": "LODE CLAIM", "CSE_TYPE_NR": "384101", "CSE_NR": "OR106737574", "LEG_CSE_NR": null, "SF_ID": "a02SJ000009j2F0YAI", "CSE_DISP": "Filed", "SRC": "LLD", "QLTY": "1; MIDPOINT, FULLY ATTRIBUTED QUARTER SECTION ALL BUCKETS ARE EQUAL, aliquot", "CSE_META": "OR 33 0330S 0240E 014 A NENW | OR 33 0330S 0240E 014 A SENW | OR 33 0330S 0240E 014 A SWNW | OR 33 0330S 0240E 014 A NENWNW | OR 33 0330S 0240E 014 A NWNWNW | OR 33 0330S 0240E 014 A SWNWNW | OR 33 0330S 0240E 014 A SENWNW", "RCRD_ACRS": 20.66, "Created": 1750377600000, "Modified": 1752184921000, "Shape__Length": 0.034510614329343416, "Shape__Area": 7.281308856130402e-05}}, {"type": "Feature", "id": 561479, "geometry": {"type": "Polygon", "coordinates": [[[-119.86239570251199, 42.709821746760475], [-119.85991654410019, 42.70982985498586], [-119.8549582052766, 42.709846130436524], [-119.8549396488864, 42.71352275972094], [-119.85492109349636, 42.71719938800525], [-119.85986280831753, 42.71718485955601], [-119.86233365372807, 42.71717761033139], [-119.86480450013858, 42.7171703301068], [-119.86482208983475, 42.71533115396392], [-119.86483967953103, 42.713491954820974], [-119.86487485992367, 42.70981355653509], [-119.86239570251199, 42.709821746760475]]]}, "properties": {"OBJECTID": 561479, "ID": "1385637105077772288", "CSE_NAME": "Kings Ransom #3", "STAGE_ID": "1385637102884102144", "BLM_PROD": "LODE CLAIM", "CSE_TYPE_NR": "384101", "CSE_NR": "OR106737576", "LEG_CSE_NR": null, "SF_ID": "a02SJ000009j2F2YAI", "CSE_DISP": "Filed", "SRC": "LLD", "QLTY": "1; MIDPOINT, FULLY ATTRIBUTED QUARTER SECTION ALL BUCKETS ARE EQUAL, aliquot", "CSE_META": "OR 33 0330S 0240E 014 A NENW | OR 33 0330S 0240E 014 A SENW | OR 33 0330S 0240E 014 A SWNW | OR 33 0330S 0240E 014 A NENWNW | OR 33 0330S 0240E 014 A NWNWNW | OR 33 0330S 0240E 014 A SWNWNW | OR 33 0330S 0240E 014 A SENWNW", "RCRD_ACRS": 20.66, "Created": 1750377600000, "Modified": 1752184922000, "Shape__Length": 0.034510614329343416, "Shape__Area": 7.281308856130402e-05}}, {"type": "Feature", "id": 561486, "geometry": {"type": "Polygon", "coordinates": [[[-119.8499998664528, 42.70986198688722], [-119.84504155062888, 42.70987784233791], [-119.84503964224119, 42.71355314462082], [-119.8450386875474, 42.71539078376222], [-119.84503773385367, 42.717228422903595], [-119.84750857926441, 42.71722118267905], [-119.84997942467508, 42.71721389445447], [-119.85492109349636, 42.71719938800525], [-119.8549396488864, 42.71352275972094], [-119.8549582052766, 42.709846130436524], [-119.8499998664528, 42.70986198688722]]]}, "properties": {"OBJECTID": 561486, "ID": "1385668535140900864", "CSE_NAME": "Sungem #35", "STAGE_ID": "1385668532611743744", "BLM_PROD": "LODE CLAIM", "CSE_TYPE_NR": "384101", "CSE_NR": "OR106737590", "LEG_CSE_NR": null, "SF_ID": "a02SJ000009j2FGYAY", "CSE_DISP": "Filed", "SRC": "LLD", "QLTY": "1; MIDPOINT, FULLY ATTRIBUTED QUARTER SECTION ALL BUCKETS ARE EQUAL, aliquot", "CSE_META": "OR 33 0330S 0240E 014 A NWNE | OR 33 0330S 0240E 014 A SENE | OR 33 0330S 0240E 014 A SWNE | OR 33 0330S 0240E 014 A NENENE | OR 33 0330S 0240E 014 A NWNENE | OR 33 0330S 0240E 014 A SWNENE | OR 33 0330S 0240E 014 A SENENE", "RCRD_ACRS": 20.66, "Created": 1750377600000, "Modified": 1752184933000, "Shape__Length": 0.034504035996515955, "Shape__Area": 7.278341386870151e-05}}, {"type": "Feature", "id": 561487, "geometry": {"type": "Polygon", "coordinates": [[[-119.8499998664528, 42.70986198688722], [-119.84504155062888, 42.70987784233791], [-119.84503964224119, 42.71355314462082], [-119.8450386875474, 42.71539078376222], [-119.84503773385367, 42.717228422903595], [-119.84750857926441, 42.71722118267905], [-119.84997942467508, 42.71721389445447], [-119.85492109349636, 42.71719938800525], [-119.8549396488864, 42.71352275972094], [-119.8549582052766, 42.709846130436524], [-119.8499998664528, 42.70986198688722]]]}, "properties": {"OBJECTID": 561487, "ID": "1385669707662770176", "CSE_NAME": "Sungem #36", "STAGE_ID": "1385669705406296064", "BLM_PROD": "LODE CLAIM", "CSE_TYPE_NR": "384101", "CSE_NR": "OR106737591", "LEG_CSE_NR": null, "SF_ID": "a02SJ000009j2FHYAY", "CSE_DISP": "Filed", "SRC": "LLD", "QLTY": "1; MIDPOINT, FULLY ATTRIBUTED QUARTER SECTION ALL BUCKETS ARE EQUAL, aliquot", "CSE_META": "OR 33 0330S 0240E 014 A NWNE | OR 33 0330S 0240E 014 A SENE | OR 33 0330S 0240E 014 A SWNE | OR 33 0330S 0240E 014 A NENENE | OR 33 0330S 0240E 014 A NWNENE | OR 33 0330S 0240E 014 A SWNENE | OR 33 0330S 0240E 014 A SENENE", "RCRD_ACRS": 20.66, "Created": 1750377600000, "Modified": 1752184933000, "Shape__Length": 0.034504035996515955, "Shape__Area": 7.278341386870151e-05}}, {"type": "Feature", "id": 561502, "geometry": {"type": "Polygon", "coordinates": [[[-119.8499998664528, 42.70986198688722], [-119.84504155062888, 42.70987784233791], [-119.84503964224119, 42.71355314462082], [-119.8450386875474, 42.71539078376222], [-119.84503773385367, 42.717228422903595], [-119.84750857926441, 42.71722118267905], [-119.84997942467508, 42.71721389445447], [-119.85492109349636, 42.71719938800525], [-119.8549396488864, 42.71352275972094], [-119.8549582052766, 42.709846130436524], [-119.8499998664528, 42.70986198688722]]]}, "properties": {"OBJECTID": 561502, "ID": "1385649272409673728", "CSE_NAME": "Kings Ransom #5", "STAGE_ID": "1385649267653353472", "BLM_PROD": "LODE CLAIM", "CSE_TYPE_NR": "384101", "CSE_NR": "OR106737578", "LEG_CSE_NR": null, "SF_ID": "a02SJ000009j2F4YAI", "CSE_DISP": "Filed", "SRC": "LLD", "QLTY": "1; MIDPOINT, FULLY ATTRIBUTED QUARTER SECTION ALL BUCKETS ARE EQUAL, aliquot", "CSE_META": "OR 33 0330S 0240E 014 A NWNE | OR 33 0330S 0240E 014 A SENE | OR 33 0330S 0240E 014 A SWNE | OR 33 0330S 0240E 014 A NENENE | OR 33 0330S 0240E 014 A NWNENE | OR 33 0330S 0240E 014 A SWNENE | OR 33 0330S 0240E 014 A SENENE", "RCRD_ACRS": 20.66, "Created": 1750377600000, "Modified": 1752184924000, "Shape__Length": 0.034504035996515955, "Shape__Area": 7.278341386870151e-05}}, {"type": "Feature", "id": 561504, "geometry": {"type": "Polygon", "coordinates": [[[-119.84008048780858, 42.70991879779076], [-119.83511944798816, 42.709959753243545], [-119.83512631660352, 42.71364476452654], [-119.83513320921904, 42.717329751809416], [-119.84008547103639, 42.71727908735651], [-119.84503773385367, 42.717228422903595], [-119.8450386875474, 42.71539078376222], [-119.84503964224119, 42.71355314462082], [-119.84504155062888, 42.70987784233791], [-119.84008048780858, 42.70991879779076]]]}, "properties": {"OBJECTID": 561504, "ID": "1385662032250028032", "CSE_NAME": "Sungem #3", "STAGE_ID": "1385662030001831936", "BLM_PROD": "LODE CLAIM", "CSE_TYPE_NR": "384101", "CSE_NR": "OR106737587", "LEG_CSE_NR": null, "SF_ID": "a02SJ000009j2FDYAY", "CSE_DISP": "Active", "SRC": "LLD", "QLTY": "1; MIDPOINT, TYPICAL QUARTER SECTION WITH 4 STANDARD LEGALS ATTRIBUTED, aliquot", "CSE_META": "OR 33 0330S 0240E 013 A NENW | OR 33 0330S 0240E 013 A NWNW | OR 33 0330S 0240E 013 A SENW | OR 33 0330S 0240E 013 A SWNW", "RCRD_ACRS": 20.66, "Created": 1750377600000, "Modified": 1769539200000, "Shape__Length": 0.03454807223048267, "Shape__Area": 7.296534055750402e-05}}, {"type": "Feature", "id": 561515, "geometry": {"type": "Polygon", "coordinates": [[[-119.8499998664528, 42.70986198688722], [-119.84504155062888, 42.70987784233791], [-119.84503964224119, 42.71355314462082], [-119.8450386875474, 42.71539078376222], [-119.84503773385367, 42.717228422903595], [-119.84750857926441, 42.71722118267905], [-119.84997942467508, 42.71721389445447], [-119.85492109349636, 42.71719938800525], [-119.8549396488864, 42.71352275972094], [-119.8549582052766, 42.709846130436524], [-119.8499998664528, 42.70986198688722]]]}, "properties": {"OBJECTID": 561515, "ID": "1385660645130788864", "CSE_NAME": "Sungem #2", "STAGE_ID": "1385660642542886912", "BLM_PROD": "LODE CLAIM", "CSE_TYPE_NR": "384101", "CSE_NR": "OR106737586", "LEG_CSE_NR": null, "SF_ID": "a02SJ000009j2FCYAY", "CSE_DISP": "Filed", "SRC": "LLD", "QLTY": "1; MIDPOINT, FULLY ATTRIBUTED QUARTER SECTION ALL BUCKETS ARE EQUAL, aliquot", "CSE_META": "OR 33 0330S 0240E 014 A NWNE | OR 33 0330S 0240E 014 A SENE | OR 33 0330S 0240E 014 A SWNE | OR 33 0330S 0240E 014 A NENENE | OR 33 0330S 0240E 014 A NWNENE | OR 33 0330S 0240E 014 A SWNENE | OR 33 0330S 0240E 014 A SENENE", "RCRD_ACRS": 20.66, "Created": 1750377600000, "Modified": 1752184932000, "Shape__Length": 0.034504035996515955, "Shape__Area": 7.278341386870151e-05}}, {"type": "Feature", "id": 561525, "geometry": {"type": "Polygon", "coordinates": [[[-119.86239570251199, 42.709821746760475], [-119.85991654410019, 42.70982985498586], [-119.8549582052766, 42.709846130436524], [-119.8549396488864, 42.71352275972094], [-119.85492109349636, 42.71719938800525], [-119.85986280831753, 42.71718485955601], [-119.86233365372807, 42.71717761033139], [-119.86480450013858, 42.7171703301068], [-119.86482208983475, 42.71533115396392], [-119.86483967953103, 42.713491954820974], [-119.86487485992367, 42.70981355653509], [-119.86239570251199, 42.709821746760475]]]}, "properties": {"OBJECTID": 561525, "ID": "1385643539152711680", "CSE_NAME": "Lazy Jo", "STAGE_ID": "1385643535218343936", "BLM_PROD": "LODE CLAIM", "CSE_TYPE_NR": "384101", "CSE_NR": "OR106737579", "LEG_CSE_NR": null, "SF_ID": "a02SJ000009j2F5YAI", "CSE_DISP": "Filed", "SRC": "LLD", "QLTY": "1; MIDPOINT, FULLY ATTRIBUTED QUARTER SECTION ALL BUCKETS ARE EQUAL, aliquot", "CSE_META": "OR 33 0330S 0240E 014 A NENW | OR 33 0330S 0240E 014 A SENW | OR 33 0330S 0240E 014 A SWNW | OR 33 0330S 0240E 014 A NENWNW | OR 33 0330S 0240E 014 A NWNWNW | OR 33 0330S 0240E 014 A SWNWNW | OR 33 0330S 0240E 014 A SENWNW", "RCRD_ACRS": 20.66, "Created": 1750377600000, "Modified": 1752184927000, "Shape__Length": 0.034510614329343416, "Shape__Area": 7.281308856130402e-05}}, {"type": "Feature", "id": 561526, "geometry": {"type": "Polygon", "coordinates": [[[-119.86239570251199, 42.709821746760475], [-119.85991654410019, 42.70982985498586], [-119.8549582052766, 42.709846130436524], [-119.8549396488864, 42.71352275972094], [-119.85492109349636, 42.71719938800525], [-119.85986280831753, 42.71718485955601], [-119.86233365372807, 42.71717761033139], [-119.86480450013858, 42.7171703301068], [-119.86482208983475, 42.71533115396392], [-119.86483967953103, 42.713491954820974], [-119.86487485992367, 42.70981355653509], [-119.86239570251199, 42.709821746760475]]]}, "properties": {"OBJECTID": 561526, "ID": "1385649212695408640", "CSE_NAME": "Kings Ransom #4", "STAGE_ID": "1385649210074017792", "BLM_PROD": "LODE CLAIM", "CSE_TYPE_NR": "384101", "CSE_NR": "OR106737577", "LEG_CSE_NR": null, "SF_ID": "a02SJ000009j2F3YAI", "CSE_DISP": "Filed", "SRC": "LLD", "QLTY": "1; MIDPOINT, FULLY ATTRIBUTED QUARTER SECTION ALL BUCKETS ARE EQUAL, aliquot", "CSE_META": "OR 33 0330S 0240E 014 A NENW | OR 33 0330S 0240E 014 A SENW | OR 33 0330S 0240E 014 A SWNW | OR 33 0330S 0240E 014 A NENWNW | OR 33 0330S 0240E 014 A NWNWNW | OR 33 0330S 0240E 014 A SWNWNW | OR 33 0330S 0240E 014 A SENWNW", "RCRD_ACRS": 20.66, "Created": 1750377600000, "Modified": 1752184923000, "Shape__Length": 0.034510614329343416, "Shape__Area": 7.281308856130402e-05}}, {"type": "Feature", "id": 561528, "geometry": {"type": "Polygon", "coordinates": [[[-119.85002035423118, 42.70250961331982], [-119.84753288481798, 42.70251844854592], [-119.84504539140481, 42.70252723877201], [-119.84504345901675, 42.70620254105499], [-119.84504155062888, 42.70987784233791], [-119.8499998664528, 42.70986198688722], [-119.8549582052766, 42.709846130436524], [-119.85497676166692, 42.70616908215214], [-119.85499531705736, 42.70249201086768], [-119.85002035423118, 42.70250961331982]]]}, "properties": {"OBJECTID": 561528, "ID": "1385653518781739008", "CSE_NAME": "Rabbit Run #1", "STAGE_ID": "1385653516021891072", "BLM_PROD": "LODE CLAIM", "CSE_TYPE_NR": "384101", "CSE_NR": "OR106737582", "LEG_CSE_NR": null, "SF_ID": "a02SJ000009j2F8YAI", "CSE_DISP": "Filed", "SRC": "LLD", "QLTY": "1; MIDPOINT, TYPICAL QUARTER SECTION WITH 4 STANDARD LEGALS ATTRIBUTED, aliquot", "CSE_META": "OR 33 0330S 0240E 014 A NESE | OR 33 0330S 0240E 014 A NWSE | OR 33 0330S 0240E 014 A SESE | OR 33 0330S 0240E 014 A SWSE", "RCRD_ACRS": 20.66, "Created": 1750377600000, "Modified": 1755033628000, "Shape__Length": 0.03457150671120611, "Shape__Area": 7.303248719710352e-05}}, {"type": "Feature", "id": 561529, "geometry": {"type": "Polygon", "coordinates": [[[-119.85002035423118, 42.70250961331982], [-119.84753288481798, 42.70251844854592], [-119.84504539140481, 42.70252723877201], [-119.84504345901675, 42.70620254105499], [-119.84504155062888, 42.70987784233791], [-119.8499998664528, 42.70986198688722], [-119.8549582052766, 42.709846130436524], [-119.85497676166692, 42.70616908215214], [-119.85499531705736, 42.70249201086768], [-119.85002035423118, 42.70250961331982]]]}, "properties": {"OBJECTID": 561529, "ID": "1385655148554108928", "CSE_NAME": "Rabbit Run #2", "STAGE_ID": "1385655145584558080", "BLM_PROD": "LODE CLAIM", "CSE_TYPE_NR": "384101", "CSE_NR": "OR106737583", "LEG_CSE_NR": null, "SF_ID": "a02SJ000009j2F9YAI", "CSE_DISP": "Filed", "SRC": "LLD", "QLTY": "1; MIDPOINT, TYPICAL QUARTER SECTION WITH 4 STANDARD LEGALS ATTRIBUTED, aliquot", "CSE_META": "OR 33 0330S 0240E 014 A NESE | OR 33 0330S 0240E 014 A NWSE | OR 33 0330S 0240E 014 A SESE | OR 33 0330S 0240E 014 A SWSE", "RCRD_ACRS": 20.66, "Created": 1750377600000, "Modified": 1752184930000, "Shape__Length": 0.03457150671120611, "Shape__Area": 7.303248719710352e-05}}, {"type": "Feature", "id": 561535, "geometry": {"type": "Polygon", "coordinates": [[[-119.84007555058245, 42.70256456222522], [-119.83510570976, 42.70260188567844], [-119.83013586893739, 42.70263923213162], [-119.82516600511465, 42.7026765555848], [-119.82519073173214, 42.70635860886611], [-119.82521545934974, 42.71004066314742], [-119.82521875665823, 42.71188826728937], [-119.82522204896671, 42.71373587143129], [-119.82522863858387, 42.71743110371519], [-119.8301809244015, 42.71738041626233], [-119.83513320921904, 42.717329751809416], [-119.84008547103639, 42.71727908735651], [-119.84503773385367, 42.717228422903595], [-119.8450386875474, 42.71539078376222], [-119.84503964224119, 42.71355314462082], [-119.84504155062888, 42.70987784233791], [-119.84504345901675, 42.70620254105499], [-119.84504539140481, 42.70252723877201], [-119.84007555058245, 42.70256456222522]]]}, "properties": {"OBJECTID": 561535, "ID": "1385663109674422272", "CSE_NAME": "Sungem #4", "STAGE_ID": "1385663107409580032", "BLM_PROD": "LODE CLAIM", "CSE_TYPE_NR": "384101", "CSE_NR": "OR106737588", "LEG_CSE_NR": null, "SF_ID": "a02SJ000009j2FEYAY", "CSE_DISP": "Active", "SRC": "LLD/CLS", "QLTY": "0; ONLY SECTION IN LLD", "CSE_META": "OR 33 0330S 0240E 013 E NWNW", "RCRD_ACRS": 20.66, "Created": 1750377600000, "Modified": 1782770280000, "Shape__Length": 0.06914598237915866, "Shape__Area": 0.00029213362199132306}}, {"type": "Feature", "id": 561545, "geometry": {"type": "Polygon", "coordinates": [[[-119.85002035423118, 42.70250961331982], [-119.84753288481798, 42.70251844854592], [-119.84504539140481, 42.70252723877201], [-119.84504345901675, 42.70620254105499], [-119.84504155062888, 42.70987784233791], [-119.8499998664528, 42.70986198688722], [-119.8549582052766, 42.709846130436524], [-119.85497676166692, 42.70616908215214], [-119.85499531705736, 42.70249201086768], [-119.85002035423118, 42.70250961331982]]]}, "properties": {"OBJECTID": 561545, "ID": "1385671345932754944", "CSE_NAME": "Sungem #37", "STAGE_ID": "1385671343097348096", "BLM_PROD": "LODE CLAIM", "CSE_TYPE_NR": "384101", "CSE_NR": "OR106737592", "LEG_CSE_NR": null, "SF_ID": "a02SJ000009j2FIYAY", "CSE_DISP": "Filed", "SRC": "LLD", "QLTY": "1; MIDPOINT, TYPICAL QUARTER SECTION WITH 4 STANDARD LEGALS ATTRIBUTED, aliquot", "CSE_META": "OR 33 0330S 0240E 014 A NESE | OR 33 0330S 0240E 014 A NWSE | OR 33 0330S 0240E 014 A SESE | OR 33 0330S 0240E 014 A SWSE", "RCRD_ACRS": 20.66, "Created": 1750377600000, "Modified": 1752184933000, "Shape__Length": 0.03457150671120611, "Shape__Area": 7.303248719710352e-05}}, {"type": "Feature", "id": 561549, "geometry": {"type": "Polygon", "coordinates": [[[-119.85997025688343, 42.702474408415455], [-119.85499531705736, 42.70249201086768], [-119.85497676166692, 42.70616908215214], [-119.8549582052766, 42.709846130436524], [-119.85991654410019, 42.70982985498586], [-119.86239570251199, 42.709821746760475], [-119.86487485992367, 42.70981355653509], [-119.86489244962009, 42.70797438039216], [-119.86491004031646, 42.70613518124918], [-119.86494519670943, 42.702456782963246], [-119.85997025688343, 42.702474408415455]]]}, "properties": {"OBJECTID": 561549, "ID": "1385672834801627136", "CSE_NAME": "Surprise #1", "STAGE_ID": "1385672833019052032", "BLM_PROD": "LODE CLAIM", "CSE_TYPE_NR": "384101", "CSE_NR": "OR106737593", "LEG_CSE_NR": null, "SF_ID": "a02SJ000009j2FJYAY", "CSE_DISP": "Filed", "SRC": "LLD", "QLTY": "1; MIDPOINT, FULLY ATTRIBUTED QUARTER SECTION ALL BUCKETS ARE EQUAL, aliquot", "CSE_META": "OR 33 0330S 0240E 014 A NESW | OR 33 0330S 0240E 014 A SESW | OR 33 0330S 0240E 014 A SWSW | OR 33 0330S 0240E 014 A NENWSW | OR 33 0330S 0240E 014 A NWNWSW | OR 33 0330S 0240E 014 A SWNWSW | OR 33 0330S 0240E 014 A SENWSW", "RCRD_ACRS": 20.66, "Created": 1750377600000, "Modified": 1752184933000, "Shape__Length": 0.03457796874445842, "Shape__Area": 7.306192011609502e-05}}, {"type": "Feature", "id": 563518, "geometry": {"type": "Polygon", "coordinates": [[[-119.84007555058245, 42.70256456222522], [-119.83510570976, 42.70260188567844], [-119.83013586893739, 42.70263923213162], [-119.82516600511465, 42.7026765555848], [-119.82010966727452, 42.70269643904444], [-119.81514294644909, 42.702715974495916], [-119.81017608562331, 42.70273415894728], [-119.80520924879735, 42.70275236639869], [-119.80522256741308, 42.70643586368143], [-119.805235886029, 42.71011936196412], [-119.80524906464505, 42.71380283524675], [-119.80526226726121, 42.71748633352943], [-119.80775308967591, 42.71748003530314], [-119.81024391209061, 42.717473713076885], [-119.81522555791987, 42.7174610936243], [-119.82020717974859, 42.71744588917151], [-119.82522863858387, 42.71743110371519], [-119.8301809244015, 42.71738041626233], [-119.83513320921904, 42.717329751809416], [-119.84008547103639, 42.71727908735651], [-119.84503773385367, 42.717228422903595], [-119.8450386875474, 42.71539078376222], [-119.84503964224119, 42.71355314462082], [-119.84504155062888, 42.70987784233791], [-119.84504345901675, 42.70620254105499], [-119.84504539140481, 42.70252723877201], [-119.84007555058245, 42.70256456222522]]]}, "properties": {"OBJECTID": 563518, "ID": "1394778422651244544", "CSE_NAME": "TREASURE CHEST #9", "STAGE_ID": "1394778419966959616", "BLM_PROD": "LODE CLAIM", "CSE_TYPE_NR": "384101", "CSE_NR": "OR106741097", "LEG_CSE_NR": null, "SF_ID": "a02SJ00000ALDuAYAX", "CSE_DISP": "Active", "SRC": "LLD/CLS", "QLTY": "0; ONLY SECTION IN LLD; ONLY SECTION IN LLD", "CSE_META": "OR 33 0330S 0240E 013 E SENE | OR 33 0330S 0250E 018 E SWNW", "RCRD_ACRS": 1282.04, "Created": 1752537600000, "Modified": 1777995032000, "Shape__Length": 0.10904866106918679, "Shape__Area": 0.0005865976018749651}}, {"type": "Feature", "id": 568179, "geometry": {"type": "Polygon", "coordinates": [[[-119.82010966727452, 42.70269643904444], [-119.81514294644909, 42.702715974495916], [-119.81017608562331, 42.70273415894728], [-119.80520924879735, 42.70275236639869], [-119.80522256741308, 42.70643586368143], [-119.805235886029, 42.71011936196412], [-119.80524906464505, 42.71380283524675], [-119.80526226726121, 42.71748633352943], [-119.80775308967591, 42.71748003530314], [-119.81024391209061, 42.717473713076885], [-119.81522555791987, 42.7174610936243], [-119.82020717974859, 42.71744588917151], [-119.82522863858387, 42.71743110371519], [-119.82522204896671, 42.71373587143129], [-119.82521875665823, 42.71188826728937], [-119.82521545934974, 42.71004066314742], [-119.82519073173214, 42.70635860886611], [-119.82516600511465, 42.7026765555848], [-119.82010966727452, 42.70269643904444]]]}, "properties": {"OBJECTID": 568179, "ID": "1410722002695806976", "CSE_NAME": "Vault 88", "STAGE_ID": "1410412877336145920", "BLM_PROD": "LODE CLAIM", "CSE_TYPE_NR": "384101", "CSE_NR": "OR106747227", "LEG_CSE_NR": null, "SF_ID": "a02SJ00000Bl6YHYAZ", "CSE_DISP": "Active", "SRC": "LLD/CLS", "QLTY": "0; ONLY SECTION IN LLD", "CSE_META": "OR 33 0330S 0250E 018 E NESW", "RCRD_ACRS": 20.66115702, "Created": 1756339200000, "Modified": 1778694205000, "Shape__Length": 0.06941212828133948, "Shape__Area": 0.00029446397988364207}}, {"type": "Feature", "id": 569502, "geometry": {"type": "Polygon", "coordinates": [[[-119.805163594474, 42.724858218106206], [-119.80513892677733, 42.72670111925043], [-119.80511425808066, 42.72854402039457], [-119.80506492168745, 42.73222982268288], [-119.81003515851705, 42.73222928623207], [-119.81500539534653, 42.732228727781205], [-119.81506045873952, 42.72853635949198], [-119.81511549913272, 42.72484401420276], [-119.81013955830342, 42.72485111565451], [-119.80765157688876, 42.724854699880396], [-119.805163594474, 42.724858218106206]]]}, "properties": {"OBJECTID": 569502, "ID": "1413546864359378944", "CSE_NAME": "MISHA #1", "STAGE_ID": "1411789285862019072", "BLM_PROD": "LODE CLAIM", "CSE_TYPE_NR": "384101", "CSE_NR": "OR106747504", "LEG_CSE_NR": null, "SF_ID": "a02SJ00000BrpvhYAB", "CSE_DISP": "Filed", "SRC": "LLD/CLS", "QLTY": "1; SIMPLE, FULLY ATTRIBUTED QUARTER SECTION ALL BUCKETS ARE EQUAL, DOES NOT MATCH PM ANGLES, aliquot", "CSE_META": "OR 33 0330S 0250E 007 NE", "RCRD_ACRS": 20.66115702, "Created": 1757030400000, "Modified": 1777415844000, "Shape__Length": 0.03465018335504566, "Shape__Area": 7.338376530391301e-05}}, {"type": "Feature", "id": 570307, "geometry": {"type": "Polygon", "coordinates": [[[-119.81518418268283, 42.7100806180596], [-119.82016666551085, 42.71006075660653], [-119.8201692045113, 42.710060872606284], [-119.82521545934974, 42.71004066314742], [-119.82519073173214, 42.70635860886611], [-119.82516600511465, 42.7026765555848], [-119.82010966727452, 42.70269643904444], [-119.81514294644909, 42.702715974495916], [-119.81516355306587, 42.70639828477776], [-119.81518418268283, 42.7100806180596]]]}, "properties": {"OBJECTID": 570307, "ID": "1415722009912053760", "CSE_NAME": "Vault 101", "STAGE_ID": "1414492003151990784", "BLM_PROD": "LODE CLAIM", "CSE_TYPE_NR": "384101", "CSE_NR": "OR106748771", "LEG_CSE_NR": null, "SF_ID": "a02SJ00000C57LJYAZ", "CSE_DISP": "Active", "SRC": "LLD/CLS", "QLTY": "1; SIMPLE, TYPICAL QUARTER SECTION WITH 4 STANDARD LEGALS ATTRIBUTED, aliquot", "CSE_META": "OR 33 0330S 0250E 018 SW", "RCRD_ACRS": 20.66115702, "Created": 1757548800000, "Modified": 1786117500000, "Shape__Length": 0.03478352369298199, "Shape__Area": 7.384589934351801e-05}}, {"type": "Feature", "id": 570341, "geometry": {"type": "Polygon", "coordinates": [[[-119.81518418268283, 42.7100806180596], [-119.82016666551085, 42.71006075660653], [-119.8201692045113, 42.710060872606284], [-119.82521545934974, 42.71004066314742], [-119.82519073173214, 42.70635860886611], [-119.82516600511465, 42.7026765555848], [-119.82010966727452, 42.70269643904444], [-119.81514294644909, 42.702715974495916], [-119.81516355306587, 42.70639828477776], [-119.81518418268283, 42.7100806180596]]]}, "properties": {"OBJECTID": 570341, "ID": "1415722005508034560", "CSE_NAME": "Vault 33", "STAGE_ID": "1414490199949398016", "BLM_PROD": "LODE CLAIM", "CSE_TYPE_NR": "384101", "CSE_NR": "OR106748769", "LEG_CSE_NR": null, "SF_ID": "a02SJ00000C56yjYAB", "CSE_DISP": "Active", "SRC": "LLD/CLS", "QLTY": "1; SIMPLE, TYPICAL QUARTER SECTION WITH 4 STANDARD LEGALS ATTRIBUTED, aliquot", "CSE_META": "OR 33 0330S 0250E 018 SW", "RCRD_ACRS": 20.66115702, "Created": 1757548800000, "Modified": 1786119860000, "Shape__Length": 0.03478352369298199, "Shape__Area": 7.384589934351801e-05}}, {"type": "Feature", "id": 570420, "geometry": {"type": "Polygon", "coordinates": [[[-119.81017608562331, 42.70273415894728], [-119.80520924879735, 42.70275236639869], [-119.80522256741308, 42.70643586368143], [-119.805235886029, 42.71011936196412], [-119.81021003385592, 42.71009998951186], [-119.81518418268283, 42.7100806180596], [-119.81516355306587, 42.70639828477776], [-119.81514294644909, 42.702715974495916], [-119.81017608562331, 42.70273415894728]]]}, "properties": {"OBJECTID": 570420, "ID": "1415722007806513152", "CSE_NAME": "GOODNEIGHBOR", "STAGE_ID": "1414490967762882560", "BLM_PROD": "LODE CLAIM", "CSE_TYPE_NR": "384101", "CSE_NR": "OR106748770", "LEG_CSE_NR": null, "SF_ID": "a02SJ00000C4yejYAB", "CSE_DISP": "Active", "SRC": "LLD/CLS", "QLTY": "1; SIMPLE, TYPICAL QUARTER SECTION WITH 4 STANDARD LEGALS ATTRIBUTED, aliquot", "CSE_META": "OR 33 0330S 0250E 018 SE", "RCRD_ACRS": 20.66115702, "Created": 1757548800000, "Modified": 1786118880000, "Shape__Length": 0.034613934687537366, "Shape__Area": 7.322486111182651e-05}}, {"type": "Feature", "id": 570556, "geometry": {"type": "Polygon", "coordinates": [[[-119.81518418268283, 42.7100806180596], [-119.82016666551085, 42.71006075660653], [-119.8201692045113, 42.710060872606284], [-119.82521545934974, 42.71004066314742], [-119.82519073173214, 42.70635860886611], [-119.82516600511465, 42.7026765555848], [-119.82010966727452, 42.70269643904444], [-119.81514294644909, 42.702715974495916], [-119.81516355306587, 42.70639828477776], [-119.81518418268283, 42.7100806180596]]]}, "properties": {"OBJECTID": 570556, "ID": "1415722003167612928", "CSE_NAME": "Vault 111", "STAGE_ID": "1414487876011380736", "BLM_PROD": "LODE CLAIM", "CSE_TYPE_NR": "384101", "CSE_NR": "OR106748768", "LEG_CSE_NR": null, "SF_ID": "a02SJ00000C56kDYAR", "CSE_DISP": "Active", "SRC": "LLD/CLS", "QLTY": "1; SIMPLE, TYPICAL QUARTER SECTION WITH 4 STANDARD LEGALS ATTRIBUTED, aliquot", "CSE_META": "OR 33 0330S 0250E 018 SW", "RCRD_ACRS": 20.66115702, "Created": 1757548800000, "Modified": 1786119789000, "Shape__Length": 0.03478352369298199, "Shape__Area": 7.384589934351801e-05}}, {"type": "Feature", "id": 576718, "geometry": {"type": "Polygon", "coordinates": [[[-119.83508021414305, 42.6989229743975], [-119.83505469552622, 42.69524406411649], [-119.83008629770342, 42.695278243569184], [-119.82511787788042, 42.69531242402184], [-119.82514192949749, 42.698994478303355], [-119.82516600511465, 42.7026765555848], [-119.83013586893739, 42.70263923213162], [-119.83510570976, 42.70260188567844], [-119.83508021414305, 42.6989229743975]]]}, "properties": {"OBJECTID": 576718, "ID": "1269066666403344384", "CSE_NAME": "Solomon's Quarry", "STAGE_ID": "1269066666046828544", "BLM_PROD": "LODE CLAIM", "CSE_TYPE_NR": "384101", "CSE_NR": "OR106385400", "LEG_CSE_NR": "", "SF_ID": "a02SJ000000TSs9YAG", "CSE_DISP": "Active", "SRC": "LLD", "QLTY": "1; OR330330S0240E0SN130NENWSE; OR330330S0240E0SN130ANESE; OR330330S0240E0SN130NWNWSE; OR330330S0240E0SN130SENWSE; OR330330S0240E0SN130ASESE; OR330330S0240E0SN130SWNWSE; OR330330S0240E0SN130ASWSE; MIDPOINT, TYPICAL QUARTER SECTION WITH 4 STANDARD LEGALS AT", "CSE_META": "OR 33 0330S 0240E 013 NENWSE | OR 33 0330S 0240E 013 NESE | OR 33 0330S 0240E 013 NWNWSE | OR 33 0330S 0240E 013 SENWSE | OR 33 0330S 0240E 013 SESE | OR 33 0330S 0240E 013 SWNWSE | OR 33 0330S 0240E 013 SWSE | OR 33 0330S 0240E 024 A NE", "RCRD_ACRS": 20.66, "Created": 1722556800000, "Modified": 1763062628000, "Shape__Length": 0.03459932068407208, "Shape__Area": 7.315898049364902e-05}}, {"type": "Feature", "id": 578387, "geometry": {"type": "Polygon", "coordinates": [[[-119.84007555058245, 42.70256456222522], [-119.83510570976, 42.70260188567844], [-119.83013586893739, 42.70263923213162], [-119.82516600511465, 42.7026765555848], [-119.82519073173214, 42.70635860886611], [-119.82521545934974, 42.71004066314742], [-119.82521875665823, 42.71188826728937], [-119.82522204896671, 42.71373587143129], [-119.82522863858387, 42.71743110371519], [-119.8301809244015, 42.71738041626233], [-119.83513320921904, 42.717329751809416], [-119.84008547103639, 42.71727908735651], [-119.84503773385367, 42.717228422903595], [-119.8450386875474, 42.71539078376222], [-119.84503964224119, 42.71355314462082], [-119.84504155062888, 42.70987784233791], [-119.84504345901675, 42.70620254105499], [-119.84504539140481, 42.70252723877201], [-119.84007555058245, 42.70256456222522]]]}, "properties": {"OBJECTID": 578387, "ID": "1442584054925914112", "CSE_NAME": "KM-14", "STAGE_ID": "1442584053298626560", "BLM_PROD": "LODE CLAIM", "CSE_TYPE_NR": "384101", "CSE_NR": "OR106761076", "LEG_CSE_NR": null, "SF_ID": "a02SJ00000EO9bZYAT", "CSE_DISP": "Active", "SRC": "LLD/CLS", "QLTY": "0; ONLY SECTION IN LLD", "CSE_META": "OR 33 0330S 0240E 013 E SENW", "RCRD_ACRS": 20.66, "Created": 1763942400000, "Modified": 1779387660000, "Shape__Length": 0.06914598237915866, "Shape__Area": 0.00029213362199132306}}, {"type": "Feature", "id": 583334, "geometry": {"type": "Polygon", "coordinates": [[[-119.82521545934974, 42.71004066314742], [-119.82521875665823, 42.71188826728937], [-119.82522204896671, 42.71373587143129], [-119.82522863858387, 42.71743110371519], [-119.8301809244015, 42.71738041626233], [-119.83513320921904, 42.717329751809416], [-119.83512631660352, 42.71364476452654], [-119.83511944798816, 42.709959753243545], [-119.83264347957864, 42.709980014469515], [-119.83016744216903, 42.71000019669547], [-119.82769147375943, 42.710020473921475], [-119.82521545934974, 42.71004066314742]]]}, "properties": {"OBJECTID": 583334, "ID": "1450860171478888448", "CSE_NAME": "Joker", "STAGE_ID": "1450860167179599872", "BLM_PROD": "LODE CLAIM", "CSE_TYPE_NR": "384101", "CSE_NR": "OR106766112", "LEG_CSE_NR": null, "SF_ID": "a02SJ00000En8pCYAR", "CSE_DISP": "Active", "SRC": "LLD/CLS", "QLTY": "1; MIDPOINT, FULLY ATTRIBUTED QUARTER SECTION ALL BUCKETS ARE EQUAL, aliquot", "CSE_META": "OR 33 0330S 0240E 013 NE", "RCRD_ACRS": 20.66, "Created": 1765929600000, "Modified": 1787009640000, "Shape__Length": 0.034569867612762706, "Shape__Area": 7.309671168474052e-05}}, {"type": "Feature", "id": 589447, "geometry": {"type": "Polygon", "coordinates": [[[-119.84007555058245, 42.70256456222522], [-119.83510570976, 42.70260188567844], [-119.83013586893739, 42.70263923213162], [-119.82516600511465, 42.7026765555848], [-119.82519073173214, 42.70635860886611], [-119.82521545934974, 42.71004066314742], [-119.82521875665823, 42.71188826728937], [-119.82522204896671, 42.71373587143129], [-119.82522863858387, 42.71743110371519], [-119.8301809244015, 42.71738041626233], [-119.83513320921904, 42.717329751809416], [-119.84008547103639, 42.71727908735651], [-119.84503773385367, 42.717228422903595], [-119.8450386875474, 42.71539078376222], [-119.84503964224119, 42.71355314462082], [-119.84504155062888, 42.70987784233791], [-119.84504345901675, 42.70620254105499], [-119.84504539140481, 42.70252723877201], [-119.84007555058245, 42.70256456222522]]]}, "properties": {"OBJECTID": 589447, "ID": "1464034734236631040", "CSE_NAME": "KM-33", "STAGE_ID": "1464034731359313920", "BLM_PROD": "LODE CLAIM", "CSE_TYPE_NR": "384101", "CSE_NR": "OR106771445", "LEG_CSE_NR": null, "SF_ID": "a02SJ00000Fcn5VYAR", "CSE_DISP": "Active", "SRC": "LLD/CLS", "QLTY": "0; ONLY SECTION IN LLD", "CSE_META": "OR 33 0330S 0240E 013 E NESW", "RCRD_ACRS": 20.66, "Created": 1769040000000, "Modified": 1779991250000, "Shape__Length": 0.06914598237915866, "Shape__Area": 0.00029213362199132306}}, {"type": "Feature", "id": 593123, "geometry": {"type": "Polygon", "coordinates": [[[-119.84007555058245, 42.70256456222522], [-119.83510570976, 42.70260188567844], [-119.83013586893739, 42.70263923213162], [-119.82516600511465, 42.7026765555848], [-119.82519073173214, 42.70635860886611], [-119.82521545934974, 42.71004066314742], [-119.82521875665823, 42.71188826728937], [-119.82522204896671, 42.71373587143129], [-119.82522863858387, 42.71743110371519], [-119.8301809244015, 42.71738041626233], [-119.83513320921904, 42.717329751809416], [-119.84008547103639, 42.71727908735651], [-119.84503773385367, 42.717228422903595], [-119.8450386875474, 42.71539078376222], [-119.84503964224119, 42.71355314462082], [-119.84504155062888, 42.70987784233791], [-119.84504345901675, 42.70620254105499], [-119.84504539140481, 42.70252723877201], [-119.84007555058245, 42.70256456222522]]]}, "properties": {"OBJECTID": 593123, "ID": "1469111803656179712", "CSE_NAME": "Blue Boys Toys", "STAGE_ID": "1469111800032296960", "BLM_PROD": "LODE CLAIM", "CSE_TYPE_NR": "384101", "CSE_NR": "OR106779546", "LEG_CSE_NR": null, "SF_ID": "a02SJ00000GHPDmYAP", "CSE_DISP": "Active", "SRC": "LLD/CLS", "QLTY": "0; ONLY SECTION IN LLD", "CSE_META": "OR 33 0330S 0240E 013 E NWSW", "RCRD_ACRS": 3.14, "Created": 1770249600000, "Modified": 1780690738000, "Shape__Length": 0.06914598237915866, "Shape__Area": 0.00029213362199132306}}, {"type": "Feature", "id": 593125, "geometry": {"type": "Polygon", "coordinates": [[[-119.84007555058245, 42.70256456222522], [-119.83510570976, 42.70260188567844], [-119.83013586893739, 42.70263923213162], [-119.82516600511465, 42.7026765555848], [-119.82519073173214, 42.70635860886611], [-119.82521545934974, 42.71004066314742], [-119.82521875665823, 42.71188826728937], [-119.82522204896671, 42.71373587143129], [-119.82522863858387, 42.71743110371519], [-119.8301809244015, 42.71738041626233], [-119.83513320921904, 42.717329751809416], [-119.84008547103639, 42.71727908735651], [-119.84503773385367, 42.717228422903595], [-119.8450386875474, 42.71539078376222], [-119.84503964224119, 42.71355314462082], [-119.84504155062888, 42.70987784233791], [-119.84504345901675, 42.70620254105499], [-119.84504539140481, 42.70252723877201], [-119.84007555058245, 42.70256456222522]]]}, "properties": {"OBJECTID": 593125, "ID": "1469114263535783936", "CSE_NAME": "Baby Snakes", "STAGE_ID": "1469114257047191552", "BLM_PROD": "LODE CLAIM", "CSE_TYPE_NR": "384101", "CSE_NR": "OR106779547", "LEG_CSE_NR": null, "SF_ID": "a02SJ00000GHPDnYAP", "CSE_DISP": "Active", "SRC": "LLD/CLS", "QLTY": "0; ONLY SECTION IN LLD", "CSE_META": "OR 33 0330S 0240E 013 E NWSE", "RCRD_ACRS": 8.7, "Created": 1770249600000, "Modified": 1780690740000, "Shape__Length": 0.06914598237915866, "Shape__Area": 0.00029213362199132306}}, {"type": "Feature", "id": 593155, "geometry": {"type": "Polygon", "coordinates": [[[-119.84007555058245, 42.70256456222522], [-119.83510570976, 42.70260188567844], [-119.83013586893739, 42.70263923213162], [-119.82516600511465, 42.7026765555848], [-119.82519073173214, 42.70635860886611], [-119.82521545934974, 42.71004066314742], [-119.82521875665823, 42.71188826728937], [-119.82522204896671, 42.71373587143129], [-119.82522863858387, 42.71743110371519], [-119.8301809244015, 42.71738041626233], [-119.83513320921904, 42.717329751809416], [-119.84008547103639, 42.71727908735651], [-119.84503773385367, 42.717228422903595], [-119.8450386875474, 42.71539078376222], [-119.84503964224119, 42.71355314462082], [-119.84504155062888, 42.70987784233791], [-119.84504345901675, 42.70620254105499], [-119.84504539140481, 42.70252723877201], [-119.84007555058245, 42.70256456222522]]]}, "properties": {"OBJECTID": 593155, "ID": "1469104602862489600", "CSE_NAME": "Southbound Pachyderm", "STAGE_ID": "1469104599226023936", "BLM_PROD": "LODE CLAIM", "CSE_TYPE_NR": "384101", "CSE_NR": "OR106779543", "LEG_CSE_NR": null, "SF_ID": "a02SJ00000GHPDjYAP", "CSE_DISP": "Active", "SRC": "LLD/CLS", "QLTY": "0; ONLY SECTION IN LLD", "CSE_META": "OR 33 0330S 0240E 013 E SENE", "RCRD_ACRS": 5.5, "Created": 1770249600000, "Modified": 1780690680000, "Shape__Length": 0.06914598237915866, "Shape__Area": 0.00029213362199132306}}, {"type": "Feature", "id": 593269, "geometry": {"type": "Polygon", "coordinates": [[[-119.83264347957864, 42.709980014469515], [-119.83016744216903, 42.71000019669547], [-119.82769147375943, 42.710020473921475], [-119.82521545934974, 42.71004066314742], [-119.82521875665823, 42.71188826728937], [-119.82522204896671, 42.71373587143129], [-119.82522863858387, 42.71743110371519], [-119.8301809244015, 42.71738041626233], [-119.83513320921904, 42.717329751809416], [-119.83512631660352, 42.71364476452654], [-119.83511944798816, 42.709959753243545], [-119.83264347957864, 42.709980014469515]]]}, "properties": {"OBJECTID": 593269, "ID": "1469110100382879744", "CSE_NAME": "Sungem #9", "STAGE_ID": "1469110096930963456", "BLM_PROD": "LODE CLAIM", "CSE_TYPE_NR": "384101", "CSE_NR": "OR106779545", "LEG_CSE_NR": null, "SF_ID": "a02SJ00000GHPDlYAP", "CSE_DISP": "Active", "SRC": "LLD", "QLTY": "1; MIDPOINT, FULLY ATTRIBUTED QUARTER SECTION ALL BUCKETS ARE EQUAL, aliquot", "CSE_META": "OR 33 0330S 0240E 013 A NENE | OR 33 0330S 0240E 013 A NWNE | OR 33 0330S 0240E 013 A SWNE | OR 33 0330S 0240E 013 A NESENE | OR 33 0330S 0240E 013 A NWSENE | OR 33 0330S 0240E 013 A SWSENE | OR 33 0330S 0240E 013 A SESENE", "RCRD_ACRS": 13.8, "Created": 1770249600000, "Modified": 1780690737000, "Shape__Length": 0.034569867612762706, "Shape__Area": 7.309671168474052e-05}}, {"type": "Feature", "id": 593309, "geometry": {"type": "Polygon", "coordinates": [[[-119.84007555058245, 42.70256456222522], [-119.83510570976, 42.70260188567844], [-119.83013586893739, 42.70263923213162], [-119.82516600511465, 42.7026765555848], [-119.82519073173214, 42.70635860886611], [-119.82521545934974, 42.71004066314742], [-119.82521875665823, 42.71188826728937], [-119.82522204896671, 42.71373587143129], [-119.82522863858387, 42.71743110371519], [-119.8301809244015, 42.71738041626233], [-119.83513320921904, 42.717329751809416], [-119.84008547103639, 42.71727908735651], [-119.84503773385367, 42.717228422903595], [-119.8450386875474, 42.71539078376222], [-119.84503964224119, 42.71355314462082], [-119.84504155062888, 42.70987784233791], [-119.84504345901675, 42.70620254105499], [-119.84504539140481, 42.70252723877201], [-119.84007555058245, 42.70256456222522]]]}, "properties": {"OBJECTID": 593309, "ID": "1469095599361134592", "CSE_NAME": "Top of the World", "STAGE_ID": "1469095595250712576", "BLM_PROD": "LODE CLAIM", "CSE_TYPE_NR": "384101", "CSE_NR": "OR106779541", "LEG_CSE_NR": null, "SF_ID": "a02SJ00000GHPDhYAP", "CSE_DISP": "Active", "SRC": "LLD/CLS", "QLTY": "0; ONLY SECTION IN LLD", "CSE_META": "OR 33 0330S 0240E 013 E SWNE", "RCRD_ACRS": 20.66, "Created": 1770249600000, "Modified": 1780690620000, "Shape__Length": 0.06914598237915866, "Shape__Area": 0.00029213362199132306}}, {"type": "Feature", "id": 593342, "geometry": {"type": "Polygon", "coordinates": [[[-119.84007555058245, 42.70256456222522], [-119.83510570976, 42.70260188567844], [-119.83013586893739, 42.70263923213162], [-119.82516600511465, 42.7026765555848], [-119.82519073173214, 42.70635860886611], [-119.82521545934974, 42.71004066314742], [-119.82521875665823, 42.71188826728937], [-119.82522204896671, 42.71373587143129], [-119.82522863858387, 42.71743110371519], [-119.8301809244015, 42.71738041626233], [-119.83513320921904, 42.717329751809416], [-119.84008547103639, 42.71727908735651], [-119.84503773385367, 42.717228422903595], [-119.8450386875474, 42.71539078376222], [-119.84503964224119, 42.71355314462082], [-119.84504155062888, 42.70987784233791], [-119.84504345901675, 42.70620254105499], [-119.84504539140481, 42.70252723877201], [-119.84007555058245, 42.70256456222522]]]}, "properties": {"OBJECTID": 593342, "ID": "1469098765175656448", "CSE_NAME": "Dancin Fool", "STAGE_ID": "1469098757781094400", "BLM_PROD": "LODE CLAIM", "CSE_TYPE_NR": "384101", "CSE_NR": "OR106779542", "LEG_CSE_NR": null, "SF_ID": "a02SJ00000GHPDiYAP", "CSE_DISP": "Active", "SRC": "LLD/CLS", "QLTY": "0; ONLY SECTION IN LLD", "CSE_META": "OR 33 0330S 0240E 013 E NWSE", "RCRD_ACRS": 8.7, "Created": 1770249600000, "Modified": 1780690620000, "Shape__Length": 0.06914598237915866, "Shape__Area": 0.00029213362199132306}}, {"type": "Feature", "id": 593345, "geometry": {"type": "Polygon", "coordinates": [[[-119.84007555058245, 42.70256456222522], [-119.83510570976, 42.70260188567844], [-119.83013586893739, 42.70263923213162], [-119.82516600511465, 42.7026765555848], [-119.82519073173214, 42.70635860886611], [-119.82521545934974, 42.71004066314742], [-119.82521875665823, 42.71188826728937], [-119.82522204896671, 42.71373587143129], [-119.82522863858387, 42.71743110371519], [-119.8301809244015, 42.71738041626233], [-119.83513320921904, 42.717329751809416], [-119.84008547103639, 42.71727908735651], [-119.84503773385367, 42.717228422903595], [-119.8450386875474, 42.71539078376222], [-119.84503964224119, 42.71355314462082], [-119.84504155062888, 42.70987784233791], [-119.84504345901675, 42.70620254105499], [-119.84504539140481, 42.70252723877201], [-119.84007555058245, 42.70256456222522]]]}, "properties": {"OBJECTID": 593345, "ID": "1469108104133251072", "CSE_NAME": "Sungem #7", "STAGE_ID": "1469108041092857856", "BLM_PROD": "LODE CLAIM", "CSE_TYPE_NR": "384101", "CSE_NR": "OR106779544", "LEG_CSE_NR": null, "SF_ID": "a02SJ00000GHPDkYAP", "CSE_DISP": "Active", "SRC": "LLD/CLS", "QLTY": "0; ONLY SECTION IN LLD", "CSE_META": "OR 33 0330S 0240E 013 E NWNE", "RCRD_ACRS": 13.1, "Created": 1770249600000, "Modified": 1780690680000, "Shape__Length": 0.06914598237915866, "Shape__Area": 0.00029213362199132306}}, {"type": "Feature", "id": 593526, "geometry": {"type": "Polygon", "coordinates": [[[-119.82020717974859, 42.71744588917151], [-119.81522555791987, 42.7174610936243], [-119.81024391209061, 42.717473713076885], [-119.80775308967591, 42.71748003530314], [-119.80526226726121, 42.71748633352943], [-119.80523759856433, 42.71932930467363], [-119.80521293086754, 42.721172275817885], [-119.805163594474, 42.724858218106206], [-119.80513892677733, 42.72670111925043], [-119.80511425808066, 42.72854402039457], [-119.80506492168745, 42.73222982268288], [-119.81003515851705, 42.73222928623207], [-119.81500539534653, 42.732228727781205], [-119.8199778201761, 42.73222763233007], [-119.82508535702813, 42.73222644486667], [-119.82512116641682, 42.72852762657887], [-119.82515699780565, 42.724828786291006], [-119.8251928071947, 42.721129945003106], [-119.82522863858387, 42.71743110371519], [-119.82020717974859, 42.71744588917151]]]}, "properties": {"OBJECTID": 593526, "ID": "1469382335165272064", "CSE_NAME": "Butter Cup", "STAGE_ID": "1469382307197648896", "BLM_PROD": "LODE CLAIM", "CSE_TYPE_NR": "384101", "CSE_NR": "OR106779540", "LEG_CSE_NR": null, "SF_ID": "a02SJ00000GHOUYYA5", "CSE_DISP": "Active", "SRC": "LLD/CLS", "QLTY": "0; ONLY SECTION IN LLD", "CSE_META": "OR 33 0330S 0250E 007 E NWSW", "RCRD_ACRS": 18.2, "Created": 1770336000000, "Modified": 1786748014000, "Shape__Length": 0.06952771978287989, "Shape__Area": 0.0002952699135201916}}, {"type": "Feature", "id": 593589, "geometry": {"type": "Polygon", "coordinates": [[[-119.82020717974859, 42.71744588917151], [-119.81522555791987, 42.7174610936243], [-119.81024391209061, 42.717473713076885], [-119.80775308967591, 42.71748003530314], [-119.80526226726121, 42.71748633352943], [-119.80523759856433, 42.71932930467363], [-119.80521293086754, 42.721172275817885], [-119.805163594474, 42.724858218106206], [-119.80513892677733, 42.72670111925043], [-119.80511425808066, 42.72854402039457], [-119.80506492168745, 42.73222982268288], [-119.81003515851705, 42.73222928623207], [-119.81500539534653, 42.732228727781205], [-119.8199778201761, 42.73222763233007], [-119.82508535702813, 42.73222644486667], [-119.82512116641682, 42.72852762657887], [-119.82515699780565, 42.724828786291006], [-119.8251928071947, 42.721129945003106], [-119.82522863858387, 42.71743110371519], [-119.82020717974859, 42.71744588917151]]]}, "properties": {"OBJECTID": 593589, "ID": "1469379548641660928", "CSE_NAME": "Sage Hen", "STAGE_ID": "1469379545093275648", "BLM_PROD": "LODE CLAIM", "CSE_TYPE_NR": "384101", "CSE_NR": "OR106779539", "LEG_CSE_NR": null, "SF_ID": "a02SJ00000GHOUXYA5", "CSE_DISP": "Active", "SRC": "LLD/CLS", "QLTY": "0; ONLY SECTION IN LLD", "CSE_META": "OR 33 0330S 0250E 007 E NWSW", "RCRD_ACRS": 18.2, "Created": 1770336000000, "Modified": 1787865580000, "Shape__Length": 0.06952771978287989, "Shape__Area": 0.0002952699135201916}}, {"type": "Feature", "id": 595157, "geometry": {"type": "Polygon", "coordinates": [[[-119.8499998664528, 42.70986198688722], [-119.84504155062888, 42.70987784233791], [-119.84503964224119, 42.71355314462082], [-119.8450386875474, 42.71539078376222], [-119.84503773385367, 42.717228422903595], [-119.84750857926441, 42.71722118267905], [-119.84997942467508, 42.71721389445447], [-119.85492109349636, 42.71719938800525], [-119.8549396488864, 42.71352275972094], [-119.8549582052766, 42.709846130436524], [-119.8499998664528, 42.70986198688722]]]}, "properties": {"OBJECTID": 595157, "ID": "1471291069336514560", "CSE_NAME": "Tyke #3", "STAGE_ID": "1471291067340034048", "BLM_PROD": "LODE CLAIM", "CSE_TYPE_NR": "384101", "CSE_NR": "OR106783859", "LEG_CSE_NR": null, "SF_ID": "a02SJ00000GpfuLYAR", "CSE_DISP": "Active", "SRC": "LLD", "QLTY": "1; MIDPOINT, FULLY ATTRIBUTED QUARTER SECTION ALL BUCKETS ARE EQUAL, aliquot", "CSE_META": "OR 33 0330S 0240E 014 A NWNE | OR 33 0330S 0240E 014 A SENE | OR 33 0330S 0240E 014 A SWNE | OR 33 0330S 0240E 014 A NENENE | OR 33 0330S 0240E 014 A NWNENE | OR 33 0330S 0240E 014 A SWNENE | OR 33 0330S 0240E 014 A SENENE", "RCRD_ACRS": 20.66, "Created": 1770768000000, "Modified": 1781802540000, "Shape__Length": 0.034504035996515955, "Shape__Area": 7.278341386870151e-05}}, {"type": "Feature", "id": 608026, "geometry": {"type": "Polygon", "coordinates": [[[-119.84008048780858, 42.70991879779076], [-119.83511944798816, 42.709959753243545], [-119.83512631660352, 42.71364476452654], [-119.83513320921904, 42.717329751809416], [-119.84008547103639, 42.71727908735651], [-119.84503773385367, 42.717228422903595], [-119.8450386875474, 42.71539078376222], [-119.84503964224119, 42.71355314462082], [-119.84504155062888, 42.70987784233791], [-119.84008048780858, 42.70991879779076]]]}, "properties": {"OBJECTID": 608026, "ID": "1490745842318024704", "CSE_NAME": "Basin Babe", "STAGE_ID": "1490744777292066816", "BLM_PROD": "LODE CLAIM", "CSE_TYPE_NR": "384101", "CSE_NR": "OR106794089", "LEG_CSE_NR": null, "SF_ID": "a02SJ00000IfnonYAB", "CSE_DISP": "Active", "SRC": "LLD", "QLTY": "1; MIDPOINT, TYPICAL QUARTER SECTION WITH 4 STANDARD LEGALS ATTRIBUTED, aliquot", "CSE_META": "OR 33 0330S 0240E 13 SEoftheNW", "RCRD_ACRS": 20.66115702, "Created": 1775433600000, "Modified": 1785956220000, "Shape__Length": 0.03454807223048267, "Shape__Area": 7.296534055750402e-05}}, {"type": "Feature", "id": 608717, "geometry": {"type": "Polygon", "coordinates": [[[-119.78523948175695, 42.728514895194536], [-119.78518309136177, 42.732196762483454], [-119.79015349019339, 42.73220502803333], [-119.79512389002483, 42.73221329258323], [-119.79517681141905, 42.72852967829463], [-119.79522975681344, 42.72484606500597], [-119.79026282698291, 42.724839546455776], [-119.78529589615219, 42.724833026905586], [-119.78523948175695, 42.728514895194536]]]}, "properties": {"OBJECTID": 608717, "ID": "1492208695877189632", "CSE_NAME": "Seas of Cheese", "STAGE_ID": "1492208679104180224", "BLM_PROD": "LODE CLAIM", "CSE_TYPE_NR": "384101", "CSE_NR": "OR106795357", "LEG_CSE_NR": null, "SF_ID": "a02SJ00000IqHLnYAN", "CSE_DISP": "Active", "SRC": "LLD", "QLTY": "1; MIDPOINT, TYPICAL QUARTER SECTION WITH 4 STANDARD LEGALS ATTRIBUTED, DOES NOT MATCH PM ANGLES, aliquot", "CSE_META": "OR 33 0330S 0250E 008 NE", "RCRD_ACRS": 20.66, "Created": 1775779200000, "Modified": 1786399560000, "Shape__Length": 0.03460726492573686, "Shape__Area": 7.319481705581952e-05}}, {"type": "Feature", "id": 608738, "geometry": {"type": "Polygon", "coordinates": [[[-119.78535228754768, 42.72115115961663], [-119.78529589615219, 42.724833026905586], [-119.79026282698291, 42.724839546455776], [-119.79522975681344, 42.72484606500597], [-119.79528267920786, 42.72116186871725], [-119.79533562360248, 42.717477672428494], [-119.79037213977296, 42.71747348187804], [-119.78540865494332, 42.7174692913276], [-119.78535228754768, 42.72115115961663]]]}, "properties": {"OBJECTID": 608738, "ID": "1492206532878811136", "CSE_NAME": "Shakes Hands With Beef", "STAGE_ID": "1492206511647256576", "BLM_PROD": "LODE CLAIM", "CSE_TYPE_NR": "384101", "CSE_NR": "OR106795356", "LEG_CSE_NR": null, "SF_ID": "a02SJ00000IqHLmYAN", "CSE_DISP": "Active", "SRC": "LLD", "QLTY": "1; MIDPOINT, TYPICAL QUARTER SECTION WITH 4 STANDARD LEGALS ATTRIBUTED, DOES NOT MATCH PM ANGLES, aliquot", "CSE_META": "OR 33 0330S 0250E 008 SE", "RCRD_ACRS": 20.66, "Created": 1775779200000, "Modified": 1786399560000, "Shape__Length": 0.03459458889470462, "Shape__Area": 7.314914129236702e-05}}, {"type": "Feature", "id": 608753, "geometry": {"type": "Polygon", "coordinates": [[[-119.78535228754768, 42.72115115961663], [-119.78529589615219, 42.724833026905586], [-119.79026282698291, 42.724839546455776], [-119.79522975681344, 42.72484606500597], [-119.79528267920786, 42.72116186871725], [-119.79533562360248, 42.717477672428494], [-119.79037213977296, 42.71747348187804], [-119.78540865494332, 42.7174692913276], [-119.78535228754768, 42.72115115961663]]]}, "properties": {"OBJECTID": 608753, "ID": "1492204643948838912", "CSE_NAME": "Hamburger Train", "STAGE_ID": "1492204628912271360", "BLM_PROD": "LODE CLAIM", "CSE_TYPE_NR": "384101", "CSE_NR": "OR106795355", "LEG_CSE_NR": null, "SF_ID": "a02SJ00000IqHLlYAN", "CSE_DISP": "Active", "SRC": "LLD", "QLTY": "1; MIDPOINT, TYPICAL QUARTER SECTION WITH 4 STANDARD LEGALS ATTRIBUTED, DOES NOT MATCH PM ANGLES, aliquot", "CSE_META": "OR 33 0330S 0250E 008 SE", "RCRD_ACRS": 20.66, "Created": 1775779200000, "Modified": 1786399560000, "Shape__Length": 0.03459458889470462, "Shape__Area": 7.314914129236702e-05}}, {"type": "Feature", "id": 608754, "geometry": {"type": "Polygon", "coordinates": [[[-119.78535228754768, 42.72115115961663], [-119.78529589615219, 42.724833026905586], [-119.79026282698291, 42.724839546455776], [-119.79522975681344, 42.72484606500597], [-119.79528267920786, 42.72116186871725], [-119.79533562360248, 42.717477672428494], [-119.79037213977296, 42.71747348187804], [-119.78540865494332, 42.7174692913276], [-119.78535228754768, 42.72115115961663]]]}, "properties": {"OBJECTID": 608754, "ID": "1492211993292193792", "CSE_NAME": "Nature Boy", "STAGE_ID": "1492211978180128768", "BLM_PROD": "LODE CLAIM", "CSE_TYPE_NR": "384101", "CSE_NR": "OR106795358", "LEG_CSE_NR": null, "SF_ID": "a02SJ00000IqHLoYAN", "CSE_DISP": "Active", "SRC": "LLD", "QLTY": "1; MIDPOINT, TYPICAL QUARTER SECTION WITH 4 STANDARD LEGALS ATTRIBUTED, DOES NOT MATCH PM ANGLES, aliquot", "CSE_META": "OR 33 0330S 0250E 008 SE", "RCRD_ACRS": 20.66, "Created": 1775779200000, "Modified": 1786399560000, "Shape__Length": 0.03459458889470462, "Shape__Area": 7.314914129236702e-05}}, {"type": "Feature", "id": 608784, "geometry": {"type": "Polygon", "coordinates": [[[-119.78535228754768, 42.72115115961663], [-119.78529589615219, 42.724833026905586], [-119.79026282698291, 42.724839546455776], [-119.79522975681344, 42.72484606500597], [-119.79528267920786, 42.72116186871725], [-119.79533562360248, 42.717477672428494], [-119.79037213977296, 42.71747348187804], [-119.78540865494332, 42.7174692913276], [-119.78535228754768, 42.72115115961663]]]}, "properties": {"OBJECTID": 608784, "ID": "1492214124057346048", "CSE_NAME": "Frizzle Fry", "STAGE_ID": "1492214093988392960", "BLM_PROD": "LODE CLAIM", "CSE_TYPE_NR": "384101", "CSE_NR": "OR106795359", "LEG_CSE_NR": null, "SF_ID": "a02SJ00000IqHLpYAN", "CSE_DISP": "Active", "SRC": "LLD", "QLTY": "1; MIDPOINT, TYPICAL QUARTER SECTION WITH 4 STANDARD LEGALS ATTRIBUTED, DOES NOT MATCH PM ANGLES, aliquot", "CSE_META": "OR 33 0330S 0250E 008 SE", "RCRD_ACRS": 20.66, "Created": 1775779200000, "Modified": 1786399560000, "Shape__Length": 0.03459458889470462, "Shape__Area": 7.314914129236702e-05}}, {"type": "Feature", "id": 608838, "geometry": {"type": "Polygon", "coordinates": [[[-119.78535228754768, 42.72115115961663], [-119.78529589615219, 42.724833026905586], [-119.79026282698291, 42.724839546455776], [-119.79522975681344, 42.72484606500597], [-119.79528267920786, 42.72116186871725], [-119.79533562360248, 42.717477672428494], [-119.79037213977296, 42.71747348187804], [-119.78540865494332, 42.7174692913276], [-119.78535228754768, 42.72115115961663]]]}, "properties": {"OBJECTID": 608838, "ID": "1492215591916945408", "CSE_NAME": "John The Fisherman", "STAGE_ID": "1492215587659739136", "BLM_PROD": "LODE CLAIM", "CSE_TYPE_NR": "384101", "CSE_NR": "OR106795360", "LEG_CSE_NR": null, "SF_ID": "a02SJ00000IqHLqYAN", "CSE_DISP": "Active", "SRC": "LLD", "QLTY": "1; MIDPOINT, TYPICAL QUARTER SECTION WITH 4 STANDARD LEGALS ATTRIBUTED, DOES NOT MATCH PM ANGLES, aliquot", "CSE_META": "OR 33 0330S 0250E 008 SE", "RCRD_ACRS": 20.66, "Created": 1775779200000, "Modified": 1786399560000, "Shape__Length": 0.03459458889470462, "Shape__Area": 7.314914129236702e-05}}, {"type": "Feature", "id": 614616, "geometry": {"type": "Polygon", "coordinates": [[[-119.84007555058245, 42.70256456222522], [-119.83510570976, 42.70260188567844], [-119.83013586893739, 42.70263923213162], [-119.82516600511465, 42.7026765555848], [-119.82519073173214, 42.70635860886611], [-119.82521545934974, 42.71004066314742], [-119.82521875665823, 42.71188826728937], [-119.82522204896671, 42.71373587143129], [-119.82522863858387, 42.71743110371519], [-119.8301809244015, 42.71738041626233], [-119.83513320921904, 42.717329751809416], [-119.84008547103639, 42.71727908735651], [-119.84503773385367, 42.717228422903595], [-119.8450386875474, 42.71539078376222], [-119.84503964224119, 42.71355314462082], [-119.84504155062888, 42.70987784233791], [-119.84504345901675, 42.70620254105499], [-119.84504539140481, 42.70252723877201], [-119.84007555058245, 42.70256456222522]]]}, "properties": {"OBJECTID": 614616, "ID": "1507117967098396672", "CSE_NAME": "Queens Crown", "STAGE_ID": "1507117960626614272", "BLM_PROD": "LODE CLAIM", "CSE_TYPE_NR": "384101", "CSE_NR": "OR106766111", "LEG_CSE_NR": null, "SF_ID": "a02SJ00000En8pBYAR", "CSE_DISP": "Active", "SRC": "LLD/CLS", "QLTY": "0; ONLY SECTION IN LLD", "CSE_META": "OR 33 0330S 0240E 013 E NE", "RCRD_ACRS": 20.66, "Created": 1779321600000, "Modified": 1787009640000, "Shape__Length": 0.06914598237915866, "Shape__Area": 0.00029213362199132306}}, {"type": "Feature", "id": 624317, "geometry": {"type": "Polygon", "coordinates": [[[-119.82017839005186, 42.71929365631641], [-119.82020717974859, 42.71744588917151], [-119.81771636933425, 42.71745349139793], [-119.81768821363744, 42.719300240542665], [-119.82017839005186, 42.71929365631641]]]}, "properties": {"OBJECTID": 624317, "ID": "1528847984094154752", "CSE_NAME": "Night Bird #4", "STAGE_ID": "1528847931728404480", "BLM_PROD": "LODE CLAIM", "CSE_TYPE_NR": "384101", "CSE_NR": "OR106831861", "LEG_CSE_NR": null, "SF_ID": "a02SJ00000M6A6TYAV", "CSE_DISP": "Active", "SRC": "LLD/CLS", "QLTY": "4.1; 1 intersecting parts, aliquot", "CSE_META": "OR 33 0330S 0250E 007 A SWSESW", "RCRD_ACRS": 40, "Created": 1784505600000, "Modified": 1785433698000, "Shape__Length": 0.008675961203391922, "Shape__Area": 4.6003811592050014e-06}}, {"type": "Feature", "id": 635200, "geometry": {"type": "Polygon", "coordinates": [[[-119.87964030637637, 42.70977229719332], [-119.87471847555898, 42.70978633764062], [-119.87468969816783, 42.71346701792595], [-119.8746608977768, 42.71714769821126], [-119.87608118201284, 42.71714444408216], [-119.87958910859574, 42.717136405763426], [-119.88451731941458, 42.71712508931562], [-119.884539716804, 42.71344166203078], [-119.88456211419359, 42.709758257745996], [-119.87964030637637, 42.70977229719332]]]}, "properties": {"OBJECTID": 635200, "ID": "799126756140253200", "CSE_NAME": "SNAKE BITE #2", "STAGE_ID": null, "BLM_PROD": "LODE CLAIM", "CSE_TYPE_NR": "384101", "CSE_NR": "OR101824521", "LEG_CSE_NR": "ORMC155154", "SF_ID": "a02t00000058RPUAA2", "CSE_DISP": "Active", "SRC": "LLD", "QLTY": "1: MIDPOINT\nTYPICAL QUARTER SECTION WITH 4 STANDARD LEGALS ATTRIBUTED\naliquot\n36 sections retrieved\n598 intersected features retrieved\n16 matching sections found\nsection 15 issimple: True", "CSE_META": "OR 33 0330S 0240E 015 A NW", "RCRD_ACRS": 20.66, "Created": 1610668800000, "Modified": 1786659744000, "Shape__Length": 0.03442867535376685, "Shape__Area": 7.253527285968752e-05}}, {"type": "Feature", "id": 635201, "geometry": {"type": "Polygon", "coordinates": [[[-119.87964030637637, 42.70977229719332], [-119.87471847555898, 42.70978633764062], [-119.87468969816783, 42.71346701792595], [-119.8746608977768, 42.71714769821126], [-119.87608118201284, 42.71714444408216], [-119.87958910859574, 42.717136405763426], [-119.88451731941458, 42.71712508931562], [-119.884539716804, 42.71344166203078], [-119.88456211419359, 42.709758257745996], [-119.87964030637637, 42.70977229719332]]]}, "properties": {"OBJECTID": 635201, "ID": "799126756140253201", "CSE_NAME": "SNAKE BITE #3", "STAGE_ID": null, "BLM_PROD": "LODE CLAIM", "CSE_TYPE_NR": "384101", "CSE_NR": "OR101824522", "LEG_CSE_NR": "ORMC155155", "SF_ID": "a02t00000058RPVAA2", "CSE_DISP": "Active", "SRC": "LLD", "QLTY": "1: MIDPOINT\nTYPICAL QUARTER SECTION WITH 4 STANDARD LEGALS ATTRIBUTED\naliquot\n36 sections retrieved\n598 intersected features retrieved\n16 matching sections found\nsection 15 issimple: True", "CSE_META": "OR 33 0330S 0240E 015 A NW", "RCRD_ACRS": 20.66, "Created": 1610668800000, "Modified": 1786659720000, "Shape__Length": 0.03442867535376685, "Shape__Area": 7.253527285968752e-05}}, {"type": "Feature", "id": 635202, "geometry": {"type": "Polygon", "coordinates": [[[-119.80508424792144, 42.73960252224875], [-119.80012351109143, 42.739592231698], [-119.79516279726133, 42.739581964147256], [-119.7951822628799, 42.743266765429205], [-119.79520147149114, 42.74690711970778], [-119.8001516613217, 42.74693049526037], [-119.80510182815219, 42.74695389381293], [-119.80509295653887, 42.743291165531865], [-119.80508424792144, 42.73960252224875]]]}, "properties": {"OBJECTID": 635202, "ID": "799126756215750757", "CSE_NAME": "STONE #1", "STAGE_ID": null, "BLM_PROD": "LODE CLAIM", "CSE_TYPE_NR": "384101", "CSE_NR": "OR101825709", "LEG_CSE_NR": "ORMC155166", "SF_ID": "a02t00000058RPeAAM", "CSE_DISP": "Active", "SRC": "LLD", "QLTY": "1: SIMPLE\nTYPICAL QUARTER SECTION WITH 4 STANDARD LEGALS ATTRIBUTED\naliquot\n36 sections retrieved\n585 intersected features retrieved\n16 matching sections found\n4 alias QQs added\nsection 5 issimple: False", "CSE_META": "OR 33 0330S 0250E 005 A NW", "RCRD_ACRS": 20.66, "Created": 1610668800000, "Modified": 1786659720000, "Shape__Length": 0.034498584903736536, "Shape__Area": 7.272740388448851e-05}}, {"type": "Feature", "id": 635203, "geometry": {"type": "Polygon", "coordinates": [[[-119.80513892677733, 42.72670111925043], [-119.805163594474, 42.724858218106206], [-119.80268012905893, 42.72485521333116], [-119.80019668764382, 42.72485214155613], [-119.79522975681344, 42.72484606500597], [-119.79517681141905, 42.72852967829463], [-119.79512389002483, 42.73221329258323], [-119.80009440585623, 42.732221558133084], [-119.80506492168745, 42.73222982268288], [-119.80511425808066, 42.72854402039457], [-119.80513892677733, 42.72670111925043]]]}, "properties": {"OBJECTID": 635203, "ID": "799126756215750758", "CSE_NAME": "STONE #2", "STAGE_ID": null, "BLM_PROD": "LODE CLAIM", "CSE_TYPE_NR": "384101", "CSE_NR": "OR101825710", "LEG_CSE_NR": "ORMC155167", "SF_ID": "a02t00000058RPfAAM", "CSE_DISP": "Active", "SRC": "LLD", "QLTY": "1: MIDPOINT\nFULLY ATTRIBUTED QUARTER SECTION ALL BUCKETS ARE EQUAL\nDOES NOT MATCH PM ANGLES\naliquot\n36 sections retrieved\n585 intersected features retrieved\n19 matching sections found\nsection 8 issimple: False", "CSE_META": "OR 33 0330S 0250E 008 A NW", "RCRD_ACRS": 20.66, "Created": 1610668800000, "Modified": 1786659780000, "Shape__Length": 0.03461513918970391, "Shape__Area": 7.323450407955252e-05}}, {"type": "Feature", "id": 635204, "geometry": {"type": "Polygon", "coordinates": [[[-119.80513892677733, 42.72670111925043], [-119.805163594474, 42.724858218106206], [-119.80268012905893, 42.72485521333116], [-119.80019668764382, 42.72485214155613], [-119.79522975681344, 42.72484606500597], [-119.79517681141905, 42.72852967829463], [-119.79512389002483, 42.73221329258323], [-119.80009440585623, 42.732221558133084], [-119.80506492168745, 42.73222982268288], [-119.80511425808066, 42.72854402039457], [-119.80513892677733, 42.72670111925043]]]}, "properties": {"OBJECTID": 635204, "ID": "799126756215750759", "CSE_NAME": "STONE #3", "STAGE_ID": null, "BLM_PROD": "LODE CLAIM", "CSE_TYPE_NR": "384101", "CSE_NR": "OR101825711", "LEG_CSE_NR": "ORMC155168", "SF_ID": "a02t00000058RPgAAM", "CSE_DISP": "Active", "SRC": "LLD", "QLTY": "1: MIDPOINT\nFULLY ATTRIBUTED QUARTER SECTION ALL BUCKETS ARE EQUAL\nDOES NOT MATCH PM ANGLES\naliquot\n36 sections retrieved\n585 intersected features retrieved\n19 matching sections found\nsection 8 issimple: False", "CSE_META": "OR 33 0330S 0250E 008 A NW", "RCRD_ACRS": 20.66, "Created": 1610668800000, "Modified": 1786659780000, "Shape__Length": 0.03461513918970391, "Shape__Area": 7.323450407955252e-05}}, {"type": "Feature", "id": 635417, "geometry": {"type": "Polygon", "coordinates": [[[-119.81511549913272, 42.72484401420276], [-119.81506045873952, 42.72853635949198], [-119.81500539534653, 42.732228727781205], [-119.8199778201761, 42.73222763233007], [-119.82508535702813, 42.73222644486667], [-119.82512116641682, 42.72852762657887], [-119.82515699780565, 42.724828786291006], [-119.82009453596233, 42.72483662275071], [-119.8200919989619, 42.72483646975094], [-119.81511549913272, 42.72484401420276]]]}, "properties": {"OBJECTID": 635417, "ID": "1537844174169116672", "CSE_NAME": "Nod Krai", "STAGE_ID": "1537844117185421312", "BLM_PROD": "LODE CLAIM", "CSE_TYPE_NR": "384101", "CSE_NR": "OR106839572", "LEG_CSE_NR": "", "SF_ID": "a02SJ00000MpgyDYAR", "CSE_DISP": "Filed", "SRC": "LLD", "QLTY": "1; SIMPLE, TYPICAL QUARTER SECTION WITH 4 STANDARD LEGALS ATTRIBUTED, DOES NOT MATCH PM ANGLES, aliquot", "CSE_META": "OR 33 0330S 0250E 007 NW", "RCRD_ACRS": 20.66, "Created": 1786665600000, "Modified": 1786665600000, "Shape__Length": 0.03490501232701355, "Shape__Area": 7.435957842549602e-05}}, {"type": "Feature", "id": 637315, "geometry": {"type": "Polygon", "coordinates": [[[-119.84503964224119, 42.71355314462082], [-119.84504155062888, 42.70987784233791], [-119.84008048780858, 42.70991879779076], [-119.83511944798816, 42.709959753243545], [-119.83512631660352, 42.71364476452654], [-119.83513320921904, 42.717329751809416], [-119.84008547103639, 42.71727908735651], [-119.84503773385367, 42.717228422903595], [-119.8450386875474, 42.71539078376222], [-119.84503964224119, 42.71355314462082]]]}, "properties": {"OBJECTID": 637315, "ID": "799126768005939252", "CSE_NAME": "KM-15", "STAGE_ID": null, "BLM_PROD": "LODE CLAIM", "CSE_TYPE_NR": "384101", "CSE_NR": "OR101557769", "LEG_CSE_NR": "ORMC176712", "SF_ID": "a02t00000059YcnAAE", "CSE_DISP": "Active", "SRC": "LLD", "QLTY": "1: MIDPOINT\nTYPICAL QUARTER SECTION WITH 4 STANDARD LEGALS ATTRIBUTED\naliquot\n36 sections retrieved\n598 intersected features retrieved\n22 matching sections found\nsection 13 issimple: False", "CSE_META": "OR 33 0330S 0240E 013 A NW", "RCRD_ACRS": 20.66, "Created": 1610668800000, "Modified": 1788480710000, "Shape__Length": 0.03454807223048267, "Shape__Area": 7.296534055750402e-05}}]}