{"type": "FeatureCollection", "features": [{"type": "Feature", "properties": {"PLSSID": "OR330350S0290E0", "FRSTDIVID": "OR330350S0290E0SN030", "FRSTDIVTYP": "SN", "FRSTDIVNO": "03"}, "geometry": {"type": "Polygon", "coordinates": [[[-119.28621, 42.563842], [-119.286246, 42.567485], [-119.286297, 42.57113], [-119.286349, 42.57483], [-119.291249, 42.574833], [-119.29615, 42.574837], [-119.30105, 42.574841], [-119.30595, 42.574845], [-119.305908, 42.571156], [-119.305866, 42.567512], [-119.305833, 42.563869], [-119.3058, 42.560225], [-119.300894, 42.560219], [-119.295987, 42.560213], [-119.291081, 42.560206], [-119.286174, 42.5602], [-119.28621, 42.563842]]]}}, {"type": "Feature", "properties": {"PLSSID": "OR330350S0290E0", "FRSTDIVID": "OR330350S0290E0SN040", "FRSTDIVTYP": "SN", "FRSTDIVNO": "04"}, "geometry": {"type": "Polygon", "coordinates": [[[-119.305833, 42.563869], [-119.305866, 42.567512], [-119.305908, 42.571156], [-119.30595, 42.574845], [-119.310854, 42.574861], [-119.315758, 42.574877], [-119.320661, 42.574892], [-119.325565, 42.574908], [-119.325534, 42.571232], [-119.325504, 42.567592], [-119.325473, 42.563953], [-119.325442, 42.560313], [-119.320532, 42.560292], [-119.315622, 42.560271], [-119.310711, 42.560248], [-119.3058, 42.560225], [-119.305833, 42.563869]]]}}, {"type": "Feature", "properties": {"PLSSID": "OR330350S0290E0", "FRSTDIVID": "OR330350S0290E0SN050", "FRSTDIVTYP": "SN", "FRSTDIVNO": "05"}, "geometry": {"type": "Polygon", "coordinates": [[[-119.325473, 42.563953], [-119.325504, 42.567592], [-119.325534, 42.571232], [-119.325565, 42.574908], [-119.330465, 42.574921], [-119.335364, 42.574933], [-119.340264, 42.574946], [-119.345163, 42.574959], [-119.345124, 42.571294], [-119.345084, 42.567638], [-119.345044, 42.563983], [-119.345004, 42.560327], [-119.340114, 42.560324], [-119.335223, 42.56032], [-119.330333, 42.560317], [-119.325442, 42.560313], [-119.325473, 42.563953]]]}}, {"type": "Feature", "properties": {"PLSSID": "OR330350S0290E0", "FRSTDIVID": "OR330350S0290E0SN060", "FRSTDIVTYP": "SN", "FRSTDIVNO": "06"}, "geometry": {"type": "Polygon", "coordinates": [[[-119.345044, 42.563983], [-119.345084, 42.567638], [-119.345124, 42.571294], [-119.345163, 42.574959], [-119.350063, 42.574971], [-119.354962, 42.574984], [-119.359862, 42.574996], [-119.364283, 42.575008], [-119.364338, 42.575008], [-119.364311, 42.571346], [-119.364285, 42.567684], [-119.364274, 42.566082], [-119.364259, 42.564022], [-119.364233, 42.56036], [-119.359739, 42.560353], [-119.354827, 42.560344], [-119.349916, 42.560336], [-119.345004, 42.560327], [-119.345044, 42.563983]]]}}, {"type": "Feature", "properties": {"PLSSID": "OR330350S0290E0", "FRSTDIVID": "OR330350S0290E0SN070", "FRSTDIVTYP": "SN", "FRSTDIVNO": "07"}, "geometry": {"type": "Polygon", "coordinates": [[[-119.359689, 42.545721], [-119.35481, 42.545725], [-119.34993, 42.545729], [-119.345051, 42.545733], [-119.345039, 42.549381], [-119.345027, 42.55303], [-119.345016, 42.556679], [-119.345004, 42.560327], [-119.349916, 42.560336], [-119.354827, 42.560344], [-119.359739, 42.560353], [-119.364233, 42.56036], [-119.36422, 42.557717], [-119.364215, 42.5567], [-119.364197, 42.553039], [-119.364179, 42.549378], [-119.364174, 42.54843], [-119.364161, 42.545718], [-119.359689, 42.545721]]]}}, {"type": "Feature", "properties": {"PLSSID": "OR330350S0290E0", "FRSTDIVID": "OR330350S0290E0SN080", "FRSTDIVTYP": "SN", "FRSTDIVNO": "08"}, "geometry": {"type": "Polygon", "coordinates": [[[-119.32528, 42.549318], [-119.325334, 42.552983], [-119.325388, 42.556648], [-119.325442, 42.560313], [-119.330333, 42.560317], [-119.335223, 42.56032], [-119.340114, 42.560324], [-119.345004, 42.560327], [-119.345016, 42.556679], [-119.345027, 42.55303], [-119.345039, 42.549381], [-119.345051, 42.545733], [-119.340094, 42.545713], [-119.335138, 42.545693], [-119.330182, 42.545673], [-119.325225, 42.545653], [-119.32528, 42.549318]]]}}, {"type": "Feature", "properties": {"PLSSID": "OR330350S0290E0", "FRSTDIVID": "OR330350S0290E0SN090", "FRSTDIVTYP": "SN", "FRSTDIVNO": "09"}, "geometry": {"type": "Polygon", "coordinates": [[[-119.305703, 42.549262], [-119.305735, 42.552917], [-119.305768, 42.556571], [-119.3058, 42.560225], [-119.310711, 42.560248], [-119.315622, 42.560271], [-119.320532, 42.560292], [-119.325442, 42.560313], [-119.325388, 42.556648], [-119.325334, 42.552983], [-119.32528, 42.549318], [-119.325225, 42.545653], [-119.320337, 42.545642], [-119.315448, 42.54563], [-119.310559, 42.545619], [-119.30567, 42.545608], [-119.305703, 42.549262]]]}}, {"type": "Feature", "properties": {"PLSSID": "OR330350S0290E0", "FRSTDIVID": "OR330350S0290E0SN100", "FRSTDIVTYP": "SN", "FRSTDIVNO": "10"}, "geometry": {"type": "Polygon", "coordinates": [[[-119.300769, 42.545609], [-119.295868, 42.545609], [-119.290967, 42.54561], [-119.286066, 42.545611], [-119.286093, 42.549258], [-119.28612, 42.552905], [-119.286147, 42.556552], [-119.286174, 42.5602], [-119.291081, 42.560206], [-119.295987, 42.560213], [-119.300894, 42.560219], [-119.3058, 42.560225], [-119.305768, 42.556571], [-119.305735, 42.552917], [-119.305703, 42.549262], [-119.30567, 42.545608], [-119.300769, 42.545609]]]}}, {"type": "Feature", "properties": {"PLSSID": "OR330350S0280E0", "FRSTDIVID": "OR330350S0280E0SN010", "FRSTDIVTYP": "SN", "FRSTDIVNO": "01"}, "geometry": {"type": "Polygon", "coordinates": [[[-119.364259, 42.564022], [-119.364274, 42.566082], [-119.364285, 42.567684], [-119.364311, 42.571346], [-119.364338, 42.575008], [-119.369254, 42.575013], [-119.374169, 42.575017], [-119.37606, 42.575019], [-119.376063, 42.575019], [-119.379085, 42.575022], [-119.384001, 42.575026], [-119.383993, 42.571355], [-119.383986, 42.567695], [-119.383971, 42.564036], [-119.383956, 42.560377], [-119.379025, 42.560373], [-119.376063, 42.56037], [-119.37606, 42.56037], [-119.374094, 42.560369], [-119.369164, 42.560365], [-119.364289, 42.56036], [-119.364233, 42.56036], [-119.364259, 42.564022]]]}}, {"type": "Feature", "properties": {"PLSSID": "OR330350S0280E0", "FRSTDIVID": "OR330350S0280E0SN020", "FRSTDIVTYP": "SN", "FRSTDIVNO": "02"}, "geometry": {"type": "Polygon", "coordinates": [[[-119.383971, 42.564036], [-119.383986, 42.567695], [-119.383993, 42.571355], [-119.384001, 42.575026], [-119.388917, 42.575025], [-119.393833, 42.575024], [-119.398749, 42.575022], [-119.403665, 42.575021], [-119.403688, 42.571358], [-119.403711, 42.567701], [-119.403735, 42.564045], [-119.403758, 42.560388], [-119.398807, 42.560385], [-119.393857, 42.560382], [-119.388906, 42.56038], [-119.383956, 42.560377], [-119.383971, 42.564036]]]}}, {"type": "Feature", "properties": {"PLSSID": "OR330350S0280E0", "FRSTDIVID": "OR330350S0280E0SN030", "FRSTDIVTYP": "SN", "FRSTDIVNO": "03"}, "geometry": {"type": "Polygon", "coordinates": [[[-119.403735, 42.564045], [-119.403711, 42.567701], [-119.403688, 42.571358], [-119.403665, 42.575021], [-119.408581, 42.575019], [-119.413497, 42.575018], [-119.418413, 42.575016], [-119.423329, 42.575015], [-119.423353, 42.571365], [-119.423377, 42.567721], [-119.423384, 42.564072], [-119.423391, 42.560423], [-119.418483, 42.560414], [-119.413574, 42.560405], [-119.408666, 42.560397], [-119.403758, 42.560388], [-119.403735, 42.564045]]]}}, {"type": "Feature", "properties": {"PLSSID": "OR330350S0280E0", "FRSTDIVID": "OR330350S0280E0SN040", "FRSTDIVTYP": "SN", "FRSTDIVNO": "04"}, "geometry": {"type": "Polygon", "coordinates": [[[-119.423384, 42.564072], [-119.423377, 42.567721], [-119.423353, 42.571365], [-119.423329, 42.575015], [-119.428274, 42.575011], [-119.433219, 42.575007], [-119.438163, 42.575003], [-119.443108, 42.574999], [-119.443109, 42.571357], [-119.443111, 42.567722], [-119.443112, 42.564087], [-119.443113, 42.560452], [-119.438183, 42.560445], [-119.433252, 42.560438], [-119.428322, 42.56043], [-119.423391, 42.560423], [-119.423384, 42.564072]]]}}, {"type": "Feature", "properties": {"PLSSID": "OR330350S0280E0", "FRSTDIVID": "OR330350S0280E0SN050", "FRSTDIVTYP": "SN", "FRSTDIVNO": "05"}, "geometry": {"type": "Polygon", "coordinates": [[[-119.457905, 42.560418], [-119.452974, 42.560429], [-119.448044, 42.560441], [-119.443113, 42.560452], [-119.443112, 42.564087], [-119.443111, 42.567722], [-119.443109, 42.571357], [-119.443108, 42.574999], [-119.448041, 42.574985], [-119.452975, 42.574972], [-119.457909, 42.574959], [-119.462842, 42.574946], [-119.462843, 42.571306], [-119.462844, 42.567673], [-119.46284, 42.56404], [-119.462835, 42.560407], [-119.457905, 42.560418]]]}}, {"type": "Feature", "properties": {"PLSSID": "OR330350S0280E0", "FRSTDIVID": "OR330350S0280E0SN060", "FRSTDIVTYP": "SN", "FRSTDIVNO": "06"}, "geometry": {"type": "Polygon", "coordinates": [[[-119.477663, 42.560392], [-119.472717, 42.560397], [-119.467776, 42.560402], [-119.462835, 42.560407], [-119.46284, 42.56404], [-119.462844, 42.567673], [-119.462843, 42.571306], [-119.462842, 42.574946], [-119.467809, 42.57494], [-119.472776, 42.574934], [-119.477743, 42.574929], [-119.482569, 42.574923], [-119.482588, 42.571293], [-119.482607, 42.567662], [-119.482612, 42.564025], [-119.482617, 42.560388], [-119.477663, 42.560392]]]}}, {"type": "Feature", "properties": {"PLSSID": "OR330350S0280E0", "FRSTDIVID": "OR330350S0280E0SN070", "FRSTDIVTYP": "SN", "FRSTDIVNO": "07"}, "geometry": {"type": "Polygon", "coordinates": [[[-119.477595, 42.545829], [-119.472648, 42.545844], [-119.467702, 42.54586], [-119.462755, 42.545875], [-119.462775, 42.549508], [-119.462795, 42.553141], [-119.462815, 42.556774], [-119.462835, 42.560407], [-119.467776, 42.560402], [-119.472717, 42.560397], [-119.477663, 42.560392], [-119.482617, 42.560388], [-119.482585, 42.556742], [-119.482553, 42.553097], [-119.482535, 42.549455], [-119.482517, 42.545814], [-119.477595, 42.545829]]]}}, {"type": "Feature", "properties": {"PLSSID": "OR330350S0280E0", "FRSTDIVID": "OR330350S0280E0SN080", "FRSTDIVTYP": "SN", "FRSTDIVNO": "08"}, "geometry": {"type": "Polygon", "coordinates": [[[-119.457835, 42.545876], [-119.452914, 42.545877], [-119.447994, 42.545878], [-119.443073, 42.545879], [-119.443083, 42.549522], [-119.443093, 42.553165], [-119.443103, 42.556809], [-119.443113, 42.560452], [-119.448044, 42.560441], [-119.452974, 42.560429], [-119.457905, 42.560418], [-119.462835, 42.560407], [-119.462815, 42.556774], [-119.462795, 42.553141], [-119.462775, 42.549508], [-119.462755, 42.545875], [-119.457835, 42.545876]]]}}, {"type": "Feature", "properties": {"PLSSID": "OR330350S0280E0", "FRSTDIVID": "OR330350S0280E0SN090", "FRSTDIVTYP": "SN", "FRSTDIVNO": "09"}, "geometry": {"type": "Polygon", "coordinates": [[[-119.42333, 42.549469], [-119.42335, 42.55312], [-119.423371, 42.556772], [-119.423391, 42.560423], [-119.428322, 42.56043], [-119.433252, 42.560438], [-119.438183, 42.560445], [-119.443113, 42.560452], [-119.443103, 42.556809], [-119.443093, 42.553165], [-119.443083, 42.549522], [-119.443073, 42.545879], [-119.438132, 42.545863], [-119.433191, 42.545848], [-119.428251, 42.545832], [-119.42331, 42.545817], [-119.42333, 42.549469]]]}}, {"type": "Feature", "properties": {"PLSSID": "OR330350S0280E0", "FRSTDIVID": "OR330350S0280E0SN100", "FRSTDIVTYP": "SN", "FRSTDIVNO": "10"}, "geometry": {"type": "Polygon", "coordinates": [[[-119.403634, 42.549419], [-119.403675, 42.553075], [-119.403717, 42.556732], [-119.403758, 42.560388], [-119.408666, 42.560397], [-119.413574, 42.560405], [-119.418483, 42.560414], [-119.423391, 42.560423], [-119.423371, 42.556772], [-119.42335, 42.55312], [-119.42333, 42.549469], [-119.42331, 42.545817], [-119.418381, 42.545804], [-119.413451, 42.54579], [-119.408522, 42.545776], [-119.403593, 42.545763], [-119.403634, 42.549419]]]}}, {"type": "Feature", "properties": {"PLSSID": "OR330350S0280E0", "FRSTDIVID": "OR330350S0280E0SN110", "FRSTDIVTYP": "SN", "FRSTDIVNO": "11"}, "geometry": {"type": "Polygon", "coordinates": [[[-119.383846, 42.549408], [-119.383883, 42.553064], [-119.383919, 42.556721], [-119.383956, 42.560377], [-119.388906, 42.56038], [-119.393857, 42.560382], [-119.398807, 42.560385], [-119.403758, 42.560388], [-119.403717, 42.556732], [-119.403675, 42.553075], [-119.403634, 42.549419], [-119.403593, 42.545763], [-119.398647, 42.54576], [-119.393701, 42.545757], [-119.388755, 42.545754], [-119.38381, 42.545751], [-119.383846, 42.549408]]]}}, {"type": "Feature", "properties": {"PLSSID": "OR330350S0280E0", "FRSTDIVID": "OR330350S0280E0SN120", "FRSTDIVTYP": "SN", "FRSTDIVNO": "12"}, "geometry": {"type": "Polygon", "coordinates": [[[-119.364174, 42.54843], [-119.364179, 42.549378], [-119.364197, 42.553039], [-119.364215, 42.5567], [-119.36422, 42.557717], [-119.364233, 42.56036], [-119.364289, 42.56036], [-119.369164, 42.560365], [-119.374094, 42.560369], [-119.37606, 42.56037], [-119.376063, 42.56037], [-119.379025, 42.560373], [-119.383956, 42.560377], [-119.383919, 42.556721], [-119.383883, 42.553064], [-119.383846, 42.549408], [-119.38381, 42.545751], [-119.378897, 42.545743], [-119.376063, 42.545738], [-119.37606, 42.545738], [-119.373985, 42.545734], [-119.369073, 42.545726], [-119.364218, 42.545718], [-119.364161, 42.545718], [-119.364174, 42.54843]]]}}, {"type": "Feature", "properties": {"PLSSID": "OR330350S0270E0", "FRSTDIVID": "OR330350S0270E0SN010", "FRSTDIVTYP": "SN", "FRSTDIVNO": "01"}, "geometry": {"type": "Polygon", "coordinates": [[[-119.501069, 42.560284], [-119.497293, 42.560305], [-119.492401, 42.560333], [-119.487509, 42.56036], [-119.482617, 42.560388], [-119.482612, 42.564025], [-119.482607, 42.567662], [-119.482588, 42.571293], [-119.482569, 42.574923], [-119.487488, 42.574906], [-119.492407, 42.57489], [-119.497327, 42.574874], [-119.501069, 42.574861], [-119.502246, 42.574857], [-119.502231, 42.571188], [-119.502215, 42.567551], [-119.5022, 42.563914], [-119.502185, 42.560278], [-119.501069, 42.560284]]]}}, {"type": "Feature", "properties": {"PLSSID": "OR330350S0270E0", "FRSTDIVID": "OR330350S0270E0SN020", "FRSTDIVTYP": "SN", "FRSTDIVNO": "02"}, "geometry": {"type": "Polygon", "coordinates": [[[-119.516865, 42.560177], [-119.511972, 42.560211], [-119.507078, 42.560244], [-119.502185, 42.560278], [-119.5022, 42.563914], [-119.502215, 42.567551], [-119.502231, 42.571188], [-119.502246, 42.574857], [-119.507203, 42.57486], [-119.512161, 42.574864], [-119.517118, 42.574867], [-119.522076, 42.574871], [-119.521995, 42.571138], [-119.521916, 42.567473], [-119.521837, 42.563808], [-119.521758, 42.560143], [-119.516865, 42.560177]]]}}, {"type": "Feature", "properties": {"PLSSID": "OR330350S0270E0", "FRSTDIVID": "OR330350S0270E0SN030", "FRSTDIVTYP": "SN", "FRSTDIVNO": "03"}, "geometry": {"type": "Polygon", "coordinates": [[[-119.521837, 42.563808], [-119.521916, 42.567473], [-119.521995, 42.571138], [-119.522076, 42.574871], [-119.526928, 42.574833], [-119.531779, 42.574796], [-119.536631, 42.574759], [-119.541483, 42.574722], [-119.541489, 42.571117], [-119.541496, 42.567501], [-119.541503, 42.563885], [-119.541509, 42.560269], [-119.536571, 42.560237], [-119.531634, 42.560206], [-119.526696, 42.560175], [-119.521758, 42.560143], [-119.521837, 42.563808]]]}}, {"type": "Feature", "properties": {"PLSSID": "OR330350S0270E0", "FRSTDIVID": "OR330350S0270E0SN040", "FRSTDIVTYP": "SN", "FRSTDIVNO": "04"}, "geometry": {"type": "Polygon", "coordinates": [[[-119.556038, 42.560188], [-119.551195, 42.560215], [-119.546352, 42.560242], [-119.541509, 42.560269], [-119.541503, 42.563885], [-119.541496, 42.567501], [-119.541489, 42.571117], [-119.541483, 42.574722], [-119.546412, 42.574741], [-119.551342, 42.574761], [-119.556271, 42.57478], [-119.561201, 42.5748], [-119.561122, 42.571195], [-119.561042, 42.567517], [-119.560962, 42.563839], [-119.560882, 42.560161], [-119.556038, 42.560188]]]}}, {"type": "Feature", "properties": {"PLSSID": "OR330350S0270E0", "FRSTDIVID": "OR330350S0270E0SN050", "FRSTDIVTYP": "SN", "FRSTDIVNO": "05"}, "geometry": {"type": "Polygon", "coordinates": [[[-119.560962, 42.563839], [-119.561042, 42.567517], [-119.561122, 42.571195], [-119.561201, 42.5748], [-119.566079, 42.574781], [-119.570956, 42.574763], [-119.575834, 42.574745], [-119.580711, 42.574726], [-119.580697, 42.571149], [-119.580683, 42.567489], [-119.580669, 42.563829], [-119.580655, 42.56017], [-119.575711, 42.560167], [-119.570768, 42.560165], [-119.565825, 42.560163], [-119.560882, 42.560161], [-119.560962, 42.563839]]]}}, {"type": "Feature", "properties": {"PLSSID": "OR330350S0270E0", "FRSTDIVID": "OR330350S0270E0SN060", "FRSTDIVTYP": "SN", "FRSTDIVNO": "06"}, "geometry": {"type": "Polygon", "coordinates": [[[-119.580669, 42.563829], [-119.580683, 42.567489], [-119.580697, 42.571149], [-119.580711, 42.574726], [-119.585673, 42.574724], [-119.590634, 42.574721], [-119.595595, 42.574718], [-119.600229, 42.574715], [-119.600206, 42.571087], [-119.600183, 42.567459], [-119.600161, 42.563831], [-119.600138, 42.560203], [-119.595452, 42.560195], [-119.59052, 42.560186], [-119.585587, 42.560178], [-119.580655, 42.56017], [-119.580669, 42.563829]]]}}, {"type": "Feature", "properties": {"PLSSID": "OR330350S0270E0", "FRSTDIVID": "OR330350S0270E0SN070", "FRSTDIVTYP": "SN", "FRSTDIVNO": "07"}, "geometry": {"type": "Polygon", "coordinates": [[[-119.595493, 42.545654], [-119.590531, 42.545657], [-119.585568, 42.54566], [-119.580605, 42.545662], [-119.580618, 42.549289], [-119.58063, 42.552916], [-119.580642, 42.556543], [-119.580655, 42.56017], [-119.585587, 42.560178], [-119.59052, 42.560186], [-119.595452, 42.560195], [-119.600138, 42.560203], [-119.600162, 42.556565], [-119.600185, 42.552927], [-119.600209, 42.549289], [-119.600232, 42.545652], [-119.595493, 42.545654]]]}}, {"type": "Feature", "properties": {"PLSSID": "OR330350S0270E0", "FRSTDIVID": "OR330350S0270E0SN080", "FRSTDIVTYP": "SN", "FRSTDIVNO": "08"}, "geometry": {"type": "Polygon", "coordinates": [[[-119.57568, 42.545685], [-119.570754, 42.545707], [-119.565829, 42.545729], [-119.560904, 42.545752], [-119.560898, 42.549354], [-119.560893, 42.552956], [-119.560887, 42.556558], [-119.560882, 42.560161], [-119.565825, 42.560163], [-119.570768, 42.560165], [-119.575711, 42.560167], [-119.580655, 42.56017], [-119.580642, 42.556543], [-119.58063, 42.552916], [-119.580618, 42.549289], [-119.580605, 42.545662], [-119.57568, 42.545685]]]}}, {"type": "Feature", "properties": {"PLSSID": "OR330350S0270E0", "FRSTDIVID": "OR330350S0270E0SN090", "FRSTDIVTYP": "SN", "FRSTDIVNO": "09"}, "geometry": {"type": "Polygon", "coordinates": [[[-119.541362, 42.549347], [-119.541411, 42.552988], [-119.54146, 42.556628], [-119.541509, 42.560269], [-119.546352, 42.560242], [-119.551195, 42.560215], [-119.556038, 42.560188], [-119.560882, 42.560161], [-119.560887, 42.556558], [-119.560893, 42.552956], [-119.560898, 42.549354], [-119.560904, 42.545752], [-119.556006, 42.54574], [-119.551108, 42.545729], [-119.546211, 42.545718], [-119.541313, 42.545706], [-119.541362, 42.549347]]]}}, {"type": "Feature", "properties": {"PLSSID": "OR330350S0270E0", "FRSTDIVID": "OR330350S0270E0SN100", "FRSTDIVTYP": "SN", "FRSTDIVNO": "10"}, "geometry": {"type": "Polygon", "coordinates": [[[-119.536404, 42.545715], [-119.531496, 42.545723], [-119.526587, 42.545731], [-119.521678, 42.54574], [-119.521698, 42.549341], [-119.521718, 42.552942], [-119.521738, 42.556542], [-119.521758, 42.560143], [-119.526696, 42.560175], [-119.531634, 42.560206], [-119.536571, 42.560237], [-119.541509, 42.560269], [-119.54146, 42.556628], [-119.541411, 42.552988], [-119.541362, 42.549347], [-119.541313, 42.545706], [-119.536404, 42.545715]]]}}, {"type": "Feature", "properties": {"PLSSID": "OR330350S0270E0", "FRSTDIVID": "OR330350S0270E0SN110", "FRSTDIVTYP": "SN", "FRSTDIVNO": "11"}, "geometry": {"type": "Polygon", "coordinates": [[[-119.516791, 42.545754], [-119.511905, 42.545769], [-119.507018, 42.545783], [-119.502132, 42.545797], [-119.502145, 42.549418], [-119.502158, 42.553038], [-119.502172, 42.556658], [-119.502185, 42.560278], [-119.507078, 42.560244], [-119.511972, 42.560211], [-119.516865, 42.560177], [-119.521758, 42.560143], [-119.521738, 42.556542], [-119.521718, 42.552942], [-119.521698, 42.549341], [-119.521678, 42.54574], [-119.516791, 42.545754]]]}}, {"type": "Feature", "properties": {"PLSSID": "OR330350S0270E0", "FRSTDIVID": "OR330350S0270E0SN120", "FRSTDIVTYP": "SN", "FRSTDIVNO": "12"}, "geometry": {"type": "Polygon", "coordinates": [[[-119.501069, 42.545798], [-119.497228, 42.545801], [-119.492324, 42.545806], [-119.487421, 42.54581], [-119.482517, 42.545814], [-119.482535, 42.549455], [-119.482553, 42.553097], [-119.482585, 42.556742], [-119.482617, 42.560388], [-119.487509, 42.56036], [-119.492401, 42.560333], [-119.497293, 42.560305], [-119.501069, 42.560284], [-119.502185, 42.560278], [-119.502172, 42.556658], [-119.502158, 42.553038], [-119.502145, 42.549418], [-119.502132, 42.545797], [-119.501069, 42.545798]]]}}, {"type": "Feature", "properties": {"PLSSID": "OR330350S0260E0", "FRSTDIVID": "OR330350S0260E0SN010", "FRSTDIVTYP": "SN", "FRSTDIVNO": "01"}, "geometry": {"type": "Polygon", "coordinates": [[[-119.615034, 42.560139], [-119.610069, 42.56016], [-119.605103, 42.560181], [-119.600138, 42.560203], [-119.600161, 42.563831], [-119.600183, 42.567459], [-119.600206, 42.571087], [-119.600229, 42.574715], [-119.605155, 42.574687], [-119.61008, 42.574659], [-119.615006, 42.574631], [-119.619932, 42.574602], [-119.619949, 42.570995], [-119.619966, 42.567369], [-119.619982, 42.563743], [-119.619999, 42.560117], [-119.615034, 42.560139]]]}}, {"type": "Feature", "properties": {"PLSSID": "OR330350S0260E0", "FRSTDIVID": "OR330350S0260E0SN020", "FRSTDIVTYP": "SN", "FRSTDIVNO": "02"}, "geometry": {"type": "Polygon", "coordinates": [[[-119.619982, 42.563743], [-119.619966, 42.567369], [-119.619949, 42.570995], [-119.619932, 42.574602], [-119.624821, 42.57462], [-119.626074, 42.574625], [-119.62971, 42.574638], [-119.634599, 42.574656], [-119.639489, 42.574674], [-119.639513, 42.571054], [-119.639538, 42.567425], [-119.639563, 42.563796], [-119.639588, 42.560167], [-119.634691, 42.560155], [-119.629794, 42.560142], [-119.626074, 42.560133], [-119.624897, 42.56013], [-119.619999, 42.560117], [-119.619982, 42.563743]]]}}, {"type": "Feature", "properties": {"PLSSID": "OR330350S0260E0", "FRSTDIVID": "OR330350S0260E0SN030", "FRSTDIVTYP": "SN", "FRSTDIVNO": "03"}, "geometry": {"type": "Polygon", "coordinates": [[[-119.654295, 42.560118], [-119.649393, 42.560135], [-119.64449, 42.560151], [-119.639588, 42.560167], [-119.639563, 42.563796], [-119.639538, 42.567425], [-119.639513, 42.571054], [-119.639489, 42.574674], [-119.644414, 42.574678], [-119.64934, 42.574683], [-119.654266, 42.574687], [-119.659191, 42.574691], [-119.659193, 42.57104], [-119.659194, 42.567394], [-119.659196, 42.563748], [-119.659197, 42.560102], [-119.654295, 42.560118]]]}}, {"type": "Feature", "properties": {"PLSSID": "OR330350S0260E0", "FRSTDIVID": "OR330350S0260E0SN040", "FRSTDIVTYP": "SN", "FRSTDIVNO": "04"}, "geometry": {"type": "Polygon", "coordinates": [[[-119.659196, 42.563748], [-119.659194, 42.567394], [-119.659193, 42.57104], [-119.659191, 42.574691], [-119.664096, 42.574705], [-119.669002, 42.57472], [-119.673907, 42.574734], [-119.678812, 42.574748], [-119.67882, 42.571093], [-119.678828, 42.567454], [-119.678835, 42.563815], [-119.678843, 42.560176], [-119.673932, 42.560157], [-119.66902, 42.560139], [-119.664109, 42.56012], [-119.659197, 42.560102], [-119.659196, 42.563748]]]}}, {"type": "Feature", "properties": {"PLSSID": "OR330350S0260E0", "FRSTDIVID": "OR330350S0260E0SN050", "FRSTDIVTYP": "SN", "FRSTDIVNO": "05"}, "geometry": {"type": "Polygon", "coordinates": [[[-119.688616, 42.574856], [-119.693066, 42.574849], [-119.693565, 42.574848], [-119.697517, 42.574842], [-119.698514, 42.574846], [-119.698502, 42.571142], [-119.69849, 42.567476], [-119.698478, 42.563809], [-119.698467, 42.560142], [-119.693561, 42.560151], [-119.688655, 42.560159], [-119.683749, 42.560167], [-119.678843, 42.560176], [-119.678835, 42.563815], [-119.678828, 42.567454], [-119.67882, 42.571093], [-119.678812, 42.574748], [-119.683714, 42.574802], [-119.688616, 42.574856]]]}}, {"type": "Feature", "properties": {"PLSSID": "OR330350S0260E0", "FRSTDIVID": "OR330350S0260E0SN060", "FRSTDIVTYP": "SN", "FRSTDIVNO": "06"}, "geometry": {"type": "Polygon", "coordinates": [[[-119.70336, 42.560141], [-119.698467, 42.560142], [-119.698478, 42.563809], [-119.69849, 42.567476], [-119.698502, 42.571142], [-119.698514, 42.574846], [-119.702422, 42.574849], [-119.703417, 42.574849], [-119.70622, 42.574851], [-119.708314, 42.574856], [-119.711107, 42.574859], [-119.713208, 42.574862], [-119.715996, 42.574866], [-119.719114, 42.574869], [-119.71907, 42.571212], [-119.719064, 42.570756], [-119.719025, 42.567542], [-119.719024, 42.56714], [-119.719016, 42.563874], [-119.719015, 42.563524], [-119.719006, 42.560207], [-119.713183, 42.560171], [-119.708254, 42.56014], [-119.70336, 42.560141]]]}}, {"type": "Feature", "properties": {"PLSSID": "OR330350S0260E0", "FRSTDIVID": "OR330350S0260E0SN070", "FRSTDIVTYP": "SN", "FRSTDIVNO": "07"}, "geometry": {"type": "Polygon", "coordinates": [[[-119.713183, 42.560171], [-119.719006, 42.560207], [-119.719006, 42.559908], [-119.719008, 42.556459], [-119.719008, 42.55636], [-119.71901, 42.55274], [-119.71901, 42.552723], [-119.71901, 42.552707], [-119.718986, 42.549219], [-119.718985, 42.549067], [-119.718961, 42.545698], [-119.718959, 42.545427], [-119.713127, 42.545486], [-119.708215, 42.545536], [-119.703304, 42.545586], [-119.698393, 42.545636], [-119.698411, 42.549262], [-119.69843, 42.552889], [-119.698448, 42.556516], [-119.698467, 42.560142], [-119.70336, 42.560141], [-119.708254, 42.56014], [-119.713183, 42.560171]]]}}, {"type": "Feature", "properties": {"PLSSID": "OR330350S0260E0", "FRSTDIVID": "OR330350S0260E0SN080", "FRSTDIVTYP": "SN", "FRSTDIVNO": "08"}, "geometry": {"type": "Polygon", "coordinates": [[[-119.69353, 42.545647], [-119.688667, 42.545658], [-119.683804, 42.545669], [-119.678941, 42.54568], [-119.678917, 42.549304], [-119.678892, 42.552928], [-119.678868, 42.556552], [-119.678843, 42.560176], [-119.683749, 42.560167], [-119.688655, 42.560159], [-119.693561, 42.560151], [-119.698467, 42.560142], [-119.698448, 42.556516], [-119.69843, 42.552889], [-119.698411, 42.549262], [-119.698393, 42.545636], [-119.69353, 42.545647]]]}}, {"type": "Feature", "properties": {"PLSSID": "OR330350S0260E0", "FRSTDIVID": "OR330350S0260E0SN090", "FRSTDIVTYP": "SN", "FRSTDIVNO": "09"}, "geometry": {"type": "Polygon", "coordinates": [[[-119.659341, 42.549275], [-119.659293, 42.552884], [-119.659245, 42.556493], [-119.659197, 42.560102], [-119.664109, 42.56012], [-119.66902, 42.560139], [-119.673932, 42.560157], [-119.678843, 42.560176], [-119.678868, 42.556552], [-119.678892, 42.552928], [-119.678917, 42.549304], [-119.678941, 42.54568], [-119.674053, 42.545677], [-119.669165, 42.545673], [-119.664277, 42.54567], [-119.659389, 42.545666], [-119.659341, 42.549275]]]}}, {"type": "Feature", "properties": {"PLSSID": "OR330350S0260E0", "FRSTDIVID": "OR330350S0260E0SN100", "FRSTDIVTYP": "SN", "FRSTDIVNO": "10"}, "geometry": {"type": "Polygon", "coordinates": [[[-119.639485, 42.549188], [-119.639519, 42.552848], [-119.639554, 42.556507], [-119.639588, 42.560167], [-119.64449, 42.560151], [-119.649393, 42.560135], [-119.654295, 42.560118], [-119.659197, 42.560102], [-119.659245, 42.556493], [-119.659293, 42.552884], [-119.659341, 42.549275], [-119.659389, 42.545666], [-119.654404, 42.545632], [-119.64942, 42.545597], [-119.644435, 42.545563], [-119.63945, 42.545528], [-119.639485, 42.549188]]]}}, {"type": "Feature", "properties": {"PLSSID": "OR330350S0260E0", "FRSTDIVID": "OR330350S0260E0SN110", "FRSTDIVTYP": "SN", "FRSTDIVNO": "11"}, "geometry": {"type": "Polygon", "coordinates": [[[-119.63458, 42.545549], [-119.629711, 42.545569], [-119.626073, 42.545585], [-119.624841, 42.54559], [-119.619971, 42.54561], [-119.619978, 42.549237], [-119.619985, 42.552864], [-119.619992, 42.55649], [-119.619999, 42.560117], [-119.624897, 42.56013], [-119.626074, 42.560133], [-119.629794, 42.560142], [-119.634691, 42.560155], [-119.639588, 42.560167], [-119.639554, 42.556507], [-119.639519, 42.552848], [-119.639485, 42.549188], [-119.63945, 42.545528], [-119.63458, 42.545549]]]}}, {"type": "Feature", "properties": {"PLSSID": "OR330350S0260E0", "FRSTDIVID": "OR330350S0260E0SN120", "FRSTDIVTYP": "SN", "FRSTDIVNO": "12"}, "geometry": {"type": "Polygon", "coordinates": [[[-119.615036, 42.54562], [-119.610102, 42.545631], [-119.605167, 42.545641], [-119.600232, 42.545652], [-119.600209, 42.549289], [-119.600185, 42.552927], [-119.600162, 42.556565], [-119.600138, 42.560203], [-119.605103, 42.560181], [-119.610069, 42.56016], [-119.615034, 42.560139], [-119.619999, 42.560117], [-119.619992, 42.55649], [-119.619985, 42.552864], [-119.619978, 42.549237], [-119.619971, 42.54561], [-119.615036, 42.54562]]]}}, {"type": "Feature", "properties": {"PLSSID": "OR330350S0250E0", "FRSTDIVID": "OR330350S0250E0SN010", "FRSTDIVTYP": "SN", "FRSTDIVNO": "01"}, "geometry": {"type": "Polygon", "coordinates": [[[-119.719114, 42.574869], [-119.720876, 42.57486], [-119.724002, 42.574844], [-119.725754, 42.574835], [-119.726427, 42.574834], [-119.726626, 42.574834], [-119.72889, 42.57483], [-119.730637, 42.574831], [-119.733201, 42.574832], [-119.735518, 42.574832], [-119.737512, 42.574833], [-119.737485, 42.571032], [-119.737485, 42.571013], [-119.737477, 42.569815], [-119.737479, 42.56723], [-119.737511, 42.563565], [-119.737522, 42.562223], [-119.737542, 42.5599], [-119.732915, 42.559897], [-119.732674, 42.559897], [-119.728287, 42.559894], [-119.727783, 42.559894], [-119.723647, 42.559901], [-119.722893, 42.559902], [-119.719006, 42.559908], [-119.719006, 42.560207], [-119.719015, 42.563524], [-119.719016, 42.563874], [-119.719024, 42.56714], [-119.719025, 42.567542], [-119.719064, 42.570756], [-119.71907, 42.571212], [-119.719114, 42.574869]]]}}, {"type": "Feature", "properties": {"PLSSID": "OR330350S0250E0", "FRSTDIVID": "OR330350S0250E0SN020", "FRSTDIVTYP": "SN", "FRSTDIVNO": "02"}, "geometry": {"type": "Polygon", "coordinates": [[[-119.737512, 42.574833], [-119.742426, 42.57482], [-119.745289, 42.574812], [-119.74734, 42.574807], [-119.750191, 42.574799], [-119.751078, 42.574796], [-119.752264, 42.574793], [-119.754942, 42.574786], [-119.755086, 42.574786], [-119.757181, 42.574784], [-119.757192, 42.570895], [-119.757201, 42.567179], [-119.757202, 42.566998], [-119.757202, 42.566969], [-119.757213, 42.563537], [-119.757226, 42.559894], [-119.752287, 42.559913], [-119.751078, 42.559918], [-119.747347, 42.559932], [-119.74688, 42.559931], [-119.742445, 42.559916], [-119.737542, 42.5599], [-119.737522, 42.562223], [-119.737511, 42.563565], [-119.737479, 42.56723], [-119.737477, 42.569815], [-119.737485, 42.571013], [-119.737485, 42.571032], [-119.737512, 42.574833]]]}}, {"type": "Feature", "properties": {"PLSSID": "OR330350S0250E0", "FRSTDIVID": "OR330350S0250E0SN030", "FRSTDIVTYP": "SN", "FRSTDIVNO": "03"}, "geometry": {"type": "Polygon", "coordinates": [[[-119.757181, 42.574784], [-119.759973, 42.574782], [-119.762078, 42.57478], [-119.764859, 42.574777], [-119.765996, 42.574777], [-119.769694, 42.57476], [-119.7719, 42.574751], [-119.774602, 42.574739], [-119.776818, 42.574729], [-119.776819, 42.574643], [-119.776835, 42.571168], [-119.776833, 42.571078], [-119.776784, 42.568548], [-119.77681, 42.567388], [-119.776874, 42.563771], [-119.776938, 42.560154], [-119.776895, 42.560153], [-119.772008, 42.560057], [-119.767078, 42.55996], [-119.762152, 42.559927], [-119.757226, 42.559894], [-119.757213, 42.563537], [-119.757202, 42.566969], [-119.757202, 42.566998], [-119.757201, 42.567179], [-119.757192, 42.570895], [-119.757181, 42.574784]]]}}, {"type": "Feature", "properties": {"PLSSID": "OR330350S0250E0", "FRSTDIVID": "OR330350S0250E0SN040", "FRSTDIVTYP": "SN", "FRSTDIVNO": "04"}, "geometry": {"type": "Polygon", "coordinates": [[[-119.776874, 42.563771], [-119.77681, 42.567388], [-119.776784, 42.568548], [-119.776833, 42.571078], [-119.776835, 42.571168], [-119.776819, 42.574643], [-119.776818, 42.574729], [-119.779511, 42.574717], [-119.781858, 42.574706], [-119.784421, 42.574695], [-119.786896, 42.574684], [-119.789337, 42.574673], [-119.791933, 42.574661], [-119.794254, 42.574651], [-119.79697, 42.574639], [-119.796966, 42.57105], [-119.796962, 42.567608], [-119.796962, 42.567512], [-119.796962, 42.567418], [-119.796961, 42.564314], [-119.796933, 42.56401], [-119.796924, 42.56391], [-119.796603, 42.560384], [-119.796569, 42.560384], [-119.791708, 42.560355], [-119.791663, 42.560355], [-119.786813, 42.560326], [-119.781875, 42.56024], [-119.776938, 42.560154], [-119.776874, 42.563771]]]}}, {"type": "Feature", "properties": {"PLSSID": "OR330350S0250E0", "FRSTDIVID": "OR330350S0250E0SN050", "FRSTDIVTYP": "SN", "FRSTDIVNO": "05"}, "geometry": {"type": "Polygon", "coordinates": [[[-119.801718, 42.560345], [-119.796603, 42.560384], [-119.796924, 42.56391], [-119.796933, 42.56401], [-119.796961, 42.564314], [-119.796962, 42.567418], [-119.796962, 42.567512], [-119.796962, 42.567608], [-119.796966, 42.57105], [-119.79697, 42.574639], [-119.799171, 42.574629], [-119.801877, 42.574617], [-119.804087, 42.574607], [-119.806784, 42.574595], [-119.808995, 42.574586], [-119.811691, 42.574574], [-119.813903, 42.574564], [-119.816598, 42.574552], [-119.816608, 42.571046], [-119.816605, 42.569294], [-119.816737, 42.568084], [-119.816749, 42.564324], [-119.816761, 42.560565], [-119.811797, 42.560435], [-119.806833, 42.560306], [-119.801718, 42.560345]]]}}, {"type": "Feature", "properties": {"PLSSID": "OR330350S0250E0", "FRSTDIVID": "OR330350S0250E0SN060", "FRSTDIVTYP": "SN", "FRSTDIVNO": "06"}, "geometry": {"type": "Polygon", "coordinates": [[[-119.825647, 42.574563], [-119.825649, 42.573806], [-119.825658, 42.571032], [-119.825661, 42.570132], [-119.826415, 42.570136], [-119.830616, 42.570154], [-119.831445, 42.570158], [-119.835572, 42.570177], [-119.836475, 42.57018], [-119.836495, 42.569068], [-119.836514, 42.567956], [-119.836534, 42.566852], [-119.836578, 42.564336], [-119.836595, 42.563349], [-119.836642, 42.560716], [-119.831666, 42.560758], [-119.82669, 42.560801], [-119.821726, 42.560683], [-119.816761, 42.560565], [-119.816749, 42.564324], [-119.816737, 42.568084], [-119.816605, 42.569294], [-119.816608, 42.571046], [-119.816598, 42.574552], [-119.818811, 42.574542], [-119.819817, 42.574537], [-119.822267, 42.574532], [-119.825647, 42.574563]]]}}, {"type": "Feature", "properties": {"PLSSID": "OR330350S0250E0", "FRSTDIVID": "OR330350S0250E0SN070", "FRSTDIVTYP": "SN", "FRSTDIVNO": "07"}, "geometry": {"type": "Polygon", "coordinates": [[[-119.81673, 42.549404], [-119.816741, 42.552634], [-119.816701, 42.55314], [-119.816413, 42.556476], [-119.816444, 42.556873], [-119.816761, 42.560565], [-119.821726, 42.560683], [-119.82669, 42.560801], [-119.831666, 42.560758], [-119.836642, 42.560716], [-119.836646, 42.559847], [-119.836659, 42.556931], [-119.836662, 42.556344], [-119.836677, 42.553146], [-119.836678, 42.552616], [-119.836682, 42.549489], [-119.836683, 42.548887], [-119.836687, 42.545831], [-119.831708, 42.545805], [-119.82782, 42.54579], [-119.827815, 42.54579], [-119.826877, 42.545766], [-119.826733, 42.545763], [-119.822812, 42.545669], [-119.821723, 42.545668], [-119.816714, 42.545664], [-119.81673, 42.549404]]]}}, {"type": "Feature", "properties": {"PLSSID": "OR330350S0250E0", "FRSTDIVID": "OR330350S0250E0SN080", "FRSTDIVTYP": "SN", "FRSTDIVNO": "08"}, "geometry": {"type": "Polygon", "coordinates": [[[-119.811797, 42.560435], [-119.816761, 42.560565], [-119.816444, 42.556873], [-119.816413, 42.556476], [-119.816701, 42.55314], [-119.816741, 42.552634], [-119.81673, 42.549404], [-119.816714, 42.545664], [-119.811769, 42.545667], [-119.806824, 42.545669], [-119.801879, 42.545672], [-119.796933, 42.545674], [-119.796937, 42.549337], [-119.796938, 42.551169], [-119.79694, 42.553001], [-119.796855, 42.554847], [-119.796771, 42.556692], [-119.796603, 42.560384], [-119.801718, 42.560345], [-119.806833, 42.560306], [-119.811797, 42.560435]]]}}, {"type": "Feature", "properties": {"PLSSID": "OR330350S0250E0", "FRSTDIVID": "OR330350S0250E0SN090", "FRSTDIVTYP": "SN", "FRSTDIVNO": "09"}, "geometry": {"type": "Polygon", "coordinates": [[[-119.777087, 42.549284], [-119.777027, 42.552929], [-119.776982, 42.556542], [-119.776939, 42.560069], [-119.776938, 42.560154], [-119.781875, 42.56024], [-119.786813, 42.560326], [-119.791663, 42.560355], [-119.791708, 42.560355], [-119.796569, 42.560384], [-119.796603, 42.560384], [-119.796771, 42.556692], [-119.796855, 42.554847], [-119.79694, 42.553001], [-119.796938, 42.551169], [-119.796937, 42.549337], [-119.796933, 42.545674], [-119.791978, 42.54567], [-119.787023, 42.545667], [-119.782084, 42.545652], [-119.777146, 42.545638], [-119.777087, 42.549284]]]}}, {"type": "Feature", "properties": {"PLSSID": "OR330350S0250E0", "FRSTDIVID": "OR330350S0250E0SN100", "FRSTDIVTYP": "SN", "FRSTDIVNO": "10"}, "geometry": {"type": "Polygon", "coordinates": [[[-119.757222, 42.549022], [-119.757224, 42.552646], [-119.757224, 42.552695], [-119.757224, 42.552804], [-119.757224, 42.552809], [-119.757225, 42.55627], [-119.757226, 42.559894], [-119.762152, 42.559927], [-119.767078, 42.55996], [-119.772008, 42.560057], [-119.776895, 42.560153], [-119.776938, 42.560154], [-119.776939, 42.560069], [-119.776982, 42.556542], [-119.777027, 42.552929], [-119.777087, 42.549284], [-119.777146, 42.545638], [-119.772165, 42.545578], [-119.770873, 42.545562], [-119.770871, 42.545562], [-119.770868, 42.545563], [-119.767184, 42.545518], [-119.762202, 42.545458], [-119.757221, 42.545398], [-119.757222, 42.549022]]]}}, {"type": "Feature", "properties": {"PLSSID": "OR330350S0250E0", "FRSTDIVID": "OR330350S0250E0SN110", "FRSTDIVTYP": "SN", "FRSTDIVNO": "11"}, "geometry": {"type": "Polygon", "coordinates": [[[-119.752356, 42.545479], [-119.751078, 42.545501], [-119.747491, 42.545561], [-119.742626, 42.545642], [-119.73776, 42.545723], [-119.737706, 42.549286], [-119.737652, 42.552849], [-119.737597, 42.55641], [-119.737542, 42.5599], [-119.742445, 42.559916], [-119.74688, 42.559931], [-119.747347, 42.559932], [-119.751078, 42.559918], [-119.752287, 42.559913], [-119.757226, 42.559894], [-119.757225, 42.55627], [-119.757224, 42.552809], [-119.757224, 42.552804], [-119.757224, 42.552695], [-119.757224, 42.552646], [-119.757222, 42.549022], [-119.757221, 42.545398], [-119.752356, 42.545479]]]}}, {"type": "Feature", "properties": {"PLSSID": "OR330350S0250E0", "FRSTDIVID": "OR330350S0250E0SN120", "FRSTDIVTYP": "SN", "FRSTDIVNO": "12"}, "geometry": {"type": "Polygon", "coordinates": [[[-119.719006, 42.559908], [-119.722893, 42.559902], [-119.723647, 42.559901], [-119.727783, 42.559894], [-119.728287, 42.559894], [-119.732674, 42.559897], [-119.732915, 42.559897], [-119.737542, 42.5599], [-119.737597, 42.55641], [-119.737652, 42.552849], [-119.737706, 42.549286], [-119.73776, 42.545723], [-119.733067, 42.545712], [-119.732899, 42.545712], [-119.728372, 42.545702], [-119.728037, 42.545702], [-119.723667, 42.5457], [-119.723167, 42.5457], [-119.718961, 42.545698], [-119.718985, 42.549067], [-119.718986, 42.549219], [-119.71901, 42.552707], [-119.71901, 42.552723], [-119.71901, 42.55274], [-119.719008, 42.55636], [-119.719008, 42.556459], [-119.719006, 42.559908]]]}}, {"type": "Feature", "properties": {"PLSSID": "OR330350S0240E0", "FRSTDIVID": "OR330350S0240E0SN010", "FRSTDIVTYP": "SN", "FRSTDIVNO": "01"}, "geometry": {"type": "Polygon", "coordinates": [[[-119.84075, 42.556063], [-119.836662, 42.556344], [-119.836659, 42.556931], [-119.836646, 42.559847], [-119.836642, 42.560716], [-119.836595, 42.563349], [-119.836578, 42.564336], [-119.836534, 42.566852], [-119.836514, 42.567956], [-119.836495, 42.569068], [-119.836475, 42.57018], [-119.840515, 42.570161], [-119.840602, 42.570161], [-119.845456, 42.570139], [-119.845458, 42.566514], [-119.84546, 42.56289], [-119.84551, 42.559311], [-119.845559, 42.555732], [-119.84075, 42.556063]]]}}, {"type": "Feature", "properties": {"PLSSID": "OR330350S0240E0", "FRSTDIVID": "OR330350S0240E0SN020", "FRSTDIVTYP": "SN", "FRSTDIVNO": "02"}, "geometry": {"type": "Polygon", "coordinates": [[[-119.860323, 42.555687], [-119.855381, 42.555696], [-119.85047, 42.555714], [-119.845559, 42.555732], [-119.84551, 42.559311], [-119.84546, 42.56289], [-119.845458, 42.566514], [-119.845456, 42.570139], [-119.850395, 42.570135], [-119.855333, 42.570132], [-119.86027, 42.570129], [-119.865207, 42.570125], [-119.865224, 42.566562], [-119.86524, 42.562937], [-119.865253, 42.559308], [-119.865265, 42.555679], [-119.860323, 42.555687]]]}}, {"type": "Feature", "properties": {"PLSSID": "OR330350S0240E0", "FRSTDIVID": "OR330350S0240E0SN030", "FRSTDIVTYP": "SN", "FRSTDIVNO": "03"}, "geometry": {"type": "Polygon", "coordinates": [[[-119.865253, 42.559308], [-119.86524, 42.562937], [-119.865224, 42.566562], [-119.865207, 42.570125], [-119.870123, 42.570133], [-119.87504, 42.57014], [-119.87608, 42.570141], [-119.879956, 42.570147], [-119.884872, 42.570154], [-119.884884, 42.566568], [-119.884896, 42.562939], [-119.884916, 42.559309], [-119.884937, 42.55568], [-119.880019, 42.55568], [-119.87608, 42.555679], [-119.875101, 42.555679], [-119.870183, 42.555679], [-119.865265, 42.555679], [-119.865253, 42.559308]]]}}, {"type": "Feature", "properties": {"PLSSID": "OR330350S0240E0", "FRSTDIVID": "OR330350S0240E0SN040", "FRSTDIVTYP": "SN", "FRSTDIVNO": "04"}, "geometry": {"type": "Polygon", "coordinates": [[[-119.884916, 42.559309], [-119.884896, 42.562939], [-119.884884, 42.566568], [-119.884872, 42.570154], [-119.889819, 42.570168], [-119.894765, 42.570182], [-119.899698, 42.570172], [-119.904632, 42.570163], [-119.904665, 42.566611], [-119.9047, 42.562968], [-119.904735, 42.559326], [-119.904769, 42.555683], [-119.899811, 42.555682], [-119.894853, 42.555681], [-119.889895, 42.555681], [-119.884937, 42.55568], [-119.884916, 42.559309]]]}}, {"type": "Feature", "properties": {"PLSSID": "OR330350S0240E0", "FRSTDIVID": "OR330350S0240E0SN050", "FRSTDIVTYP": "SN", "FRSTDIVNO": "05"}, "geometry": {"type": "Polygon", "coordinates": [[[-119.919957, 42.555587], [-119.914894, 42.555619], [-119.909832, 42.555651], [-119.904769, 42.555683], [-119.904735, 42.559326], [-119.9047, 42.562968], [-119.904665, 42.566611], [-119.904632, 42.570163], [-119.909545, 42.570166], [-119.914459, 42.570169], [-119.919373, 42.570173], [-119.924286, 42.570176], [-119.924467, 42.566575], [-119.924651, 42.562901], [-119.924835, 42.559228], [-119.925019, 42.555555], [-119.919957, 42.555587]]]}}, {"type": "Feature", "properties": {"PLSSID": "OR330350S0240E0", "FRSTDIVID": "OR330350S0240E0SN060", "FRSTDIVTYP": "SN", "FRSTDIVNO": "06"}, "geometry": {"type": "Polygon", "coordinates": [[[-119.924835, 42.559228], [-119.924651, 42.562901], [-119.924467, 42.566575], [-119.924286, 42.570176], [-119.9292, 42.57018], [-119.934113, 42.570183], [-119.939027, 42.570187], [-119.943941, 42.57019], [-119.944002, 42.566619], [-119.944003, 42.566534], [-119.944063, 42.563047], [-119.944065, 42.562906], [-119.944099, 42.559323], [-119.9441, 42.559277], [-119.944135, 42.555648], [-119.944136, 42.555599], [-119.939467, 42.555588], [-119.934651, 42.555577], [-119.929835, 42.555566], [-119.925019, 42.555555], [-119.924835, 42.559228]]]}}, {"type": "Feature", "properties": {"PLSSID": "OR330350S0240E0", "FRSTDIVID": "OR330350S0240E0SN070", "FRSTDIVTYP": "SN", "FRSTDIVNO": "07"}, "geometry": {"type": "Polygon", "coordinates": [[[-119.924783, 42.544688], [-119.924861, 42.54831], [-119.92494, 42.551933], [-119.925019, 42.555555], [-119.929835, 42.555566], [-119.934651, 42.555577], [-119.939467, 42.555588], [-119.944136, 42.555599], [-119.944152, 42.552019], [-119.944152, 42.552002], [-119.944152, 42.551986], [-119.944169, 42.54839], [-119.944169, 42.548381], [-119.944169, 42.548372], [-119.944119, 42.544762], [-119.944118, 42.544725], [-119.944068, 42.541133], [-119.944068, 42.541077], [-119.939266, 42.541075], [-119.934433, 42.541072], [-119.929569, 42.541069], [-119.924704, 42.541066], [-119.924783, 42.544688]]]}}, {"type": "Feature", "properties": {"PLSSID": "OR330350S0240E0", "FRSTDIVID": "OR330350S0240E0SN080", "FRSTDIVTYP": "SN", "FRSTDIVNO": "08"}, "geometry": {"type": "Polygon", "coordinates": [[[-119.904804, 42.544688], [-119.904793, 42.548353], [-119.904781, 42.552018], [-119.904769, 42.555683], [-119.909832, 42.555651], [-119.914894, 42.555619], [-119.919957, 42.555587], [-119.925019, 42.555555], [-119.92494, 42.551933], [-119.924861, 42.54831], [-119.924783, 42.544688], [-119.924704, 42.541066], [-119.919732, 42.541055], [-119.91476, 42.541044], [-119.909788, 42.541034], [-119.904816, 42.541023], [-119.904804, 42.544688]]]}}, {"type": "Feature", "properties": {"PLSSID": "OR330350S0240E0", "FRSTDIVID": "OR330350S0240E0SN090", "FRSTDIVTYP": "SN", "FRSTDIVNO": "09"}, "geometry": {"type": "Polygon", "coordinates": [[[-119.899863, 42.541048], [-119.89491, 42.541073], [-119.889958, 42.541098], [-119.885005, 42.541123], [-119.884988, 42.544762], [-119.884971, 42.548401], [-119.884954, 42.552041], [-119.884937, 42.55568], [-119.889895, 42.555681], [-119.894853, 42.555681], [-119.899811, 42.555682], [-119.904769, 42.555683], [-119.904781, 42.552018], [-119.904793, 42.548353], [-119.904804, 42.544688], [-119.904816, 42.541023], [-119.899863, 42.541048]]]}}, {"type": "Feature", "properties": {"PLSSID": "OR330350S0240E0", "FRSTDIVID": "OR330350S0240E0SN100", "FRSTDIVTYP": "SN", "FRSTDIVNO": "10"}, "geometry": {"type": "Polygon", "coordinates": [[[-119.880069, 42.541124], [-119.876079, 42.541125], [-119.875134, 42.541125], [-119.870199, 42.541127], [-119.865264, 42.541128], [-119.865264, 42.544766], [-119.865264, 42.548403], [-119.865265, 42.552041], [-119.865265, 42.555679], [-119.870183, 42.555679], [-119.875101, 42.555679], [-119.87608, 42.555679], [-119.880019, 42.55568], [-119.884937, 42.55568], [-119.884954, 42.552041], [-119.884971, 42.548401], [-119.884988, 42.544762], [-119.885005, 42.541123], [-119.880069, 42.541124]]]}}, {"type": "Feature", "properties": {"PLSSID": "OR330350S0240E0", "FRSTDIVID": "OR330350S0240E0SN110", "FRSTDIVTYP": "SN", "FRSTDIVNO": "11"}, "geometry": {"type": "Polygon", "coordinates": [[[-119.860352, 42.541135], [-119.855441, 42.541141], [-119.850529, 42.541148], [-119.845618, 42.541155], [-119.845603, 42.544799], [-119.845589, 42.548443], [-119.845574, 42.552088], [-119.845559, 42.555732], [-119.85047, 42.555714], [-119.855381, 42.555696], [-119.860323, 42.555687], [-119.865265, 42.555679], [-119.865265, 42.552041], [-119.865264, 42.548403], [-119.865264, 42.544766], [-119.865264, 42.541128], [-119.860352, 42.541135]]]}}, {"type": "Feature", "properties": {"PLSSID": "OR330350S0240E0", "FRSTDIVID": "OR330350S0240E0SN120", "FRSTDIVTYP": "SN", "FRSTDIVNO": "12"}, "geometry": {"type": "Polygon", "coordinates": [[[-119.840745, 42.541305], [-119.836651, 42.541431], [-119.836658, 42.542207], [-119.836682, 42.545159], [-119.836687, 42.545831], [-119.836683, 42.548887], [-119.836682, 42.549489], [-119.836678, 42.552616], [-119.836677, 42.553146], [-119.836662, 42.556344], [-119.84075, 42.556063], [-119.845559, 42.555732], [-119.845574, 42.552088], [-119.845589, 42.548443], [-119.845603, 42.544799], [-119.845618, 42.541155], [-119.840745, 42.541305]]]}}, {"type": "Feature", "properties": {"PLSSID": "OR330350S0230E0", "FRSTDIVID": "OR330350S0230E0SN010", "FRSTDIVTYP": "SN", "FRSTDIVNO": "01"}, "geometry": {"type": "Polygon", "coordinates": [[[-119.958978, 42.55558], [-119.954092, 42.555604], [-119.9492, 42.555625], [-119.944135, 42.555648], [-119.9441, 42.559277], [-119.944099, 42.559323], [-119.944065, 42.562906], [-119.944063, 42.563047], [-119.944003, 42.566534], [-119.944002, 42.566619], [-119.943941, 42.57019], [-119.948867, 42.570197], [-119.949206, 42.570202], [-119.953794, 42.570204], [-119.954107, 42.570212], [-119.95873, 42.570218], [-119.959009, 42.570223], [-119.963666, 42.570232], [-119.963911, 42.570233], [-119.963903, 42.566451], [-119.963895, 42.562824], [-119.963879, 42.55919], [-119.963863, 42.555557], [-119.958978, 42.55558]]]}}, {"type": "Feature", "properties": {"PLSSID": "OR330350S0230E0", "FRSTDIVID": "OR330350S0230E0SN120", "FRSTDIVTYP": "SN", "FRSTDIVNO": "12"}, "geometry": {"type": "Polygon", "coordinates": [[[-119.959008, 42.541082], [-119.954121, 42.541097], [-119.949229, 42.541115], [-119.944068, 42.541133], [-119.944118, 42.544725], [-119.944119, 42.544762], [-119.944169, 42.548372], [-119.944169, 42.548381], [-119.944169, 42.54839], [-119.944152, 42.551986], [-119.944152, 42.552002], [-119.944152, 42.552019], [-119.944136, 42.555599], [-119.944135, 42.555648], [-119.9492, 42.555625], [-119.954092, 42.555604], [-119.958978, 42.55558], [-119.963863, 42.555557], [-119.963871, 42.551934], [-119.963879, 42.548312], [-119.963887, 42.54469], [-119.963895, 42.541067], [-119.959008, 42.541082]]]}}, {"type": "Feature", "properties": {"PLSSID": "OR330340S0290E0", "FRSTDIVID": "OR330340S0290E0SN030", "FRSTDIVTYP": "SN", "FRSTDIVNO": "03"}, "geometry": {"type": "Polygon", "coordinates": [[[-119.301438, 42.647329], [-119.296518, 42.647331], [-119.291599, 42.647333], [-119.286679, 42.647336], [-119.286695, 42.650951], [-119.286711, 42.654566], [-119.286729, 42.658184], [-119.286748, 42.661801], [-119.29167, 42.661803], [-119.296593, 42.661805], [-119.301515, 42.661806], [-119.306438, 42.661808], [-119.306416, 42.65818], [-119.306394, 42.65456], [-119.306376, 42.650943], [-119.306358, 42.647327], [-119.301438, 42.647329]]]}}, {"type": "Feature", "properties": {"PLSSID": "OR330340S0290E0", "FRSTDIVID": "OR330340S0290E0SN040", "FRSTDIVTYP": "SN", "FRSTDIVNO": "04"}, "geometry": {"type": "Polygon", "coordinates": [[[-119.306376, 42.650943], [-119.306394, 42.65456], [-119.306416, 42.65818], [-119.306438, 42.661808], [-119.31136, 42.66181], [-119.316283, 42.661811], [-119.321205, 42.661813], [-119.326128, 42.661815], [-119.326111, 42.658202], [-119.326094, 42.654586], [-119.326074, 42.650965], [-119.326054, 42.647344], [-119.32113, 42.64734], [-119.316206, 42.647335], [-119.311282, 42.647331], [-119.306358, 42.647327], [-119.306376, 42.650943]]]}}, {"type": "Feature", "properties": {"PLSSID": "OR330340S0290E0", "FRSTDIVID": "OR330340S0290E0SN050", "FRSTDIVTYP": "SN", "FRSTDIVNO": "05"}, "geometry": {"type": "Polygon", "coordinates": [[[-119.326074, 42.650965], [-119.326094, 42.654586], [-119.326111, 42.658202], [-119.326128, 42.661815], [-119.33105, 42.661816], [-119.335973, 42.661818], [-119.340895, 42.66182], [-119.345818, 42.661821], [-119.34581, 42.658227], [-119.345802, 42.654615], [-119.345786, 42.651007], [-119.345769, 42.647399], [-119.340841, 42.647385], [-119.335912, 42.647372], [-119.330983, 42.647358], [-119.326054, 42.647344], [-119.326074, 42.650965]]]}}, {"type": "Feature", "properties": {"PLSSID": "OR330340S0290E0", "FRSTDIVID": "OR330340S0290E0SN060", "FRSTDIVTYP": "SN", "FRSTDIVNO": "06"}, "geometry": {"type": "Polygon", "coordinates": [[[-119.345786, 42.651007], [-119.345802, 42.654615], [-119.34581, 42.658227], [-119.345818, 42.661821], [-119.35074, 42.661823], [-119.355663, 42.661825], [-119.360586, 42.661826], [-119.365067, 42.661828], [-119.365081, 42.659095], [-119.365085, 42.658275], [-119.365088, 42.65765], [-119.365103, 42.654678], [-119.36512, 42.651189], [-119.36512, 42.651105], [-119.36512, 42.65108], [-119.365138, 42.647483], [-119.36062, 42.647456], [-119.355659, 42.647429], [-119.350714, 42.647414], [-119.345769, 42.647399], [-119.345786, 42.651007]]]}}, {"type": "Feature", "properties": {"PLSSID": "OR330340S0290E0", "FRSTDIVID": "OR330340S0290E0SN070", "FRSTDIVTYP": "SN", "FRSTDIVNO": "07"}, "geometry": {"type": "Polygon", "coordinates": [[[-119.345658, 42.636562], [-119.345695, 42.640175], [-119.345732, 42.643787], [-119.345769, 42.647399], [-119.350714, 42.647414], [-119.355659, 42.647429], [-119.36062, 42.647456], [-119.365138, 42.647483], [-119.365104, 42.645937], [-119.365058, 42.643856], [-119.364991, 42.640787], [-119.364979, 42.640229], [-119.364935, 42.638202], [-119.3649, 42.636602], [-119.364891, 42.636227], [-119.36482, 42.632976], [-119.360345, 42.632975], [-119.355439, 42.632973], [-119.35053, 42.632961], [-119.345621, 42.63295], [-119.345658, 42.636562]]]}}, {"type": "Feature", "properties": {"PLSSID": "OR330340S0290E0", "FRSTDIVID": "OR330340S0290E0SN080", "FRSTDIVTYP": "SN", "FRSTDIVNO": "08"}, "geometry": {"type": "Polygon", "coordinates": [[[-119.325975, 42.636439], [-119.326001, 42.640074], [-119.326028, 42.643709], [-119.326054, 42.647344], [-119.330983, 42.647358], [-119.335912, 42.647372], [-119.340841, 42.647385], [-119.345769, 42.647399], [-119.345732, 42.643787], [-119.345695, 42.640175], [-119.345658, 42.636562], [-119.345621, 42.63295], [-119.340703, 42.632913], [-119.335785, 42.632877], [-119.330867, 42.63284], [-119.325949, 42.632803], [-119.325975, 42.636439]]]}}, {"type": "Feature", "properties": {"PLSSID": "OR330340S0290E0", "FRSTDIVID": "OR330340S0290E0SN090", "FRSTDIVTYP": "SN", "FRSTDIVNO": "09"}, "geometry": {"type": "Polygon", "coordinates": [[[-119.321035, 42.632817], [-119.316121, 42.632831], [-119.311208, 42.632845], [-119.306295, 42.632859], [-119.30631, 42.636476], [-119.306326, 42.640093], [-119.306342, 42.64371], [-119.306358, 42.647327], [-119.311282, 42.647331], [-119.316206, 42.647335], [-119.32113, 42.64734], [-119.326054, 42.647344], [-119.326028, 42.643709], [-119.326001, 42.640074], [-119.325975, 42.636439], [-119.325949, 42.632803], [-119.321035, 42.632817]]]}}, {"type": "Feature", "properties": {"PLSSID": "OR330340S0290E0", "FRSTDIVID": "OR330340S0290E0SN100", "FRSTDIVTYP": "SN", "FRSTDIVNO": "10"}, "geometry": {"type": "Polygon", "coordinates": [[[-119.301378, 42.632863], [-119.296462, 42.632866], [-119.291545, 42.63287], [-119.286628, 42.632874], [-119.286641, 42.636489], [-119.286654, 42.640104], [-119.286667, 42.64372], [-119.286679, 42.647336], [-119.291599, 42.647333], [-119.296518, 42.647331], [-119.301438, 42.647329], [-119.306358, 42.647327], [-119.306342, 42.64371], [-119.306326, 42.640093], [-119.30631, 42.636476], [-119.306295, 42.632859], [-119.301378, 42.632863]]]}}, {"type": "Feature", "properties": {"PLSSID": "OR330340S0290E0", "FRSTDIVID": "OR330340S0290E0SN150", "FRSTDIVTYP": "SN", "FRSTDIVNO": "15"}, "geometry": {"type": "Polygon", "coordinates": [[[-119.286587, 42.622047], [-119.286598, 42.624903], [-119.286601, 42.625656], [-119.286615, 42.629265], [-119.286628, 42.632874], [-119.291545, 42.63287], [-119.296462, 42.632866], [-119.301378, 42.632863], [-119.306295, 42.632859], [-119.306288, 42.629255], [-119.306281, 42.625651], [-119.30628, 42.624905], [-119.306275, 42.622046], [-119.306268, 42.618442], [-119.301345, 42.618441], [-119.296421, 42.61844], [-119.291497, 42.61844], [-119.286574, 42.618439], [-119.286587, 42.622047]]]}}, {"type": "Feature", "properties": {"PLSSID": "OR330340S0290E0", "FRSTDIVID": "OR330340S0290E0SN160", "FRSTDIVTYP": "SN", "FRSTDIVNO": "16"}, "geometry": {"type": "Polygon", "coordinates": [[[-119.306275, 42.622046], [-119.30628, 42.624905], [-119.306281, 42.625651], [-119.306288, 42.629255], [-119.306295, 42.632859], [-119.311208, 42.632845], [-119.316121, 42.632831], [-119.321035, 42.632817], [-119.325949, 42.632803], [-119.325936, 42.629238], [-119.325924, 42.625672], [-119.325921, 42.624905], [-119.325912, 42.622107], [-119.325899, 42.618541], [-119.320992, 42.618516], [-119.316084, 42.618491], [-119.311176, 42.618467], [-119.306268, 42.618442], [-119.306275, 42.622046]]]}}, {"type": "Feature", "properties": {"PLSSID": "OR330340S0290E0", "FRSTDIVID": "OR330340S0290E0SN170", "FRSTDIVTYP": "SN", "FRSTDIVNO": "17"}, "geometry": {"type": "Polygon", "coordinates": [[[-119.325912, 42.622107], [-119.325921, 42.624905], [-119.325924, 42.625672], [-119.325936, 42.629238], [-119.325949, 42.632803], [-119.330867, 42.63284], [-119.335785, 42.632877], [-119.340703, 42.632913], [-119.345621, 42.63295], [-119.345593, 42.62936], [-119.345565, 42.62577], [-119.345558, 42.624901], [-119.345537, 42.62218], [-119.345508, 42.61859], [-119.340606, 42.618577], [-119.335704, 42.618565], [-119.330802, 42.618553], [-119.325899, 42.618541], [-119.325912, 42.622107]]]}}, {"type": "Feature", "properties": {"PLSSID": "OR330340S0290E0", "FRSTDIVID": "OR330340S0290E0SN180", "FRSTDIVTYP": "SN", "FRSTDIVNO": "18"}, "geometry": {"type": "Polygon", "coordinates": [[[-119.345537, 42.62218], [-119.345558, 42.624901], [-119.345565, 42.62577], [-119.345593, 42.62936], [-119.345621, 42.63295], [-119.35053, 42.632961], [-119.355439, 42.632973], [-119.360345, 42.632975], [-119.36482, 42.632976], [-119.364818, 42.629385], [-119.364817, 42.627829], [-119.364816, 42.625795], [-119.364815, 42.624894], [-119.364814, 42.622798], [-119.364813, 42.622204], [-119.364812, 42.619881], [-119.364812, 42.619877], [-119.364811, 42.618613], [-119.364805, 42.618613], [-119.360303, 42.618608], [-119.355372, 42.618602], [-119.35044, 42.618596], [-119.345508, 42.61859], [-119.345537, 42.62218]]]}}, {"type": "Feature", "properties": {"PLSSID": "OR330340S0290E0", "FRSTDIVID": "OR330340S0290E0SN190", "FRSTDIVTYP": "SN", "FRSTDIVNO": "19"}, "geometry": {"type": "Polygon", "coordinates": [[[-119.364657, 42.604101], [-119.36021, 42.60411], [-119.355283, 42.604121], [-119.350357, 42.604131], [-119.34543, 42.604142], [-119.345449, 42.607754], [-119.345469, 42.611366], [-119.345489, 42.614978], [-119.345508, 42.61859], [-119.35044, 42.618596], [-119.355372, 42.618602], [-119.360303, 42.618608], [-119.364805, 42.618613], [-119.364811, 42.618613], [-119.364794, 42.616355], [-119.364794, 42.616348], [-119.364784, 42.614985], [-119.364758, 42.611357], [-119.364754, 42.610763], [-119.364732, 42.607729], [-119.364706, 42.604101], [-119.364657, 42.604101]]]}}, {"type": "Feature", "properties": {"PLSSID": "OR330340S0290E0", "FRSTDIVID": "OR330340S0290E0SN200", "FRSTDIVTYP": "SN", "FRSTDIVNO": "20"}, "geometry": {"type": "Polygon", "coordinates": [[[-119.325825, 42.607642], [-119.325849, 42.611275], [-119.325874, 42.614908], [-119.325899, 42.618541], [-119.330802, 42.618553], [-119.335704, 42.618565], [-119.340606, 42.618577], [-119.345508, 42.61859], [-119.345489, 42.614978], [-119.345469, 42.611366], [-119.345449, 42.607754], [-119.34543, 42.604142], [-119.340522, 42.604109], [-119.335615, 42.604075], [-119.330707, 42.604042], [-119.3258, 42.604009], [-119.325825, 42.607642]]]}}, {"type": "Feature", "properties": {"PLSSID": "OR330340S0290E0", "FRSTDIVID": "OR330340S0290E0SN210", "FRSTDIVTYP": "SN", "FRSTDIVNO": "21"}, "geometry": {"type": "Polygon", "coordinates": [[[-119.306169, 42.607516], [-119.306202, 42.611158], [-119.306235, 42.6148], [-119.306268, 42.618442], [-119.311176, 42.618467], [-119.316084, 42.618491], [-119.320992, 42.618516], [-119.325899, 42.618541], [-119.325874, 42.614908], [-119.325849, 42.611275], [-119.325825, 42.607642], [-119.3258, 42.604009], [-119.320884, 42.603975], [-119.315967, 42.603942], [-119.311051, 42.603908], [-119.306135, 42.603874], [-119.306169, 42.607516]]]}}, {"type": "Feature", "properties": {"PLSSID": "OR330340S0290E0", "FRSTDIVID": "OR330340S0290E0SN220", "FRSTDIVTYP": "SN", "FRSTDIVNO": "22"}, "geometry": {"type": "Polygon", "coordinates": [[[-119.286477, 42.607486], [-119.286509, 42.611137], [-119.286541, 42.614788], [-119.286574, 42.618439], [-119.291497, 42.61844], [-119.296421, 42.61844], [-119.301345, 42.618441], [-119.306268, 42.618442], [-119.306235, 42.6148], [-119.306202, 42.611158], [-119.306169, 42.607516], [-119.306135, 42.603874], [-119.301213, 42.603865], [-119.29629, 42.603855], [-119.291368, 42.603845], [-119.286445, 42.603835], [-119.286477, 42.607486]]]}}, {"type": "Feature", "properties": {"PLSSID": "OR330340S0290E0", "FRSTDIVID": "OR330340S0290E0SN270", "FRSTDIVTYP": "SN", "FRSTDIVNO": "27"}, "geometry": {"type": "Polygon", "coordinates": [[[-119.301075, 42.589355], [-119.296155, 42.589365], [-119.291236, 42.589375], [-119.286316, 42.589386], [-119.286348, 42.592998], [-119.286381, 42.59661], [-119.286413, 42.600223], [-119.286445, 42.603835], [-119.291368, 42.603845], [-119.29629, 42.603855], [-119.301213, 42.603865], [-119.306135, 42.603874], [-119.3061, 42.600242], [-119.306065, 42.59661], [-119.30603, 42.592977], [-119.305995, 42.589345], [-119.301075, 42.589355]]]}}, {"type": "Feature", "properties": {"PLSSID": "OR330340S0290E0", "FRSTDIVID": "OR330340S0290E0SN280", "FRSTDIVTYP": "SN", "FRSTDIVNO": "28"}, "geometry": {"type": "Polygon", "coordinates": [[[-119.30603, 42.592977], [-119.306065, 42.59661], [-119.3061, 42.600242], [-119.306135, 42.603874], [-119.311051, 42.603908], [-119.315967, 42.603942], [-119.320884, 42.603975], [-119.3258, 42.604009], [-119.325785, 42.600376], [-119.325771, 42.596744], [-119.325756, 42.593111], [-119.325742, 42.589479], [-119.320805, 42.589445], [-119.315868, 42.589412], [-119.310932, 42.589379], [-119.305995, 42.589345], [-119.30603, 42.592977]]]}}, {"type": "Feature", "properties": {"PLSSID": "OR330340S0290E0", "FRSTDIVID": "OR330340S0290E0SN290", "FRSTDIVTYP": "SN", "FRSTDIVNO": "29"}, "geometry": {"type": "Polygon", "coordinates": [[[-119.325756, 42.593111], [-119.325771, 42.596744], [-119.325785, 42.600376], [-119.3258, 42.604009], [-119.330707, 42.604042], [-119.335615, 42.604075], [-119.340522, 42.604109], [-119.34543, 42.604142], [-119.345401, 42.600504], [-119.345372, 42.596866], [-119.345343, 42.593229], [-119.345315, 42.589591], [-119.340421, 42.589563], [-119.335528, 42.589535], [-119.330635, 42.589507], [-119.325742, 42.589479], [-119.325756, 42.593111]]]}}, {"type": "Feature", "properties": {"PLSSID": "OR330340S0290E0", "FRSTDIVID": "OR330340S0290E0SN300", "FRSTDIVTYP": "SN", "FRSTDIVNO": "30"}, "geometry": {"type": "Polygon", "coordinates": [[[-119.360042, 42.589563], [-119.355133, 42.589572], [-119.350224, 42.589582], [-119.345315, 42.589591], [-119.345343, 42.593229], [-119.345372, 42.596866], [-119.345401, 42.600504], [-119.34543, 42.604142], [-119.350357, 42.604131], [-119.355283, 42.604121], [-119.36021, 42.60411], [-119.364657, 42.604101], [-119.364706, 42.604101], [-119.36466, 42.600464], [-119.364627, 42.597857], [-119.364614, 42.596827], [-119.364607, 42.596272], [-119.364568, 42.593191], [-119.364522, 42.589554], [-119.360042, 42.589563]]]}}, {"type": "Feature", "properties": {"PLSSID": "OR330340S0290E0", "FRSTDIVID": "OR330340S0290E0SN310", "FRSTDIVTYP": "SN", "FRSTDIVNO": "31"}, "geometry": {"type": "Polygon", "coordinates": [[[-119.345201, 42.578617], [-119.345239, 42.582275], [-119.345277, 42.585933], [-119.345315, 42.589591], [-119.350224, 42.589582], [-119.355133, 42.589572], [-119.360042, 42.589563], [-119.364522, 42.589554], [-119.364476, 42.585918], [-119.36443, 42.582281], [-119.364384, 42.578645], [-119.364338, 42.575008], [-119.364283, 42.575008], [-119.359862, 42.574996], [-119.354962, 42.574984], [-119.350063, 42.574971], [-119.345163, 42.574959], [-119.345201, 42.578617]]]}}, {"type": "Feature", "properties": {"PLSSID": "OR330340S0290E0", "FRSTDIVID": "OR330340S0290E0SN320", "FRSTDIVTYP": "SN", "FRSTDIVNO": "32"}, "geometry": {"type": "Polygon", "coordinates": [[[-119.325609, 42.578551], [-119.325654, 42.582193], [-119.325698, 42.585836], [-119.325742, 42.589479], [-119.330635, 42.589507], [-119.335528, 42.589535], [-119.340421, 42.589563], [-119.345315, 42.589591], [-119.345277, 42.585933], [-119.345239, 42.582275], [-119.345201, 42.578617], [-119.345163, 42.574959], [-119.340264, 42.574946], [-119.335364, 42.574933], [-119.330465, 42.574921], [-119.325565, 42.574908], [-119.325609, 42.578551]]]}}, {"type": "Feature", "properties": {"PLSSID": "OR330340S0290E0", "FRSTDIVID": "OR330340S0290E0SN330", "FRSTDIVTYP": "SN", "FRSTDIVNO": "33"}, "geometry": {"type": "Polygon", "coordinates": [[[-119.305961, 42.57847], [-119.305972, 42.582095], [-119.305984, 42.58572], [-119.305995, 42.589345], [-119.310932, 42.589379], [-119.315868, 42.589412], [-119.320805, 42.589445], [-119.325742, 42.589479], [-119.325698, 42.585836], [-119.325654, 42.582193], [-119.325609, 42.578551], [-119.325565, 42.574908], [-119.320661, 42.574892], [-119.315758, 42.574877], [-119.310854, 42.574861], [-119.30595, 42.574845], [-119.305961, 42.57847]]]}}, {"type": "Feature", "properties": {"PLSSID": "OR330340S0290E0", "FRSTDIVID": "OR330340S0290E0SN340", "FRSTDIVTYP": "SN", "FRSTDIVNO": "34"}, "geometry": {"type": "Polygon", "coordinates": [[[-119.286341, 42.578469], [-119.286333, 42.582108], [-119.286325, 42.585747], [-119.286316, 42.589386], [-119.291236, 42.589375], [-119.296155, 42.589365], [-119.301075, 42.589355], [-119.305995, 42.589345], [-119.305984, 42.58572], [-119.305972, 42.582095], [-119.305961, 42.57847], [-119.30595, 42.574845], [-119.30105, 42.574841], [-119.29615, 42.574837], [-119.291249, 42.574833], [-119.286349, 42.57483], [-119.286341, 42.578469]]]}}, {"type": "Feature", "properties": {"PLSSID": "OR330340S0280E0", "FRSTDIVID": "OR330340S0280E0SN010", "FRSTDIVTYP": "SN", "FRSTDIVNO": "01"}, "geometry": {"type": "Polygon", "coordinates": [[[-119.370052, 42.661854], [-119.370105, 42.661855], [-119.375039, 42.661882], [-119.376061, 42.661888], [-119.376064, 42.661888], [-119.379972, 42.661913], [-119.384906, 42.661943], [-119.384884, 42.658374], [-119.384862, 42.654761], [-119.384843, 42.651148], [-119.384824, 42.647536], [-119.379902, 42.647523], [-119.376063, 42.647512], [-119.374981, 42.647509], [-119.370059, 42.647496], [-119.365178, 42.647483], [-119.365138, 42.647483], [-119.36512, 42.65108], [-119.36512, 42.651105], [-119.36512, 42.651189], [-119.365103, 42.654678], [-119.365088, 42.65765], [-119.365085, 42.658275], [-119.365081, 42.659095], [-119.365067, 42.661828], [-119.365094, 42.661828], [-119.365173, 42.661827], [-119.370052, 42.661854]]]}}, {"type": "Feature", "properties": {"PLSSID": "OR330340S0280E0", "FRSTDIVID": "OR330340S0280E0SN020", "FRSTDIVTYP": "SN", "FRSTDIVNO": "02"}, "geometry": {"type": "Polygon", "coordinates": [[[-119.399518, 42.647523], [-119.39462, 42.647527], [-119.389722, 42.647532], [-119.384824, 42.647536], [-119.384843, 42.651148], [-119.384862, 42.654761], [-119.384884, 42.658374], [-119.384906, 42.661943], [-119.389824, 42.661954], [-119.394742, 42.661965], [-119.399669, 42.661965], [-119.404597, 42.661965], [-119.404552, 42.658354], [-119.404508, 42.654751], [-119.404462, 42.651135], [-119.404416, 42.647519], [-119.399518, 42.647523]]]}}, {"type": "Feature", "properties": {"PLSSID": "OR330340S0280E0", "FRSTDIVID": "OR330340S0280E0SN030", "FRSTDIVTYP": "SN", "FRSTDIVNO": "03"}, "geometry": {"type": "Polygon", "coordinates": [[[-119.404462, 42.651135], [-119.404508, 42.654751], [-119.404552, 42.658354], [-119.404597, 42.661965], [-119.409515, 42.661962], [-119.414432, 42.661959], [-119.419353, 42.661956], [-119.424273, 42.661953], [-119.424216, 42.658351], [-119.424159, 42.65476], [-119.424103, 42.651169], [-119.424046, 42.647578], [-119.419139, 42.647563], [-119.414231, 42.647548], [-119.409323, 42.647533], [-119.404416, 42.647519], [-119.404462, 42.651135]]]}}, {"type": "Feature", "properties": {"PLSSID": "OR330340S0280E0", "FRSTDIVID": "OR330340S0280E0SN040", "FRSTDIVTYP": "SN", "FRSTDIVNO": "04"}, "geometry": {"type": "Polygon", "coordinates": [[[-119.438837, 42.647568], [-119.433907, 42.647571], [-119.428977, 42.647574], [-119.424046, 42.647578], [-119.424103, 42.651169], [-119.424159, 42.65476], [-119.424216, 42.658351], [-119.424273, 42.661953], [-119.429216, 42.661954], [-119.43416, 42.661955], [-119.439061, 42.661952], [-119.443961, 42.661949], [-119.443909, 42.658367], [-119.443856, 42.654774], [-119.443812, 42.651169], [-119.443768, 42.647564], [-119.438837, 42.647568]]]}}, {"type": "Feature", "properties": {"PLSSID": "OR330340S0280E0", "FRSTDIVID": "OR330340S0280E0SN050", "FRSTDIVTYP": "SN", "FRSTDIVNO": "05"}, "geometry": {"type": "Polygon", "coordinates": [[[-119.443812, 42.651169], [-119.443856, 42.654774], [-119.443909, 42.658367], [-119.443961, 42.661949], [-119.448865, 42.66197], [-119.453768, 42.661992], [-119.458675, 42.662018], [-119.459521, 42.662023], [-119.463582, 42.662045], [-119.463562, 42.659887], [-119.463548, 42.658444], [-119.463515, 42.654825], [-119.463483, 42.651204], [-119.463452, 42.647582], [-119.458531, 42.647578], [-119.45361, 42.647573], [-119.448689, 42.647569], [-119.443768, 42.647564], [-119.443812, 42.651169]]]}}, {"type": "Feature", "properties": {"PLSSID": "OR330340S0280E0", "FRSTDIVID": "OR330340S0280E0SN060", "FRSTDIVTYP": "SN", "FRSTDIVNO": "06"}, "geometry": {"type": "Polygon", "coordinates": [[[-119.463483, 42.651204], [-119.463515, 42.654825], [-119.463548, 42.658444], [-119.463562, 42.659887], [-119.463582, 42.662045], [-119.468489, 42.662072], [-119.473396, 42.662099], [-119.478305, 42.66212], [-119.482771, 42.662138], [-119.482755, 42.65851], [-119.482739, 42.654882], [-119.482727, 42.651253], [-119.482722, 42.649636], [-119.482716, 42.647624], [-119.478198, 42.647608], [-119.473287, 42.647593], [-119.46837, 42.647587], [-119.463452, 42.647582], [-119.463483, 42.651204]]]}}, {"type": "Feature", "properties": {"PLSSID": "OR330340S0280E0", "FRSTDIVID": "OR330340S0280E0SN070", "FRSTDIVTYP": "SN", "FRSTDIVNO": "07"}, "geometry": {"type": "Polygon", "coordinates": [[[-119.463373, 42.636696], [-119.463399, 42.640325], [-119.463426, 42.643954], [-119.463452, 42.647582], [-119.46837, 42.647587], [-119.473287, 42.647593], [-119.478198, 42.647608], [-119.482716, 42.647624], [-119.482708, 42.643993], [-119.4827, 42.640363], [-119.482695, 42.636734], [-119.48269, 42.633105], [-119.478113, 42.633096], [-119.47319, 42.633087], [-119.468268, 42.633077], [-119.463346, 42.633067], [-119.463373, 42.636696]]]}}, {"type": "Feature", "properties": {"PLSSID": "OR330340S0280E0", "FRSTDIVID": "OR330340S0280E0SN080", "FRSTDIVTYP": "SN", "FRSTDIVNO": "08"}, "geometry": {"type": "Polygon", "coordinates": [[[-119.443672, 42.636685], [-119.443704, 42.640311], [-119.443736, 42.643938], [-119.443768, 42.647564], [-119.448689, 42.647569], [-119.45361, 42.647573], [-119.458531, 42.647578], [-119.463452, 42.647582], [-119.463426, 42.643954], [-119.463399, 42.640325], [-119.463373, 42.636696], [-119.463346, 42.633067], [-119.45842, 42.633065], [-119.453493, 42.633063], [-119.448566, 42.633061], [-119.443639, 42.633058], [-119.443672, 42.636685]]]}}, {"type": "Feature", "properties": {"PLSSID": "OR330340S0280E0", "FRSTDIVID": "OR330340S0280E0SN090", "FRSTDIVTYP": "SN", "FRSTDIVNO": "09"}, "geometry": {"type": "Polygon", "coordinates": [[[-119.423926, 42.636664], [-119.423966, 42.640302], [-119.424006, 42.64394], [-119.424046, 42.647578], [-119.428977, 42.647574], [-119.433907, 42.647571], [-119.438837, 42.647568], [-119.443768, 42.647564], [-119.443736, 42.643938], [-119.443704, 42.640311], [-119.443672, 42.636685], [-119.443639, 42.633058], [-119.438701, 42.63305], [-119.433763, 42.633042], [-119.428824, 42.633034], [-119.423886, 42.633026], [-119.423926, 42.636664]]]}}, {"type": "Feature", "properties": {"PLSSID": "OR330340S0280E0", "FRSTDIVID": "OR330340S0280E0SN100", "FRSTDIVTYP": "SN", "FRSTDIVNO": "10"}, "geometry": {"type": "Polygon", "coordinates": [[[-119.4043, 42.636625], [-119.404339, 42.640256], [-119.404377, 42.643887], [-119.404416, 42.647519], [-119.409323, 42.647533], [-119.414231, 42.647548], [-119.419139, 42.647563], [-119.424046, 42.647578], [-119.424006, 42.64394], [-119.423966, 42.640302], [-119.423926, 42.636664], [-119.423886, 42.633026], [-119.41898, 42.633018], [-119.414073, 42.633009], [-119.409167, 42.633001], [-119.404261, 42.632993], [-119.4043, 42.636625]]]}}, {"type": "Feature", "properties": {"PLSSID": "OR330340S0280E0", "FRSTDIVID": "OR330340S0280E0SN110", "FRSTDIVTYP": "SN", "FRSTDIVNO": "11"}, "geometry": {"type": "Polygon", "coordinates": [[[-119.399365, 42.633001], [-119.394469, 42.633009], [-119.389573, 42.633017], [-119.384677, 42.633025], [-119.384745, 42.636674], [-119.384812, 42.640323], [-119.384818, 42.64393], [-119.384824, 42.647536], [-119.389722, 42.647532], [-119.39462, 42.647527], [-119.399518, 42.647523], [-119.404416, 42.647519], [-119.404377, 42.643887], [-119.404339, 42.640256], [-119.4043, 42.636625], [-119.404261, 42.632993], [-119.399365, 42.633001]]]}}, {"type": "Feature", "properties": {"PLSSID": "OR330340S0280E0", "FRSTDIVID": "OR330340S0280E0SN120", "FRSTDIVTYP": "SN", "FRSTDIVNO": "12"}, "geometry": {"type": "Polygon", "coordinates": [[[-119.364891, 42.636227], [-119.3649, 42.636602], [-119.364935, 42.638202], [-119.364979, 42.640229], [-119.364991, 42.640787], [-119.365058, 42.643856], [-119.365104, 42.645937], [-119.365138, 42.647483], [-119.365178, 42.647483], [-119.370059, 42.647496], [-119.374981, 42.647509], [-119.376063, 42.647512], [-119.379902, 42.647523], [-119.384824, 42.647536], [-119.384818, 42.64393], [-119.384812, 42.640323], [-119.384745, 42.636674], [-119.384677, 42.633025], [-119.379713, 42.633013], [-119.376062, 42.633004], [-119.374749, 42.633001], [-119.369785, 42.632988], [-119.364876, 42.632976], [-119.36482, 42.632976], [-119.364891, 42.636227]]]}}, {"type": "Feature", "properties": {"PLSSID": "OR330340S0280E0", "FRSTDIVID": "OR330340S0280E0SN130", "FRSTDIVTYP": "SN", "FRSTDIVNO": "13"}, "geometry": {"type": "Polygon", "coordinates": [[[-119.379545, 42.618566], [-119.376062, 42.618577], [-119.374634, 42.618582], [-119.369722, 42.618598], [-119.364811, 42.618613], [-119.364812, 42.619877], [-119.364812, 42.619881], [-119.364813, 42.622204], [-119.364814, 42.622798], [-119.364815, 42.624894], [-119.364816, 42.625795], [-119.364817, 42.627829], [-119.364818, 42.629385], [-119.36482, 42.632976], [-119.364876, 42.632976], [-119.369785, 42.632988], [-119.374749, 42.633001], [-119.376062, 42.633004], [-119.379713, 42.633013], [-119.384677, 42.633025], [-119.384622, 42.629406], [-119.384567, 42.625788], [-119.384553, 42.624892], [-119.384512, 42.622169], [-119.384457, 42.61855], [-119.379545, 42.618566]]]}}, {"type": "Feature", "properties": {"PLSSID": "OR330340S0280E0", "FRSTDIVID": "OR330340S0280E0SN140", "FRSTDIVTYP": "SN", "FRSTDIVNO": "14"}, "geometry": {"type": "Polygon", "coordinates": [[[-119.399146, 42.618437], [-119.394249, 42.618475], [-119.389353, 42.618512], [-119.384457, 42.61855], [-119.384512, 42.622169], [-119.384553, 42.624892], [-119.384567, 42.625788], [-119.384622, 42.629406], [-119.384677, 42.633025], [-119.389573, 42.633017], [-119.394469, 42.633009], [-119.399365, 42.633001], [-119.404261, 42.632993], [-119.404206, 42.629345], [-119.404152, 42.625696], [-119.40414, 42.6249], [-119.404097, 42.622048], [-119.404042, 42.618399], [-119.399146, 42.618437]]]}}, {"type": "Feature", "properties": {"PLSSID": "OR330340S0280E0", "FRSTDIVID": "OR330340S0280E0SN150", "FRSTDIVTYP": "SN", "FRSTDIVNO": "15"}, "geometry": {"type": "Polygon", "coordinates": [[[-119.404097, 42.622048], [-119.40414, 42.6249], [-119.404152, 42.625696], [-119.404206, 42.629345], [-119.404261, 42.632993], [-119.409167, 42.633001], [-119.414073, 42.633009], [-119.41898, 42.633018], [-119.423886, 42.633026], [-119.423875, 42.629378], [-119.423864, 42.625731], [-119.423862, 42.624904], [-119.423853, 42.622083], [-119.423842, 42.618435], [-119.418892, 42.618426], [-119.413942, 42.618417], [-119.408992, 42.618408], [-119.404042, 42.618399], [-119.404097, 42.622048]]]}}, {"type": "Feature", "properties": {"PLSSID": "OR330340S0280E0", "FRSTDIVID": "OR330340S0280E0SN160", "FRSTDIVTYP": "SN", "FRSTDIVNO": "16"}, "geometry": {"type": "Polygon", "coordinates": [[[-119.423853, 42.622083], [-119.423862, 42.624904], [-119.423864, 42.625731], [-119.423875, 42.629378], [-119.423886, 42.633026], [-119.428824, 42.633034], [-119.433763, 42.633042], [-119.438701, 42.63305], [-119.443639, 42.633058], [-119.443618, 42.629431], [-119.443596, 42.625804], [-119.443591, 42.624904], [-119.443575, 42.622177], [-119.443553, 42.61855], [-119.438625, 42.618522], [-119.433698, 42.618493], [-119.42877, 42.618464], [-119.423842, 42.618435], [-119.423853, 42.622083]]]}}, {"type": "Feature", "properties": {"PLSSID": "OR330340S0280E0", "FRSTDIVID": "OR330340S0280E0SN170", "FRSTDIVTYP": "SN", "FRSTDIVNO": "17"}, "geometry": {"type": "Polygon", "coordinates": [[[-119.458367, 42.618529], [-119.453429, 42.618536], [-119.448491, 42.618543], [-119.443553, 42.61855], [-119.443575, 42.622177], [-119.443591, 42.624904], [-119.443596, 42.625804], [-119.443618, 42.629431], [-119.443639, 42.633058], [-119.448566, 42.633061], [-119.453493, 42.633063], [-119.45842, 42.633065], [-119.463346, 42.633067], [-119.463336, 42.629431], [-119.463326, 42.625794], [-119.463323, 42.624902], [-119.463315, 42.622158], [-119.463305, 42.618521], [-119.458367, 42.618529]]]}}, {"type": "Feature", "properties": {"PLSSID": "OR330340S0280E0", "FRSTDIVID": "OR330340S0280E0SN180", "FRSTDIVTYP": "SN", "FRSTDIVNO": "18"}, "geometry": {"type": "Polygon", "coordinates": [[[-119.463315, 42.622158], [-119.463323, 42.624902], [-119.463326, 42.625794], [-119.463336, 42.629431], [-119.463346, 42.633067], [-119.468268, 42.633077], [-119.47319, 42.633087], [-119.478113, 42.633096], [-119.48269, 42.633105], [-119.482684, 42.629472], [-119.482679, 42.625838], [-119.482677, 42.624896], [-119.482674, 42.622208], [-119.48267, 42.618578], [-119.47805, 42.618559], [-119.473139, 42.61854], [-119.468222, 42.618531], [-119.463305, 42.618521], [-119.463315, 42.622158]]]}}, {"type": "Feature", "properties": {"PLSSID": "OR330340S0280E0", "FRSTDIVID": "OR330340S0280E0SN190", "FRSTDIVTYP": "SN", "FRSTDIVNO": "19"}, "geometry": {"type": "Polygon", "coordinates": [[[-119.463324, 42.60754], [-119.463318, 42.611201], [-119.463311, 42.614861], [-119.463305, 42.618521], [-119.468222, 42.618531], [-119.473139, 42.61854], [-119.47805, 42.618559], [-119.48267, 42.618578], [-119.482664, 42.614944], [-119.482657, 42.611311], [-119.482665, 42.607674], [-119.482673, 42.604037], [-119.478018, 42.603999], [-119.473122, 42.60396], [-119.468226, 42.60392], [-119.463331, 42.60388], [-119.463324, 42.60754]]]}}, {"type": "Feature", "properties": {"PLSSID": "OR330340S0280E0", "FRSTDIVID": "OR330340S0280E0SN200", "FRSTDIVTYP": "SN", "FRSTDIVNO": "20"}, "geometry": {"type": "Polygon", "coordinates": [[[-119.458339, 42.60391], [-119.453347, 42.60394], [-119.448356, 42.60397], [-119.443364, 42.604], [-119.443411, 42.607637], [-119.443459, 42.611275], [-119.443506, 42.614913], [-119.443553, 42.61855], [-119.448491, 42.618543], [-119.453429, 42.618536], [-119.458367, 42.618529], [-119.463305, 42.618521], [-119.463311, 42.614861], [-119.463318, 42.611201], [-119.463324, 42.60754], [-119.463331, 42.60388], [-119.458339, 42.60391]]]}}, {"type": "Feature", "properties": {"PLSSID": "OR330340S0280E0", "FRSTDIVID": "OR330340S0280E0SN210", "FRSTDIVTYP": "SN", "FRSTDIVNO": "21"}, "geometry": {"type": "Polygon", "coordinates": [[[-119.438434, 42.604004], [-119.433504, 42.604008], [-119.428574, 42.604012], [-119.423645, 42.604016], [-119.423694, 42.607621], [-119.423743, 42.611226], [-119.423793, 42.614831], [-119.423842, 42.618435], [-119.42877, 42.618464], [-119.433698, 42.618493], [-119.438625, 42.618522], [-119.443553, 42.61855], [-119.443506, 42.614913], [-119.443459, 42.611275], [-119.443411, 42.607637], [-119.443364, 42.604], [-119.438434, 42.604004]]]}}, {"type": "Feature", "properties": {"PLSSID": "OR330340S0280E0", "FRSTDIVID": "OR330340S0280E0SN220", "FRSTDIVTYP": "SN", "FRSTDIVNO": "22"}, "geometry": {"type": "Polygon", "coordinates": [[[-119.418718, 42.604041], [-119.413791, 42.604066], [-119.408864, 42.604091], [-119.403937, 42.604116], [-119.403963, 42.607687], [-119.40399, 42.611258], [-119.404016, 42.614829], [-119.404042, 42.618399], [-119.408992, 42.618408], [-119.413942, 42.618417], [-119.418892, 42.618426], [-119.423842, 42.618435], [-119.423793, 42.614831], [-119.423743, 42.611226], [-119.423694, 42.607621], [-119.423645, 42.604016], [-119.418718, 42.604041]]]}}, {"type": "Feature", "properties": {"PLSSID": "OR330340S0280E0", "FRSTDIVID": "OR330340S0280E0SN230", "FRSTDIVTYP": "SN", "FRSTDIVNO": "23"}, "geometry": {"type": "Polygon", "coordinates": [[[-119.399027, 42.604125], [-119.394117, 42.604135], [-119.389207, 42.604144], [-119.384297, 42.604153], [-119.384337, 42.607752], [-119.384377, 42.611352], [-119.384417, 42.614951], [-119.384457, 42.61855], [-119.389353, 42.618512], [-119.394249, 42.618475], [-119.399146, 42.618437], [-119.404042, 42.618399], [-119.404016, 42.614829], [-119.40399, 42.611258], [-119.403963, 42.607687], [-119.403937, 42.604116], [-119.399027, 42.604125]]]}}, {"type": "Feature", "properties": {"PLSSID": "OR330340S0280E0", "FRSTDIVID": "OR330340S0280E0SN240", "FRSTDIVTYP": "SN", "FRSTDIVNO": "24"}, "geometry": {"type": "Polygon", "coordinates": [[[-119.364732, 42.607729], [-119.364754, 42.610763], [-119.364758, 42.611357], [-119.364784, 42.614985], [-119.364794, 42.616348], [-119.364794, 42.616355], [-119.364811, 42.618613], [-119.369722, 42.618598], [-119.374634, 42.618582], [-119.376062, 42.618577], [-119.379545, 42.618566], [-119.384457, 42.61855], [-119.384417, 42.614951], [-119.384377, 42.611352], [-119.384337, 42.607752], [-119.384297, 42.604153], [-119.379399, 42.60414], [-119.376062, 42.604131], [-119.374502, 42.604127], [-119.369604, 42.604114], [-119.364706, 42.604101], [-119.364732, 42.607729]]]}}, {"type": "Feature", "properties": {"PLSSID": "OR330340S0280E0", "FRSTDIVID": "OR330340S0280E0SN250", "FRSTDIVTYP": "SN", "FRSTDIVNO": "25"}, "geometry": {"type": "Polygon", "coordinates": [[[-119.364568, 42.593191], [-119.364607, 42.596272], [-119.364614, 42.596827], [-119.364627, 42.597857], [-119.36466, 42.600464], [-119.364706, 42.604101], [-119.369604, 42.604114], [-119.374502, 42.604127], [-119.376062, 42.604131], [-119.379399, 42.60414], [-119.384297, 42.604153], [-119.384261, 42.600508], [-119.384224, 42.596863], [-119.384187, 42.593218], [-119.384151, 42.589573], [-119.379243, 42.589568], [-119.376063, 42.589565], [-119.37606, 42.589565], [-119.374336, 42.589564], [-119.369429, 42.589559], [-119.364522, 42.589554], [-119.364568, 42.593191]]]}}, {"type": "Feature", "properties": {"PLSSID": "OR330340S0280E0", "FRSTDIVID": "OR330340S0280E0SN260", "FRSTDIVTYP": "SN", "FRSTDIVNO": "26"}, "geometry": {"type": "Polygon", "coordinates": [[[-119.398883, 42.589565], [-119.393972, 42.589567], [-119.389061, 42.58957], [-119.384151, 42.589573], [-119.384187, 42.593218], [-119.384224, 42.596863], [-119.384261, 42.600508], [-119.384297, 42.604153], [-119.389207, 42.604144], [-119.394117, 42.604135], [-119.399027, 42.604125], [-119.403937, 42.604116], [-119.403901, 42.600478], [-119.403866, 42.596839], [-119.40383, 42.593201], [-119.403794, 42.589562], [-119.398883, 42.589565]]]}}, {"type": "Feature", "properties": {"PLSSID": "OR330340S0280E0", "FRSTDIVID": "OR330340S0280E0SN270", "FRSTDIVTYP": "SN", "FRSTDIVNO": "27"}, "geometry": {"type": "Polygon", "coordinates": [[[-119.418516, 42.589538], [-119.413609, 42.589546], [-119.408701, 42.589554], [-119.403794, 42.589562], [-119.40383, 42.593201], [-119.403866, 42.596839], [-119.403901, 42.600478], [-119.403937, 42.604116], [-119.408864, 42.604091], [-119.413791, 42.604066], [-119.418718, 42.604041], [-119.423645, 42.604016], [-119.423589, 42.600395], [-119.423534, 42.596773], [-119.423479, 42.593152], [-119.423424, 42.58953], [-119.418516, 42.589538]]]}}, {"type": "Feature", "properties": {"PLSSID": "OR330340S0280E0", "FRSTDIVID": "OR330340S0280E0SN280", "FRSTDIVTYP": "SN", "FRSTDIVNO": "28"}, "geometry": {"type": "Polygon", "coordinates": [[[-119.423479, 42.593152], [-119.423534, 42.596773], [-119.423589, 42.600395], [-119.423645, 42.604016], [-119.428574, 42.604012], [-119.433504, 42.604008], [-119.438434, 42.604004], [-119.443364, 42.604], [-119.443258, 42.600386], [-119.443152, 42.596773], [-119.443045, 42.593159], [-119.442939, 42.589545], [-119.43806, 42.589542], [-119.433182, 42.589538], [-119.428303, 42.589534], [-119.423424, 42.58953], [-119.423479, 42.593152]]]}}, {"type": "Feature", "properties": {"PLSSID": "OR330340S0280E0", "FRSTDIVID": "OR330340S0280E0SN290", "FRSTDIVTYP": "SN", "FRSTDIVNO": "29"}, "geometry": {"type": "Polygon", "coordinates": [[[-119.457977, 42.589483], [-119.452965, 42.589504], [-119.447952, 42.589525], [-119.442939, 42.589545], [-119.443045, 42.593159], [-119.443152, 42.596773], [-119.443258, 42.600386], [-119.443364, 42.604], [-119.448356, 42.60397], [-119.453347, 42.60394], [-119.458339, 42.60391], [-119.463331, 42.60388], [-119.463246, 42.600275], [-119.46316, 42.596671], [-119.463075, 42.593067], [-119.46299, 42.589462], [-119.457977, 42.589483]]]}}, {"type": "Feature", "properties": {"PLSSID": "OR330340S0280E0", "FRSTDIVID": "OR330340S0280E0SN300", "FRSTDIVTYP": "SN", "FRSTDIVNO": "30"}, "geometry": {"type": "Polygon", "coordinates": [[[-119.467961, 42.589459], [-119.46299, 42.589462], [-119.463075, 42.593067], [-119.46316, 42.596671], [-119.463246, 42.600275], [-119.463331, 42.60388], [-119.468226, 42.60392], [-119.473122, 42.60396], [-119.478018, 42.603999], [-119.482673, 42.604037], [-119.482658, 42.600395], [-119.482643, 42.596752], [-119.482641, 42.593111], [-119.482639, 42.589469], [-119.477883, 42.589462], [-119.472931, 42.589456], [-119.467961, 42.589459]]]}}, {"type": "Feature", "properties": {"PLSSID": "OR330340S0280E0", "FRSTDIVID": "OR330340S0280E0SN310", "FRSTDIVTYP": "SN", "FRSTDIVNO": "31"}, "geometry": {"type": "Polygon", "coordinates": [[[-119.477883, 42.589462], [-119.482639, 42.589469], [-119.482627, 42.585834], [-119.482615, 42.582198], [-119.482592, 42.57856], [-119.482569, 42.574923], [-119.477743, 42.574929], [-119.472776, 42.574934], [-119.467809, 42.57494], [-119.462842, 42.574946], [-119.462879, 42.578575], [-119.462916, 42.582204], [-119.462953, 42.585833], [-119.46299, 42.589462], [-119.467961, 42.589459], [-119.472931, 42.589456], [-119.477883, 42.589462]]]}}, {"type": "Feature", "properties": {"PLSSID": "OR330340S0280E0", "FRSTDIVID": "OR330340S0280E0SN320", "FRSTDIVTYP": "SN", "FRSTDIVNO": "32"}, "geometry": {"type": "Polygon", "coordinates": [[[-119.457909, 42.574959], [-119.452975, 42.574972], [-119.448041, 42.574985], [-119.443108, 42.574999], [-119.443066, 42.578635], [-119.443024, 42.582272], [-119.442981, 42.585909], [-119.442939, 42.589545], [-119.447952, 42.589525], [-119.452965, 42.589504], [-119.457977, 42.589483], [-119.46299, 42.589462], [-119.462953, 42.585833], [-119.462916, 42.582204], [-119.462879, 42.578575], [-119.462842, 42.574946], [-119.457909, 42.574959]]]}}, {"type": "Feature", "properties": {"PLSSID": "OR330340S0280E0", "FRSTDIVID": "OR330340S0280E0SN330", "FRSTDIVTYP": "SN", "FRSTDIVNO": "33"}, "geometry": {"type": "Polygon", "coordinates": [[[-119.438163, 42.575003], [-119.433219, 42.575007], [-119.428274, 42.575011], [-119.423329, 42.575015], [-119.423353, 42.578644], [-119.423376, 42.582273], [-119.4234, 42.585902], [-119.423424, 42.58953], [-119.428303, 42.589534], [-119.433182, 42.589538], [-119.43806, 42.589542], [-119.442939, 42.589545], [-119.442981, 42.585909], [-119.443024, 42.582272], [-119.443066, 42.578635], [-119.443108, 42.574999], [-119.438163, 42.575003]]]}}, {"type": "Feature", "properties": {"PLSSID": "OR330340S0280E0", "FRSTDIVID": "OR330340S0280E0SN340", "FRSTDIVTYP": "SN", "FRSTDIVNO": "34"}, "geometry": {"type": "Polygon", "coordinates": [[[-119.418413, 42.575016], [-119.413497, 42.575018], [-119.408581, 42.575019], [-119.403665, 42.575021], [-119.403697, 42.578656], [-119.403729, 42.582291], [-119.403762, 42.585927], [-119.403794, 42.589562], [-119.408701, 42.589554], [-119.413609, 42.589546], [-119.418516, 42.589538], [-119.423424, 42.58953], [-119.4234, 42.585902], [-119.423376, 42.582273], [-119.423353, 42.578644], [-119.423329, 42.575015], [-119.418413, 42.575016]]]}}, {"type": "Feature", "properties": {"PLSSID": "OR330340S0280E0", "FRSTDIVID": "OR330340S0280E0SN350", "FRSTDIVTYP": "SN", "FRSTDIVNO": "35"}, "geometry": {"type": "Polygon", "coordinates": [[[-119.398749, 42.575022], [-119.393833, 42.575024], [-119.388917, 42.575025], [-119.384001, 42.575026], [-119.384038, 42.578663], [-119.384076, 42.5823], [-119.384113, 42.585936], [-119.384151, 42.589573], [-119.389061, 42.58957], [-119.393972, 42.589567], [-119.398883, 42.589565], [-119.403794, 42.589562], [-119.403762, 42.585927], [-119.403729, 42.582291], [-119.403697, 42.578656], [-119.403665, 42.575021], [-119.398749, 42.575022]]]}}, {"type": "Feature", "properties": {"PLSSID": "OR330340S0280E0", "FRSTDIVID": "OR330340S0280E0SN360", "FRSTDIVTYP": "SN", "FRSTDIVNO": "36"}, "geometry": {"type": "Polygon", "coordinates": [[[-119.364384, 42.578645], [-119.36443, 42.582281], [-119.364476, 42.585918], [-119.364522, 42.589554], [-119.369429, 42.589559], [-119.374336, 42.589564], [-119.37606, 42.589565], [-119.376063, 42.589565], [-119.379243, 42.589568], [-119.384151, 42.589573], [-119.384113, 42.585936], [-119.384076, 42.5823], [-119.384038, 42.578663], [-119.384001, 42.575026], [-119.379085, 42.575022], [-119.376063, 42.575019], [-119.37606, 42.575019], [-119.374169, 42.575017], [-119.369254, 42.575013], [-119.364338, 42.575008], [-119.364384, 42.578645]]]}}, {"type": "Feature", "properties": {"PLSSID": "OR330340S0270E0", "FRSTDIVID": "OR330340S0270E0SN010", "FRSTDIVTYP": "SN", "FRSTDIVNO": "01"}, "geometry": {"type": "Polygon", "coordinates": [[[-119.501069, 42.647387], [-119.497621, 42.647431], [-119.492653, 42.647495], [-119.487684, 42.64756], [-119.482716, 42.647624], [-119.482722, 42.649636], [-119.482727, 42.651253], [-119.482739, 42.654882], [-119.482755, 42.65851], [-119.482771, 42.662138], [-119.487681, 42.662123], [-119.492591, 42.662108], [-119.497501, 42.662092], [-119.50107, 42.662081], [-119.50241, 42.662077], [-119.502455, 42.658392], [-119.5025, 42.654717], [-119.502545, 42.651042], [-119.50259, 42.647367], [-119.501069, 42.647387]]]}}, {"type": "Feature", "properties": {"PLSSID": "OR330340S0270E0", "FRSTDIVID": "OR330340S0270E0SN020", "FRSTDIVTYP": "SN", "FRSTDIVNO": "02"}, "geometry": {"type": "Polygon", "coordinates": [[[-119.502545, 42.651042], [-119.5025, 42.654717], [-119.502455, 42.658392], [-119.50241, 42.662077], [-119.50732, 42.662061], [-119.51223, 42.662046], [-119.51714, 42.662031], [-119.52205, 42.662015], [-119.522072, 42.658391], [-119.522094, 42.654785], [-119.522116, 42.651179], [-119.522138, 42.647573], [-119.517251, 42.647521], [-119.512364, 42.64747], [-119.507477, 42.647418], [-119.50259, 42.647367], [-119.502545, 42.651042]]]}}, {"type": "Feature", "properties": {"PLSSID": "OR330340S0270E0", "FRSTDIVID": "OR330340S0270E0SN030", "FRSTDIVTYP": "SN", "FRSTDIVNO": "03"}, "geometry": {"type": "Polygon", "coordinates": [[[-119.536913, 42.647497], [-119.531988, 42.647522], [-119.527063, 42.647547], [-119.522138, 42.647573], [-119.522116, 42.651179], [-119.522094, 42.654785], [-119.522072, 42.658391], [-119.52205, 42.662015], [-119.52696, 42.662], [-119.531869, 42.661984], [-119.536779, 42.661969], [-119.541689, 42.661954], [-119.541722, 42.658382], [-119.541755, 42.654749], [-119.541797, 42.65111], [-119.541838, 42.647472], [-119.536913, 42.647497]]]}}, {"type": "Feature", "properties": {"PLSSID": "OR330340S0270E0", "FRSTDIVID": "OR330340S0270E0SN040", "FRSTDIVTYP": "SN", "FRSTDIVNO": "04"}, "geometry": {"type": "Polygon", "coordinates": [[[-119.556536, 42.647437], [-119.551636, 42.647448], [-119.546737, 42.64746], [-119.541838, 42.647472], [-119.541797, 42.65111], [-119.541755, 42.654749], [-119.541722, 42.658382], [-119.541689, 42.661954], [-119.546618, 42.661922], [-119.551547, 42.661891], [-119.556476, 42.66186], [-119.561405, 42.661829], [-119.56141, 42.658243], [-119.561416, 42.65464], [-119.561425, 42.651033], [-119.561435, 42.647425], [-119.556536, 42.647437]]]}}, {"type": "Feature", "properties": {"PLSSID": "OR330340S0270E0", "FRSTDIVID": "OR330340S0270E0SN050", "FRSTDIVTYP": "SN", "FRSTDIVNO": "05"}, "geometry": {"type": "Polygon", "coordinates": [[[-119.576129, 42.647416], [-119.571231, 42.647419], [-119.566333, 42.647422], [-119.561435, 42.647425], [-119.561425, 42.651033], [-119.561416, 42.65464], [-119.56141, 42.658243], [-119.561405, 42.661829], [-119.566316, 42.661818], [-119.571227, 42.661808], [-119.576138, 42.661797], [-119.581048, 42.661786], [-119.581043, 42.658234], [-119.581038, 42.654627], [-119.581033, 42.65102], [-119.581027, 42.647413], [-119.576129, 42.647416]]]}}, {"type": "Feature", "properties": {"PLSSID": "OR330340S0270E0", "FRSTDIVID": "OR330340S0270E0SN060", "FRSTDIVTYP": "SN", "FRSTDIVNO": "06"}, "geometry": {"type": "Polygon", "coordinates": [[[-119.595784, 42.647318], [-119.590865, 42.64735], [-119.585946, 42.647382], [-119.581027, 42.647413], [-119.581033, 42.65102], [-119.581038, 42.654627], [-119.581043, 42.658234], [-119.581048, 42.661786], [-119.585959, 42.661776], [-119.59087, 42.661765], [-119.595781, 42.661755], [-119.600004, 42.661745], [-119.600034, 42.658132], [-119.600065, 42.654518], [-119.600095, 42.650904], [-119.600125, 42.64729], [-119.595784, 42.647318]]]}}, {"type": "Feature", "properties": {"PLSSID": "OR330340S0270E0", "FRSTDIVID": "OR330340S0270E0SN070", "FRSTDIVTYP": "SN", "FRSTDIVNO": "07"}, "geometry": {"type": "Polygon", "coordinates": [[[-119.595815, 42.632841], [-119.590906, 42.632847], [-119.586003, 42.632855], [-119.5811, 42.632862], [-119.581082, 42.6365], [-119.581064, 42.640137], [-119.581046, 42.643775], [-119.581027, 42.647413], [-119.585946, 42.647382], [-119.590865, 42.64735], [-119.595784, 42.647318], [-119.600125, 42.64729], [-119.600156, 42.643677], [-119.600186, 42.640063], [-119.600216, 42.636449], [-119.600247, 42.632835], [-119.595815, 42.632841]]]}}, {"type": "Feature", "properties": {"PLSSID": "OR330340S0270E0", "FRSTDIVID": "OR330340S0270E0SN080", "FRSTDIVTYP": "SN", "FRSTDIVNO": "08"}, "geometry": {"type": "Polygon", "coordinates": [[[-119.576225, 42.632886], [-119.57135, 42.632909], [-119.566474, 42.632933], [-119.561599, 42.632957], [-119.561558, 42.636574], [-119.561517, 42.640191], [-119.561476, 42.643808], [-119.561435, 42.647425], [-119.566333, 42.647422], [-119.571231, 42.647419], [-119.576129, 42.647416], [-119.581027, 42.647413], [-119.581046, 42.643775], [-119.581064, 42.640137], [-119.581082, 42.6365], [-119.5811, 42.632862], [-119.576225, 42.632886]]]}}, {"type": "Feature", "properties": {"PLSSID": "OR330340S0270E0", "FRSTDIVID": "OR330340S0270E0SN090", "FRSTDIVTYP": "SN", "FRSTDIVNO": "09"}, "geometry": {"type": "Polygon", "coordinates": [[[-119.541973, 42.636514], [-119.541928, 42.640167], [-119.541883, 42.643819], [-119.541838, 42.647472], [-119.546737, 42.64746], [-119.551636, 42.647448], [-119.556536, 42.647437], [-119.561435, 42.647425], [-119.561476, 42.643808], [-119.561517, 42.640191], [-119.561558, 42.636574], [-119.561599, 42.632957], [-119.556703, 42.632933], [-119.551808, 42.632909], [-119.546913, 42.632886], [-119.542018, 42.632862], [-119.541973, 42.636514]]]}}, {"type": "Feature", "properties": {"PLSSID": "OR330340S0270E0", "FRSTDIVID": "OR330340S0270E0SN100", "FRSTDIVTYP": "SN", "FRSTDIVNO": "10"}, "geometry": {"type": "Polygon", "coordinates": [[[-119.537066, 42.632879], [-119.532114, 42.632897], [-119.527163, 42.632915], [-119.522211, 42.632932], [-119.522193, 42.636592], [-119.522174, 42.640252], [-119.522156, 42.643913], [-119.522138, 42.647573], [-119.527063, 42.647547], [-119.531988, 42.647522], [-119.536913, 42.647497], [-119.541838, 42.647472], [-119.541883, 42.643819], [-119.541928, 42.640167], [-119.541973, 42.636514], [-119.542018, 42.632862], [-119.537066, 42.632879]]]}}, {"type": "Feature", "properties": {"PLSSID": "OR330340S0270E0", "FRSTDIVID": "OR330340S0270E0SN110", "FRSTDIVTYP": "SN", "FRSTDIVNO": "11"}, "geometry": {"type": "Polygon", "coordinates": [[[-119.51729, 42.632933], [-119.51237, 42.632934], [-119.50745, 42.632935], [-119.502529, 42.632936], [-119.502544, 42.636544], [-119.50256, 42.640151], [-119.502575, 42.643759], [-119.50259, 42.647367], [-119.507477, 42.647418], [-119.512364, 42.64747], [-119.517251, 42.647521], [-119.522138, 42.647573], [-119.522156, 42.643913], [-119.522174, 42.640252], [-119.522193, 42.636592], [-119.522211, 42.632932], [-119.51729, 42.632933]]]}}, {"type": "Feature", "properties": {"PLSSID": "OR330340S0270E0", "FRSTDIVID": "OR330340S0270E0SN120", "FRSTDIVTYP": "SN", "FRSTDIVNO": "12"}, "geometry": {"type": "Polygon", "coordinates": [[[-119.501068, 42.632948], [-119.497569, 42.632978], [-119.49261, 42.633021], [-119.48765, 42.633063], [-119.48269, 42.633105], [-119.482695, 42.636734], [-119.4827, 42.640363], [-119.482708, 42.643993], [-119.482716, 42.647624], [-119.487684, 42.64756], [-119.492653, 42.647495], [-119.497621, 42.647431], [-119.501069, 42.647387], [-119.50259, 42.647367], [-119.502575, 42.643759], [-119.50256, 42.640151], [-119.502544, 42.636544], [-119.502529, 42.632936], [-119.501068, 42.632948]]]}}, {"type": "Feature", "properties": {"PLSSID": "OR330340S0270E0", "FRSTDIVID": "OR330340S0270E0SN130", "FRSTDIVTYP": "SN", "FRSTDIVNO": "13"}, "geometry": {"type": "Polygon", "coordinates": [[[-119.501068, 42.618428], [-119.497511, 42.618457], [-119.492564, 42.618497], [-119.487617, 42.618538], [-119.48267, 42.618578], [-119.482674, 42.622208], [-119.482677, 42.624896], [-119.482679, 42.625838], [-119.482684, 42.629472], [-119.48269, 42.633105], [-119.48765, 42.633063], [-119.49261, 42.633021], [-119.497569, 42.632978], [-119.501068, 42.632948], [-119.502529, 42.632936], [-119.502512, 42.629306], [-119.502494, 42.625676], [-119.50249, 42.624888], [-119.502476, 42.622046], [-119.502458, 42.618416], [-119.501068, 42.618428]]]}}, {"type": "Feature", "properties": {"PLSSID": "OR330340S0270E0", "FRSTDIVID": "OR330340S0270E0SN140", "FRSTDIVTYP": "SN", "FRSTDIVNO": "14"}, "geometry": {"type": "Polygon", "coordinates": [[[-119.517249, 42.618401], [-119.512319, 42.618406], [-119.507389, 42.618411], [-119.502458, 42.618416], [-119.502476, 42.622046], [-119.50249, 42.624888], [-119.502494, 42.625676], [-119.502512, 42.629306], [-119.502529, 42.632936], [-119.50745, 42.632935], [-119.51237, 42.632934], [-119.51729, 42.632933], [-119.522211, 42.632932], [-119.522203, 42.629298], [-119.522195, 42.625664], [-119.522193, 42.624896], [-119.522187, 42.62203], [-119.522179, 42.618396], [-119.517249, 42.618401]]]}}, {"type": "Feature", "properties": {"PLSSID": "OR330340S0270E0", "FRSTDIVID": "OR330340S0270E0SN150", "FRSTDIVTYP": "SN", "FRSTDIVNO": "15"}, "geometry": {"type": "Polygon", "coordinates": [[[-119.536963, 42.618366], [-119.532035, 42.618376], [-119.527107, 42.618386], [-119.522179, 42.618396], [-119.522187, 42.62203], [-119.522193, 42.624896], [-119.522195, 42.625664], [-119.522203, 42.629298], [-119.522211, 42.632932], [-119.527163, 42.632915], [-119.532114, 42.632897], [-119.537066, 42.632879], [-119.542018, 42.632862], [-119.541986, 42.629235], [-119.541954, 42.625609], [-119.541948, 42.624902], [-119.541922, 42.621983], [-119.54189, 42.618356], [-119.536963, 42.618366]]]}}, {"type": "Feature", "properties": {"PLSSID": "OR330340S0270E0", "FRSTDIVID": "OR330340S0270E0SN160", "FRSTDIVTYP": "SN", "FRSTDIVNO": "16"}, "geometry": {"type": "Polygon", "coordinates": [[[-119.541922, 42.621983], [-119.541948, 42.624902], [-119.541954, 42.625609], [-119.541986, 42.629235], [-119.542018, 42.632862], [-119.546913, 42.632886], [-119.551808, 42.632909], [-119.556703, 42.632933], [-119.561599, 42.632957], [-119.56158, 42.629308], [-119.561561, 42.625659], [-119.561557, 42.624904], [-119.561542, 42.62201], [-119.561523, 42.61836], [-119.556615, 42.618359], [-119.551706, 42.618358], [-119.546798, 42.618357], [-119.54189, 42.618356], [-119.541922, 42.621983]]]}}, {"type": "Feature", "properties": {"PLSSID": "OR330340S0270E0", "FRSTDIVID": "OR330340S0270E0SN170", "FRSTDIVTYP": "SN", "FRSTDIVNO": "17"}, "geometry": {"type": "Polygon", "coordinates": [[[-119.576216, 42.618317], [-119.571318, 42.618332], [-119.56642, 42.618346], [-119.561523, 42.61836], [-119.561542, 42.62201], [-119.561557, 42.624904], [-119.561561, 42.625659], [-119.56158, 42.629308], [-119.561599, 42.632957], [-119.566474, 42.632933], [-119.57135, 42.632909], [-119.576225, 42.632886], [-119.5811, 42.632862], [-119.581104, 42.629222], [-119.581107, 42.625582], [-119.581108, 42.624902], [-119.58111, 42.621943], [-119.581113, 42.618303], [-119.576216, 42.618317]]]}}, {"type": "Feature", "properties": {"PLSSID": "OR330340S0270E0", "FRSTDIVID": "OR330340S0270E0SN180", "FRSTDIVTYP": "SN", "FRSTDIVNO": "18"}, "geometry": {"type": "Polygon", "coordinates": [[[-119.595829, 42.61829], [-119.590924, 42.618295], [-119.586019, 42.618299], [-119.581113, 42.618303], [-119.58111, 42.621943], [-119.581108, 42.624902], [-119.581107, 42.625582], [-119.581104, 42.629222], [-119.5811, 42.632862], [-119.586003, 42.632855], [-119.590906, 42.632847], [-119.595815, 42.632841], [-119.600247, 42.632835], [-119.600265, 42.6292], [-119.600283, 42.625565], [-119.600287, 42.624897], [-119.600304, 42.621926], [-119.600325, 42.618286], [-119.595829, 42.61829]]]}}, {"type": "Feature", "properties": {"PLSSID": "OR330340S0270E0", "FRSTDIVID": "OR330340S0270E0SN190", "FRSTDIVTYP": "SN", "FRSTDIVNO": "19"}, "geometry": {"type": "Polygon", "coordinates": [[[-119.595772, 42.60377], [-119.590858, 42.603777], [-119.585943, 42.603781], [-119.581029, 42.603785], [-119.58105, 42.607415], [-119.581071, 42.611044], [-119.581092, 42.614674], [-119.581113, 42.618303], [-119.586019, 42.618299], [-119.590924, 42.618295], [-119.595829, 42.61829], [-119.600325, 42.618286], [-119.600317, 42.614655], [-119.600309, 42.611025], [-119.600301, 42.607394], [-119.600293, 42.603763], [-119.595772, 42.60377]]]}}, {"type": "Feature", "properties": {"PLSSID": "OR330340S0270E0", "FRSTDIVID": "OR330340S0270E0SN200", "FRSTDIVTYP": "SN", "FRSTDIVNO": "20"}, "geometry": {"type": "Polygon", "coordinates": [[[-119.57613, 42.603796], [-119.571232, 42.603807], [-119.566334, 42.603818], [-119.561436, 42.603829], [-119.561458, 42.607462], [-119.561479, 42.611095], [-119.561501, 42.614728], [-119.561523, 42.61836], [-119.56642, 42.618346], [-119.571318, 42.618332], [-119.576216, 42.618317], [-119.581113, 42.618303], [-119.581092, 42.614674], [-119.581071, 42.611044], [-119.58105, 42.607415], [-119.581029, 42.603785], [-119.57613, 42.603796]]]}}, {"type": "Feature", "properties": {"PLSSID": "OR330340S0270E0", "FRSTDIVID": "OR330340S0270E0SN210", "FRSTDIVTYP": "SN", "FRSTDIVNO": "21"}, "geometry": {"type": "Polygon", "coordinates": [[[-119.556525, 42.603833], [-119.551614, 42.603837], [-119.546704, 42.603841], [-119.541793, 42.603845], [-119.541817, 42.607473], [-119.541842, 42.611101], [-119.541866, 42.614729], [-119.54189, 42.618356], [-119.546798, 42.618357], [-119.551706, 42.618358], [-119.556615, 42.618359], [-119.561523, 42.61836], [-119.561501, 42.614728], [-119.561479, 42.611095], [-119.561458, 42.607462], [-119.561436, 42.603829], [-119.556525, 42.603833]]]}}, {"type": "Feature", "properties": {"PLSSID": "OR330340S0270E0", "FRSTDIVID": "OR330340S0270E0SN220", "FRSTDIVTYP": "SN", "FRSTDIVNO": "22"}, "geometry": {"type": "Polygon", "coordinates": [[[-119.536884, 42.603854], [-119.531974, 42.603863], [-119.527065, 42.603872], [-119.522156, 42.603881], [-119.522161, 42.607509], [-119.522167, 42.611138], [-119.522173, 42.614767], [-119.522179, 42.618396], [-119.527107, 42.618386], [-119.532035, 42.618376], [-119.536963, 42.618366], [-119.54189, 42.618356], [-119.541866, 42.614729], [-119.541842, 42.611101], [-119.541817, 42.607473], [-119.541793, 42.603845], [-119.536884, 42.603854]]]}}, {"type": "Feature", "properties": {"PLSSID": "OR330340S0270E0", "FRSTDIVID": "OR330340S0270E0SN230", "FRSTDIVTYP": "SN", "FRSTDIVNO": "23"}, "geometry": {"type": "Polygon", "coordinates": [[[-119.517214, 42.603885], [-119.512272, 42.603889], [-119.50733, 42.603893], [-119.502388, 42.603897], [-119.502405, 42.607527], [-119.502423, 42.611156], [-119.502441, 42.614786], [-119.502458, 42.618416], [-119.507389, 42.618411], [-119.512319, 42.618406], [-119.517249, 42.618401], [-119.522179, 42.618396], [-119.522173, 42.614767], [-119.522167, 42.611138], [-119.522161, 42.607509], [-119.522156, 42.603881], [-119.517214, 42.603885]]]}}, {"type": "Feature", "properties": {"PLSSID": "OR330340S0270E0", "FRSTDIVID": "OR330340S0270E0SN240", "FRSTDIVTYP": "SN", "FRSTDIVNO": "24"}, "geometry": {"type": "Polygon", "coordinates": [[[-119.501068, 42.603906], [-119.497459, 42.603932], [-119.49253, 42.603967], [-119.487602, 42.604002], [-119.482673, 42.604037], [-119.482665, 42.607674], [-119.482657, 42.611311], [-119.482664, 42.614944], [-119.48267, 42.618578], [-119.487617, 42.618538], [-119.492564, 42.618497], [-119.497511, 42.618457], [-119.501068, 42.618428], [-119.502458, 42.618416], [-119.502441, 42.614786], [-119.502423, 42.611156], [-119.502405, 42.607527], [-119.502388, 42.603897], [-119.501068, 42.603906]]]}}, {"type": "Feature", "properties": {"PLSSID": "OR330340S0270E0", "FRSTDIVID": "OR330340S0270E0SN250", "FRSTDIVTYP": "SN", "FRSTDIVNO": "25"}, "geometry": {"type": "Polygon", "coordinates": [[[-119.501069, 42.589383], [-119.497397, 42.5894], [-119.492478, 42.589423], [-119.487559, 42.589446], [-119.482639, 42.589469], [-119.482641, 42.593111], [-119.482643, 42.596752], [-119.482658, 42.600395], [-119.482673, 42.604037], [-119.487602, 42.604002], [-119.49253, 42.603967], [-119.497459, 42.603932], [-119.501068, 42.603906], [-119.502388, 42.603897], [-119.50237, 42.600267], [-119.502352, 42.596637], [-119.502334, 42.593007], [-119.502317, 42.589377], [-119.501069, 42.589383]]]}}, {"type": "Feature", "properties": {"PLSSID": "OR330340S0270E0", "FRSTDIVID": "OR330340S0270E0SN260", "FRSTDIVTYP": "SN", "FRSTDIVNO": "26"}, "geometry": {"type": "Polygon", "coordinates": [[[-119.517135, 42.589353], [-119.512196, 42.589361], [-119.507256, 42.589369], [-119.502317, 42.589377], [-119.502334, 42.593007], [-119.502352, 42.596637], [-119.50237, 42.600267], [-119.502388, 42.603897], [-119.50733, 42.603893], [-119.512272, 42.603889], [-119.517214, 42.603885], [-119.522156, 42.603881], [-119.522135, 42.600247], [-119.522115, 42.596613], [-119.522095, 42.592979], [-119.522075, 42.589345], [-119.517135, 42.589353]]]}}, {"type": "Feature", "properties": {"PLSSID": "OR330340S0270E0", "FRSTDIVID": "OR330340S0270E0SN270", "FRSTDIVTYP": "SN", "FRSTDIVNO": "27"}, "geometry": {"type": "Polygon", "coordinates": [[[-119.536777, 42.589322], [-119.531876, 42.58933], [-119.526976, 42.589337], [-119.522075, 42.589345], [-119.522095, 42.592979], [-119.522115, 42.596613], [-119.522135, 42.600247], [-119.522156, 42.603881], [-119.527065, 42.603872], [-119.531974, 42.603863], [-119.536884, 42.603854], [-119.541793, 42.603845], [-119.541764, 42.600212], [-119.541736, 42.596579], [-119.541707, 42.592947], [-119.541678, 42.589314], [-119.536777, 42.589322]]]}}, {"type": "Feature", "properties": {"PLSSID": "OR330340S0270E0", "FRSTDIVID": "OR330340S0270E0SN280", "FRSTDIVTYP": "SN", "FRSTDIVNO": "28"}, "geometry": {"type": "Polygon", "coordinates": [[[-119.541707, 42.592947], [-119.541736, 42.596579], [-119.541764, 42.600212], [-119.541793, 42.603845], [-119.546704, 42.603841], [-119.551614, 42.603837], [-119.556525, 42.603833], [-119.561436, 42.603829], [-119.561424, 42.600206], [-119.561411, 42.596582], [-119.561399, 42.592958], [-119.561387, 42.589335], [-119.55646, 42.589329], [-119.551533, 42.589324], [-119.546605, 42.589319], [-119.541678, 42.589314], [-119.541707, 42.592947]]]}}, {"type": "Feature", "properties": {"PLSSID": "OR330340S0270E0", "FRSTDIVID": "OR330340S0270E0SN290", "FRSTDIVTYP": "SN", "FRSTDIVNO": "29"}, "geometry": {"type": "Polygon", "coordinates": [[[-119.576042, 42.589286], [-119.571157, 42.589302], [-119.566272, 42.589318], [-119.561387, 42.589335], [-119.561399, 42.592958], [-119.561411, 42.596582], [-119.561424, 42.600206], [-119.561436, 42.603829], [-119.566334, 42.603818], [-119.571232, 42.603807], [-119.57613, 42.603796], [-119.581029, 42.603785], [-119.581003, 42.600156], [-119.580978, 42.596528], [-119.580952, 42.592899], [-119.580927, 42.58927], [-119.576042, 42.589286]]]}}, {"type": "Feature", "properties": {"PLSSID": "OR330340S0270E0", "FRSTDIVID": "OR330340S0270E0SN300", "FRSTDIVTYP": "SN", "FRSTDIVNO": "30"}, "geometry": {"type": "Polygon", "coordinates": [[[-119.595698, 42.589245], [-119.590767, 42.589251], [-119.585847, 42.589261], [-119.580927, 42.58927], [-119.580952, 42.592899], [-119.580978, 42.596528], [-119.581003, 42.600156], [-119.581029, 42.603785], [-119.585943, 42.603781], [-119.590858, 42.603777], [-119.595772, 42.60377], [-119.600293, 42.603763], [-119.600285, 42.600132], [-119.600277, 42.596501], [-119.600269, 42.59287], [-119.600261, 42.589239], [-119.595698, 42.589245]]]}}, {"type": "Feature", "properties": {"PLSSID": "OR330340S0270E0", "FRSTDIVID": "OR330340S0270E0SN310", "FRSTDIVTYP": "SN", "FRSTDIVNO": "31"}, "geometry": {"type": "Polygon", "coordinates": [[[-119.595595, 42.574718], [-119.590634, 42.574721], [-119.585673, 42.574724], [-119.580711, 42.574726], [-119.580765, 42.578362], [-119.580819, 42.581998], [-119.580873, 42.585634], [-119.580927, 42.58927], [-119.585847, 42.589261], [-119.590767, 42.589251], [-119.595698, 42.589245], [-119.600261, 42.589239], [-119.600253, 42.585608], [-119.600245, 42.581977], [-119.600237, 42.578346], [-119.600229, 42.574715], [-119.595595, 42.574718]]]}}, {"type": "Feature", "properties": {"PLSSID": "OR330340S0270E0", "FRSTDIVID": "OR330340S0270E0SN320", "FRSTDIVTYP": "SN", "FRSTDIVNO": "32"}, "geometry": {"type": "Polygon", "coordinates": [[[-119.575834, 42.574745], [-119.570956, 42.574763], [-119.566079, 42.574781], [-119.561201, 42.5748], [-119.561248, 42.578433], [-119.561294, 42.582067], [-119.561341, 42.585701], [-119.561387, 42.589335], [-119.566272, 42.589318], [-119.571157, 42.589302], [-119.576042, 42.589286], [-119.580927, 42.58927], [-119.580873, 42.585634], [-119.580819, 42.581998], [-119.580765, 42.578362], [-119.580711, 42.574726], [-119.575834, 42.574745]]]}}, {"type": "Feature", "properties": {"PLSSID": "OR330340S0270E0", "FRSTDIVID": "OR330340S0270E0SN330", "FRSTDIVTYP": "SN", "FRSTDIVNO": "33"}, "geometry": {"type": "Polygon", "coordinates": [[[-119.541532, 42.57837], [-119.54158, 42.582018], [-119.541629, 42.585666], [-119.541678, 42.589314], [-119.546605, 42.589319], [-119.551533, 42.589324], [-119.55646, 42.589329], [-119.561387, 42.589335], [-119.561341, 42.585701], [-119.561294, 42.582067], [-119.561248, 42.578433], [-119.561201, 42.5748], [-119.556271, 42.57478], [-119.551342, 42.574761], [-119.546412, 42.574741], [-119.541483, 42.574722], [-119.541532, 42.57837]]]}}, {"type": "Feature", "properties": {"PLSSID": "OR330340S0270E0", "FRSTDIVID": "OR330340S0270E0SN340", "FRSTDIVTYP": "SN", "FRSTDIVNO": "34"}, "geometry": {"type": "Polygon", "coordinates": [[[-119.536631, 42.574759], [-119.531779, 42.574796], [-119.526928, 42.574833], [-119.522076, 42.574871], [-119.522076, 42.578489], [-119.522075, 42.582108], [-119.522075, 42.585727], [-119.522075, 42.589345], [-119.526976, 42.589337], [-119.531876, 42.58933], [-119.536777, 42.589322], [-119.541678, 42.589314], [-119.541629, 42.585666], [-119.54158, 42.582018], [-119.541532, 42.57837], [-119.541483, 42.574722], [-119.536631, 42.574759]]]}}, {"type": "Feature", "properties": {"PLSSID": "OR330340S0270E0", "FRSTDIVID": "OR330340S0270E0SN350", "FRSTDIVTYP": "SN", "FRSTDIVNO": "35"}, "geometry": {"type": "Polygon", "coordinates": [[[-119.502264, 42.578487], [-119.502281, 42.582117], [-119.502299, 42.585747], [-119.502317, 42.589377], [-119.507256, 42.589369], [-119.512196, 42.589361], [-119.517135, 42.589353], [-119.522075, 42.589345], [-119.522075, 42.585727], [-119.522075, 42.582108], [-119.522076, 42.578489], [-119.522076, 42.574871], [-119.517118, 42.574867], [-119.512161, 42.574864], [-119.507203, 42.57486], [-119.502246, 42.574857], [-119.502264, 42.578487]]]}}, {"type": "Feature", "properties": {"PLSSID": "OR330340S0270E0", "FRSTDIVID": "OR330340S0270E0SN360", "FRSTDIVTYP": "SN", "FRSTDIVNO": "36"}, "geometry": {"type": "Polygon", "coordinates": [[[-119.501069, 42.574861], [-119.497327, 42.574874], [-119.492407, 42.57489], [-119.487488, 42.574906], [-119.482569, 42.574923], [-119.482592, 42.57856], [-119.482615, 42.582198], [-119.482627, 42.585834], [-119.482639, 42.589469], [-119.487559, 42.589446], [-119.492478, 42.589423], [-119.497397, 42.5894], [-119.501069, 42.589383], [-119.502317, 42.589377], [-119.502299, 42.585747], [-119.502281, 42.582117], [-119.502264, 42.578487], [-119.502246, 42.574857], [-119.501069, 42.574861]]]}}, {"type": "Feature", "properties": {"PLSSID": "OR330340S0260E0", "FRSTDIVID": "OR330340S0260E0SN010", "FRSTDIVTYP": "SN", "FRSTDIVNO": "01"}, "geometry": {"type": "Polygon", "coordinates": [[[-119.619222, 42.647104], [-119.61445, 42.647151], [-119.609675, 42.647197], [-119.6049, 42.647244], [-119.600125, 42.64729], [-119.600095, 42.650904], [-119.600065, 42.654518], [-119.600034, 42.658132], [-119.600004, 42.661745], [-119.604872, 42.661719], [-119.609739, 42.661692], [-119.614607, 42.661665], [-119.619472, 42.661638], [-119.619474, 42.661638], [-119.619439, 42.657996], [-119.619405, 42.654396], [-119.619315, 42.65075], [-119.619225, 42.647104], [-119.619222, 42.647104]]]}}, {"type": "Feature", "properties": {"PLSSID": "OR330340S0260E0", "FRSTDIVID": "OR330340S0260E0SN020", "FRSTDIVTYP": "SN", "FRSTDIVNO": "02"}, "geometry": {"type": "Polygon", "coordinates": [[[-119.619474, 42.661638], [-119.624611, 42.66144], [-119.624614, 42.66144], [-119.626073, 42.661384], [-119.62975, 42.661242], [-119.629754, 42.661242], [-119.630268, 42.66128], [-119.630271, 42.661281], [-119.630685, 42.661312], [-119.630688, 42.661312], [-119.634213, 42.661297], [-119.634216, 42.661297], [-119.63437, 42.661296], [-119.634373, 42.661296], [-119.638675, 42.661279], [-119.638678, 42.661279], [-119.638678, 42.661274], [-119.638676, 42.659525], [-119.638674, 42.658033], [-119.638674, 42.65792], [-119.638674, 42.657849], [-119.638674, 42.657632], [-119.638674, 42.657629], [-119.638674, 42.657622], [-119.638674, 42.657611], [-119.638674, 42.657607], [-119.638672, 42.656179], [-119.63867, 42.654506], [-119.63867, 42.654501], [-119.63867, 42.654264], [-119.638669, 42.653986], [-119.638669, 42.653292], [-119.638668, 42.652506], [-119.638667, 42.651924], [-119.638667, 42.651867], [-119.638666, 42.650771], [-119.638666, 42.650511], [-119.638666, 42.650507], [-119.638662, 42.647035], [-119.638659, 42.647035], [-119.636672, 42.647043], [-119.63667, 42.647043], [-119.633853, 42.647054], [-119.63385, 42.647054], [-119.629044, 42.647073], [-119.629041, 42.647073], [-119.626073, 42.647082], [-119.624134, 42.647088], [-119.624132, 42.647088], [-119.619225, 42.647104], [-119.619315, 42.65075], [-119.619405, 42.654396], [-119.619439, 42.657996], [-119.619474, 42.661638]]]}}, {"type": "Feature", "properties": {"PLSSID": "OR330340S0260E0", "FRSTDIVID": "OR330340S0260E0SN030", "FRSTDIVTYP": "SN", "FRSTDIVNO": "03"}, "geometry": {"type": "Polygon", "coordinates": [[[-119.638666, 42.650507], [-119.638666, 42.650511], [-119.638666, 42.650771], [-119.638667, 42.651867], [-119.638667, 42.651924], [-119.638668, 42.652506], [-119.638669, 42.653292], [-119.638669, 42.653986], [-119.63867, 42.654264], [-119.63867, 42.654501], [-119.63867, 42.654506], [-119.638672, 42.656179], [-119.638674, 42.657607], [-119.638674, 42.657611], [-119.638674, 42.657622], [-119.638674, 42.657629], [-119.638674, 42.657632], [-119.638674, 42.657849], [-119.638674, 42.65792], [-119.638674, 42.658033], [-119.638676, 42.659525], [-119.638678, 42.661274], [-119.638678, 42.661279], [-119.638984, 42.661277], [-119.643579, 42.661191], [-119.643888, 42.661185], [-119.648487, 42.661099], [-119.648791, 42.661093], [-119.653396, 42.661007], [-119.653695, 42.661001], [-119.658306, 42.660915], [-119.658313, 42.657921], [-119.658323, 42.654298], [-119.658345, 42.650674], [-119.658367, 42.647049], [-119.653441, 42.647052], [-119.648515, 42.647055], [-119.643589, 42.647045], [-119.638662, 42.647035], [-119.638666, 42.650507]]]}}, {"type": "Feature", "properties": {"PLSSID": "OR330340S0260E0", "FRSTDIVID": "OR330340S0260E0SN040", "FRSTDIVTYP": "SN", "FRSTDIVNO": "04"}, "geometry": {"type": "Polygon", "coordinates": [[[-119.673059, 42.647046], [-119.668162, 42.647047], [-119.663264, 42.647048], [-119.658367, 42.647049], [-119.658345, 42.650674], [-119.658323, 42.654298], [-119.658313, 42.657921], [-119.658306, 42.660915], [-119.658597, 42.660909], [-119.663217, 42.660831], [-119.664257, 42.660813], [-119.668129, 42.660747], [-119.669159, 42.660729], [-119.673041, 42.660663], [-119.674063, 42.660646], [-119.677952, 42.66058], [-119.677951, 42.657928], [-119.677951, 42.657369], [-119.677952, 42.655121], [-119.677952, 42.654306], [-119.677954, 42.650676], [-119.677957, 42.647045], [-119.673059, 42.647046]]]}}, {"type": "Feature", "properties": {"PLSSID": "OR330340S0260E0", "FRSTDIVID": "OR330340S0260E0SN050", "FRSTDIVTYP": "SN", "FRSTDIVNO": "05"}, "geometry": {"type": "Polygon", "coordinates": [[[-119.692638, 42.647011], [-119.687744, 42.647022], [-119.68285, 42.647034], [-119.677957, 42.647045], [-119.677954, 42.650676], [-119.677952, 42.654306], [-119.677952, 42.655121], [-119.677951, 42.657369], [-119.677951, 42.657928], [-119.677952, 42.66058], [-119.678966, 42.660562], [-119.682848, 42.660496], [-119.683962, 42.660477], [-119.686364, 42.660436], [-119.687744, 42.660414], [-119.687778, 42.660414], [-119.68895, 42.660395], [-119.692641, 42.660383], [-119.693942, 42.660378], [-119.697538, 42.660367], [-119.697537, 42.657877], [-119.697535, 42.654253], [-119.697533, 42.650626], [-119.697532, 42.646999], [-119.692638, 42.647011]]]}}, {"type": "Feature", "properties": {"PLSSID": "OR330340S0260E0", "FRSTDIVID": "OR330340S0260E0SN060", "FRSTDIVTYP": "SN", "FRSTDIVNO": "06"}, "geometry": {"type": "Polygon", "coordinates": [[[-119.702427, 42.646995], [-119.697532, 42.646999], [-119.697533, 42.650626], [-119.697535, 42.654253], [-119.697537, 42.657877], [-119.697538, 42.660367], [-119.698933, 42.660362], [-119.702438, 42.660299], [-119.703899, 42.660272], [-119.706181, 42.660231], [-119.706138, 42.658678], [-119.706138, 42.65785], [-119.706142, 42.654431], [-119.706142, 42.65423], [-119.706145, 42.650812], [-119.706146, 42.650611], [-119.706149, 42.647193], [-119.706149, 42.646992], [-119.702427, 42.646995]]]}}, {"type": "Feature", "properties": {"PLSSID": "OR330340S0260E0", "FRSTDIVID": "OR330340S0260E0SN070", "FRSTDIVTYP": "SN", "FRSTDIVNO": "07"}, "geometry": {"type": "Polygon", "coordinates": [[[-119.702442, 42.632516], [-119.697546, 42.632517], [-119.69754, 42.636134], [-119.697533, 42.63975], [-119.697532, 42.643375], [-119.697532, 42.646999], [-119.702427, 42.646995], [-119.706149, 42.646992], [-119.706148, 42.643577], [-119.706148, 42.643373], [-119.706148, 42.640061], [-119.706147, 42.639967], [-119.706147, 42.639964], [-119.706147, 42.639961], [-119.706139, 42.638479], [-119.706128, 42.636355], [-119.706128, 42.63635], [-119.706128, 42.636345], [-119.706121, 42.635071], [-119.706118, 42.633235], [-119.706121, 42.632742], [-119.706122, 42.632518], [-119.70281, 42.632516], [-119.702442, 42.632516]]]}}, {"type": "Feature", "properties": {"PLSSID": "OR330340S0260E0", "FRSTDIVID": "OR330340S0260E0SN080", "FRSTDIVTYP": "SN", "FRSTDIVNO": "08"}, "geometry": {"type": "Polygon", "coordinates": [[[-119.69265, 42.632521], [-119.687753, 42.632524], [-119.682866, 42.632524], [-119.677978, 42.632524], [-119.677973, 42.636154], [-119.677967, 42.639785], [-119.677962, 42.643415], [-119.677957, 42.647045], [-119.68285, 42.647034], [-119.687744, 42.647022], [-119.692638, 42.647011], [-119.697532, 42.646999], [-119.697532, 42.643375], [-119.697533, 42.63975], [-119.69754, 42.636134], [-119.697546, 42.632517], [-119.69265, 42.632521]]]}}, {"type": "Feature", "properties": {"PLSSID": "OR330340S0260E0", "FRSTDIVID": "OR330340S0260E0SN090", "FRSTDIVTYP": "SN", "FRSTDIVNO": "09"}, "geometry": {"type": "Polygon", "coordinates": [[[-119.673083, 42.632535], [-119.668187, 42.632546], [-119.663291, 42.632556], [-119.658396, 42.632567], [-119.658391, 42.636189], [-119.658387, 42.63981], [-119.658377, 42.64343], [-119.658367, 42.647049], [-119.663264, 42.647048], [-119.668162, 42.647047], [-119.673059, 42.647046], [-119.677957, 42.647045], [-119.677962, 42.643415], [-119.677967, 42.639785], [-119.677973, 42.636154], [-119.677978, 42.632524], [-119.673083, 42.632535]]]}}, {"type": "Feature", "properties": {"PLSSID": "OR330340S0260E0", "FRSTDIVID": "OR330340S0260E0SN100", "FRSTDIVTYP": "SN", "FRSTDIVNO": "10"}, "geometry": {"type": "Polygon", "coordinates": [[[-119.638726, 42.635937], [-119.6387, 42.639768], [-119.638699, 42.639903], [-119.638681, 42.643402], [-119.638662, 42.647035], [-119.643589, 42.647045], [-119.648515, 42.647055], [-119.653441, 42.647052], [-119.658367, 42.647049], [-119.658377, 42.64343], [-119.658387, 42.63981], [-119.658391, 42.636189], [-119.658396, 42.632567], [-119.65425, 42.632566], [-119.654119, 42.632566], [-119.6535, 42.632565], [-119.648605, 42.632564], [-119.648144, 42.632542], [-119.647215, 42.632499], [-119.643679, 42.632335], [-119.638752, 42.632106], [-119.638726, 42.635937]]]}}, {"type": "Feature", "properties": {"PLSSID": "OR330340S0260E0", "FRSTDIVID": "OR330340S0260E0SN110", "FRSTDIVTYP": "SN", "FRSTDIVNO": "11"}, "geometry": {"type": "Polygon", "coordinates": [[[-119.633866, 42.632198], [-119.628979, 42.632291], [-119.626073, 42.632345], [-119.624092, 42.632383], [-119.619205, 42.632475], [-119.61924, 42.636137], [-119.619275, 42.6398], [-119.61925, 42.643452], [-119.619225, 42.647104], [-119.624132, 42.647088], [-119.624134, 42.647088], [-119.626073, 42.647082], [-119.629041, 42.647073], [-119.629044, 42.647073], [-119.63385, 42.647054], [-119.633853, 42.647054], [-119.63667, 42.647043], [-119.636672, 42.647043], [-119.638659, 42.647035], [-119.638662, 42.647035], [-119.638681, 42.643402], [-119.638699, 42.639903], [-119.6387, 42.639768], [-119.638726, 42.635937], [-119.638752, 42.632106], [-119.633866, 42.632198]]]}}, {"type": "Feature", "properties": {"PLSSID": "OR330340S0260E0", "FRSTDIVID": "OR330340S0260E0SN120", "FRSTDIVTYP": "SN", "FRSTDIVNO": "12"}, "geometry": {"type": "Polygon", "coordinates": [[[-119.600216, 42.636449], [-119.600186, 42.640063], [-119.600156, 42.643677], [-119.600125, 42.64729], [-119.6049, 42.647244], [-119.609675, 42.647197], [-119.61445, 42.647151], [-119.619222, 42.647104], [-119.619225, 42.647104], [-119.61925, 42.643452], [-119.619275, 42.6398], [-119.61924, 42.636137], [-119.619205, 42.632475], [-119.614605, 42.632673], [-119.610004, 42.632871], [-119.605125, 42.632853], [-119.600247, 42.632835], [-119.600216, 42.636449]]]}}, {"type": "Feature", "properties": {"PLSSID": "OR330340S0260E0", "FRSTDIVID": "OR330340S0260E0SN130", "FRSTDIVTYP": "SN", "FRSTDIVNO": "13"}, "geometry": {"type": "Polygon", "coordinates": [[[-119.600304, 42.621926], [-119.600287, 42.624897], [-119.600283, 42.625565], [-119.600265, 42.6292], [-119.600247, 42.632835], [-119.605125, 42.632853], [-119.610004, 42.632871], [-119.614605, 42.632673], [-119.619205, 42.632475], [-119.619222, 42.628836], [-119.619239, 42.625197], [-119.619269, 42.62489], [-119.619574, 42.621764], [-119.619909, 42.61833], [-119.615047, 42.618325], [-119.610185, 42.61832], [-119.605255, 42.618303], [-119.600325, 42.618286], [-119.600304, 42.621926]]]}}, {"type": "Feature", "properties": {"PLSSID": "OR330340S0260E0", "FRSTDIVID": "OR330340S0260E0SN140", "FRSTDIVTYP": "SN", "FRSTDIVNO": "14"}, "geometry": {"type": "Polygon", "coordinates": [[[-119.626073, 42.618263], [-119.624798, 42.618277], [-119.619909, 42.61833], [-119.619574, 42.621764], [-119.619269, 42.62489], [-119.619239, 42.625197], [-119.619222, 42.628836], [-119.619205, 42.632475], [-119.624092, 42.632383], [-119.626073, 42.632345], [-119.628979, 42.632291], [-119.633866, 42.632198], [-119.638752, 42.632106], [-119.63878, 42.62882], [-119.638781, 42.628705], [-119.638807, 42.625535], [-119.638809, 42.625305], [-119.63881, 42.624892], [-119.638818, 42.62191], [-119.638818, 42.621654], [-119.638826, 42.618284], [-119.634598, 42.618256], [-119.634257, 42.618255], [-119.629687, 42.618224], [-119.626073, 42.618263]]]}}, {"type": "Feature", "properties": {"PLSSID": "OR330340S0260E0", "FRSTDIVID": "OR330340S0260E0SN150", "FRSTDIVTYP": "SN", "FRSTDIVNO": "15"}, "geometry": {"type": "Polygon", "coordinates": [[[-119.638818, 42.621654], [-119.638818, 42.62191], [-119.63881, 42.624892], [-119.638809, 42.625305], [-119.638807, 42.625535], [-119.638781, 42.628705], [-119.63878, 42.62882], [-119.638752, 42.632106], [-119.643679, 42.632335], [-119.647215, 42.632499], [-119.648144, 42.632542], [-119.648605, 42.632564], [-119.6535, 42.632565], [-119.654119, 42.632566], [-119.65425, 42.632566], [-119.658396, 42.632567], [-119.658401, 42.628939], [-119.658405, 42.62531], [-119.658406, 42.624999], [-119.658406, 42.624909], [-119.658406, 42.6249], [-119.658409, 42.621674], [-119.658412, 42.618038], [-119.65386, 42.618027], [-119.653523, 42.618026], [-119.649307, 42.618014], [-119.648633, 42.618012], [-119.64441, 42.618009], [-119.643732, 42.618009], [-119.639513, 42.618006], [-119.639508, 42.618288], [-119.638826, 42.618284], [-119.638818, 42.621654]]]}}, {"type": "Feature", "properties": {"PLSSID": "OR330340S0260E0", "FRSTDIVID": "OR330340S0260E0SN160", "FRSTDIVTYP": "SN", "FRSTDIVNO": "16"}, "geometry": {"type": "Polygon", "coordinates": [[[-119.658409, 42.621674], [-119.658406, 42.6249], [-119.658406, 42.624909], [-119.658406, 42.624999], [-119.658405, 42.62531], [-119.658401, 42.628939], [-119.658396, 42.632567], [-119.663291, 42.632556], [-119.668187, 42.632546], [-119.673083, 42.632535], [-119.677978, 42.632524], [-119.677986, 42.628904], [-119.677994, 42.625284], [-119.677994, 42.624902], [-119.677998, 42.621666], [-119.677999, 42.619813], [-119.675655, 42.618042], [-119.673102, 42.618042], [-119.668943, 42.618043], [-119.668201, 42.618043], [-119.663298, 42.618041], [-119.658412, 42.618038], [-119.658409, 42.621674]]]}}, {"type": "Feature", "properties": {"PLSSID": "OR330340S0260E0", "FRSTDIVID": "OR330340S0260E0SN170", "FRSTDIVTYP": "SN", "FRSTDIVNO": "17"}, "geometry": {"type": "Polygon", "coordinates": [[[-119.692651, 42.618034], [-119.687767, 42.618037], [-119.682884, 42.618039], [-119.680613, 42.61804], [-119.677999, 42.619813], [-119.677998, 42.621666], [-119.677994, 42.624902], [-119.677994, 42.625284], [-119.677986, 42.628904], [-119.677978, 42.632524], [-119.682866, 42.632524], [-119.687753, 42.632524], [-119.69265, 42.632521], [-119.697546, 42.632517], [-119.697547, 42.630588], [-119.697543, 42.628896], [-119.69754, 42.625275], [-119.69754, 42.624903], [-119.697538, 42.621654], [-119.697535, 42.618032], [-119.692651, 42.618034]]]}}, {"type": "Feature", "properties": {"PLSSID": "OR330340S0260E0", "FRSTDIVID": "OR330340S0260E0SN180", "FRSTDIVTYP": "SN", "FRSTDIVNO": "18"}, "geometry": {"type": "Polygon", "coordinates": [[[-119.706122, 42.632518], [-119.70614, 42.629125], [-119.706141, 42.628894], [-119.706158, 42.625799], [-119.706159, 42.625507], [-119.70616, 42.62527], [-119.70616, 42.624901], [-119.706166, 42.621899], [-119.706166, 42.621645], [-119.706172, 42.61829], [-119.706173, 42.618021], [-119.702439, 42.618028], [-119.701432, 42.618031], [-119.697535, 42.618032], [-119.697538, 42.621654], [-119.69754, 42.624903], [-119.69754, 42.625275], [-119.697543, 42.628896], [-119.697547, 42.630588], [-119.697546, 42.632517], [-119.702442, 42.632516], [-119.70281, 42.632516], [-119.706122, 42.632518]]]}}, {"type": "Feature", "properties": {"PLSSID": "OR330340S0260E0", "FRSTDIVID": "OR330340S0260E0SN190", "FRSTDIVTYP": "SN", "FRSTDIVNO": "19"}, "geometry": {"type": "Polygon", "coordinates": [[[-119.697561, 42.607162], [-119.697544, 42.610786], [-119.697533, 42.614405], [-119.697532, 42.615115], [-119.697535, 42.618032], [-119.701432, 42.618031], [-119.702439, 42.618028], [-119.706173, 42.618021], [-119.706173, 42.617355], [-119.706175, 42.615701], [-119.706179, 42.614671], [-119.706189, 42.611917], [-119.706192, 42.611033], [-119.706193, 42.610772], [-119.706198, 42.609452], [-119.706202, 42.608531], [-119.706202, 42.607157], [-119.706201, 42.604692], [-119.706202, 42.603733], [-119.706202, 42.603541], [-119.704301, 42.603545], [-119.70247, 42.603543], [-119.697578, 42.603539], [-119.697561, 42.607162]]]}}, {"type": "Feature", "properties": {"PLSSID": "OR330340S0260E0", "FRSTDIVID": "OR330340S0260E0SN200", "FRSTDIVTYP": "SN", "FRSTDIVNO": "20"}, "geometry": {"type": "Polygon", "coordinates": [[[-119.682885, 42.616499], [-119.680613, 42.61804], [-119.682884, 42.618039], [-119.687767, 42.618037], [-119.692651, 42.618034], [-119.697535, 42.618032], [-119.697532, 42.615115], [-119.697533, 42.614405], [-119.697544, 42.610786], [-119.697561, 42.607162], [-119.697578, 42.603539], [-119.692683, 42.60355], [-119.687788, 42.603561], [-119.682903, 42.60355], [-119.682898, 42.60355], [-119.682889, 42.60355], [-119.678017, 42.603559], [-119.67801, 42.607183], [-119.677999, 42.6108], [-119.677999, 42.610804], [-119.677999, 42.610808], [-119.678002, 42.611657], [-119.678001, 42.614424], [-119.678, 42.615773], [-119.678464, 42.615794], [-119.680344, 42.61588], [-119.682886, 42.615865], [-119.683827, 42.61586], [-119.682885, 42.616499]]]}}, {"type": "Feature", "properties": {"PLSSID": "OR330340S0260E0", "FRSTDIVID": "OR330340S0260E0SN210", "FRSTDIVTYP": "SN", "FRSTDIVNO": "21"}, "geometry": {"type": "Polygon", "coordinates": [[[-119.658412, 42.618038], [-119.663298, 42.618041], [-119.668201, 42.618043], [-119.668943, 42.618043], [-119.673102, 42.618042], [-119.675655, 42.618042], [-119.67716, 42.615734], [-119.678, 42.615773], [-119.678001, 42.614424], [-119.678002, 42.611657], [-119.677999, 42.610808], [-119.677999, 42.610804], [-119.677999, 42.6108], [-119.67801, 42.607183], [-119.678017, 42.603559], [-119.673493, 42.603549], [-119.673116, 42.603548], [-119.668968, 42.603538], [-119.668216, 42.603536], [-119.664081, 42.603538], [-119.663301, 42.603538], [-119.659194, 42.603539], [-119.65919, 42.603914], [-119.658382, 42.603905], [-119.658397, 42.607162], [-119.658399, 42.607547], [-119.658414, 42.610793], [-119.658414, 42.61119], [-119.658413, 42.614416], [-119.658413, 42.614614], [-119.658412, 42.618038]]]}}, {"type": "Feature", "properties": {"PLSSID": "OR330340S0260E0", "FRSTDIVID": "OR330340S0260E0SN220", "FRSTDIVTYP": "SN", "FRSTDIVNO": "22"}, "geometry": {"type": "Polygon", "coordinates": [[[-119.639597, 42.607382], [-119.639598, 42.610989], [-119.639553, 42.614498], [-119.639554, 42.614639], [-119.639513, 42.618006], [-119.643732, 42.618009], [-119.64441, 42.618009], [-119.648633, 42.618012], [-119.649307, 42.618014], [-119.653523, 42.618026], [-119.65386, 42.618027], [-119.658412, 42.618038], [-119.658413, 42.614614], [-119.658413, 42.614416], [-119.658414, 42.61119], [-119.658414, 42.610793], [-119.658399, 42.607547], [-119.658397, 42.607162], [-119.658382, 42.603905], [-119.654309, 42.603858], [-119.653905, 42.603854], [-119.649427, 42.603803], [-119.644512, 42.603788], [-119.639596, 42.603774], [-119.639597, 42.607382]]]}}, {"type": "Feature", "properties": {"PLSSID": "OR330340S0260E0", "FRSTDIVID": "OR330340S0260E0SN230", "FRSTDIVTYP": "SN", "FRSTDIVNO": "23"}, "geometry": {"type": "Polygon", "coordinates": [[[-119.619909, 42.61833], [-119.624798, 42.618277], [-119.626073, 42.618263], [-119.629687, 42.618224], [-119.634257, 42.618255], [-119.634598, 42.618256], [-119.638826, 42.618284], [-119.639508, 42.618288], [-119.639513, 42.618006], [-119.639554, 42.614639], [-119.639553, 42.614498], [-119.639598, 42.610989], [-119.639597, 42.607382], [-119.639596, 42.603774], [-119.634681, 42.60378], [-119.629767, 42.603786], [-119.626073, 42.60379], [-119.624852, 42.603791], [-119.619938, 42.603797], [-119.61993, 42.607431], [-119.619923, 42.611064], [-119.619916, 42.614697], [-119.619909, 42.61833]]]}}, {"type": "Feature", "properties": {"PLSSID": "OR330340S0260E0", "FRSTDIVID": "OR330340S0260E0SN240", "FRSTDIVTYP": "SN", "FRSTDIVNO": "24"}, "geometry": {"type": "Polygon", "coordinates": [[[-119.600301, 42.607394], [-119.600309, 42.611025], [-119.600317, 42.614655], [-119.600325, 42.618286], [-119.605255, 42.618303], [-119.610185, 42.61832], [-119.615047, 42.618325], [-119.619909, 42.61833], [-119.619916, 42.614697], [-119.619923, 42.611064], [-119.61993, 42.607431], [-119.619938, 42.603797], [-119.615026, 42.603789], [-119.610115, 42.60378], [-119.605204, 42.603771], [-119.600293, 42.603763], [-119.600301, 42.607394]]]}}, {"type": "Feature", "properties": {"PLSSID": "OR330340S0260E0", "FRSTDIVID": "OR330340S0260E0SN250", "FRSTDIVTYP": "SN", "FRSTDIVNO": "25"}, "geometry": {"type": "Polygon", "coordinates": [[[-119.614988, 42.589223], [-119.610079, 42.589228], [-119.60517, 42.589234], [-119.600261, 42.589239], [-119.600269, 42.59287], [-119.600277, 42.596501], [-119.600285, 42.600132], [-119.600293, 42.603763], [-119.605204, 42.603771], [-119.610115, 42.60378], [-119.615026, 42.603789], [-119.619938, 42.603797], [-119.619928, 42.600152], [-119.619918, 42.596507], [-119.619908, 42.592862], [-119.619898, 42.589217], [-119.614988, 42.589223]]]}}, {"type": "Feature", "properties": {"PLSSID": "OR330340S0260E0", "FRSTDIVID": "OR330340S0260E0SN260", "FRSTDIVTYP": "SN", "FRSTDIVNO": "26"}, "geometry": {"type": "Polygon", "coordinates": [[[-119.634533, 42.589186], [-119.629655, 42.589196], [-119.626074, 42.589204], [-119.624776, 42.589207], [-119.619898, 42.589217], [-119.619908, 42.592862], [-119.619918, 42.596507], [-119.619928, 42.600152], [-119.619938, 42.603797], [-119.624852, 42.603791], [-119.626073, 42.60379], [-119.629767, 42.603786], [-119.634681, 42.60378], [-119.639596, 42.603774], [-119.63955, 42.600124], [-119.639504, 42.596475], [-119.639458, 42.592825], [-119.639412, 42.589176], [-119.634533, 42.589186]]]}}, {"type": "Feature", "properties": {"PLSSID": "OR330340S0260E0", "FRSTDIVID": "OR330340S0260E0SN270", "FRSTDIVTYP": "SN", "FRSTDIVNO": "27"}, "geometry": {"type": "Polygon", "coordinates": [[[-119.639458, 42.592825], [-119.639504, 42.596475], [-119.63955, 42.600124], [-119.639596, 42.603774], [-119.644512, 42.603788], [-119.649427, 42.603803], [-119.653905, 42.603854], [-119.654309, 42.603858], [-119.658382, 42.603905], [-119.65919, 42.603914], [-119.659194, 42.603539], [-119.659206, 42.600267], [-119.659207, 42.60008], [-119.659219, 42.59662], [-119.659231, 42.592984], [-119.659244, 42.589348], [-119.654286, 42.589305], [-119.649328, 42.589262], [-119.64437, 42.589219], [-119.639412, 42.589176], [-119.639458, 42.592825]]]}}, {"type": "Feature", "properties": {"PLSSID": "OR330340S0260E0", "FRSTDIVID": "OR330340S0260E0SN280", "FRSTDIVTYP": "SN", "FRSTDIVNO": "28"}, "geometry": {"type": "Polygon", "coordinates": [[[-119.668968, 42.603538], [-119.673116, 42.603548], [-119.673493, 42.603549], [-119.678017, 42.603559], [-119.678026, 42.600064], [-119.678026, 42.59993], [-119.678036, 42.596568], [-119.678036, 42.5963], [-119.678049, 42.59295], [-119.67805, 42.592683], [-119.678063, 42.589331], [-119.674109, 42.589335], [-119.673631, 42.589336], [-119.669185, 42.58934], [-119.664214, 42.589344], [-119.659244, 42.589348], [-119.659231, 42.592984], [-119.659219, 42.59662], [-119.659207, 42.60008], [-119.659206, 42.600267], [-119.659194, 42.603539], [-119.663301, 42.603538], [-119.664081, 42.603538], [-119.668216, 42.603536], [-119.668968, 42.603538]]]}}, {"type": "Feature", "properties": {"PLSSID": "OR330340S0260E0", "FRSTDIVID": "OR330340S0260E0SN290", "FRSTDIVTYP": "SN", "FRSTDIVNO": "29"}, "geometry": {"type": "Polygon", "coordinates": [[[-119.682898, 42.60355], [-119.682903, 42.60355], [-119.687788, 42.603561], [-119.692683, 42.60355], [-119.697578, 42.603539], [-119.697578, 42.599921], [-119.697577, 42.598074], [-119.696456, 42.596304], [-119.697573, 42.595754], [-119.69757, 42.592686], [-119.697567, 42.591178], [-119.697568, 42.590697], [-119.697569, 42.589068], [-119.693186, 42.58907], [-119.692671, 42.58907], [-119.688803, 42.589072], [-119.687774, 42.589073], [-119.683911, 42.589069], [-119.682919, 42.589068], [-119.679019, 42.589064], [-119.679019, 42.58933], [-119.678063, 42.589331], [-119.67805, 42.592683], [-119.678049, 42.59295], [-119.678036, 42.5963], [-119.678036, 42.596568], [-119.678026, 42.59993], [-119.678026, 42.600064], [-119.678017, 42.603559], [-119.682889, 42.60355], [-119.682898, 42.60355]]]}}, {"type": "Feature", "properties": {"PLSSID": "OR330340S0260E0", "FRSTDIVID": "OR330340S0260E0SN300", "FRSTDIVTYP": "SN", "FRSTDIVNO": "30"}, "geometry": {"type": "Polygon", "coordinates": [[[-119.702467, 42.594531], [-119.703207, 42.594704], [-119.702468, 42.595146], [-119.697577, 42.598074], [-119.697578, 42.599921], [-119.697578, 42.603539], [-119.70247, 42.603543], [-119.704301, 42.603545], [-119.706202, 42.603541], [-119.706204, 42.600117], [-119.706204, 42.599918], [-119.706206, 42.596502], [-119.706206, 42.596295], [-119.706207, 42.595425], [-119.706207, 42.594882], [-119.706208, 42.592672], [-119.706211, 42.589272], [-119.706211, 42.589049], [-119.703414, 42.589055], [-119.702466, 42.589056], [-119.700071, 42.589062], [-119.697569, 42.589068], [-119.697568, 42.590697], [-119.697567, 42.591178], [-119.69757, 42.592686], [-119.697573, 42.595754], [-119.698268, 42.595412], [-119.700833, 42.59415], [-119.702467, 42.594531]]]}}, {"type": "Feature", "properties": {"PLSSID": "OR330340S0260E0", "FRSTDIVID": "OR330340S0260E0SN310", "FRSTDIVTYP": "SN", "FRSTDIVNO": "31"}, "geometry": {"type": "Polygon", "coordinates": [[[-119.697529, 42.578336], [-119.697529, 42.578459], [-119.697541, 42.581831], [-119.697542, 42.582077], [-119.697555, 42.585449], [-119.697556, 42.585572], [-119.697569, 42.589068], [-119.700071, 42.589062], [-119.702466, 42.589056], [-119.703414, 42.589055], [-119.706211, 42.589049], [-119.706212, 42.587596], [-119.706212, 42.585853], [-119.706212, 42.585842], [-119.706212, 42.585429], [-119.706213, 42.582098], [-119.706213, 42.581809], [-119.706216, 42.578474], [-119.706217, 42.57833], [-119.70622, 42.574851], [-119.703417, 42.574849], [-119.702422, 42.574849], [-119.698514, 42.574846], [-119.697517, 42.574842], [-119.697529, 42.578336]]]}}, {"type": "Feature", "properties": {"PLSSID": "OR330340S0260E0", "FRSTDIVID": "OR330340S0260E0SN320", "FRSTDIVTYP": "SN", "FRSTDIVNO": "32"}, "geometry": {"type": "Polygon", "coordinates": [[[-119.678913, 42.578414], [-119.679015, 42.582079], [-119.679017, 42.585571], [-119.679017, 42.585704], [-119.679019, 42.589064], [-119.682919, 42.589068], [-119.683911, 42.589069], [-119.687774, 42.589073], [-119.688803, 42.589072], [-119.692671, 42.58907], [-119.693186, 42.58907], [-119.697569, 42.589068], [-119.697556, 42.585572], [-119.697555, 42.585449], [-119.697542, 42.582077], [-119.697541, 42.581831], [-119.697529, 42.578459], [-119.697529, 42.578336], [-119.697517, 42.574842], [-119.693565, 42.574848], [-119.693066, 42.574849], [-119.688616, 42.574856], [-119.683714, 42.574802], [-119.678812, 42.574748], [-119.678913, 42.578414]]]}}, {"type": "Feature", "properties": {"PLSSID": "OR330340S0260E0", "FRSTDIVID": "OR330340S0260E0SN330", "FRSTDIVTYP": "SN", "FRSTDIVNO": "33"}, "geometry": {"type": "Polygon", "coordinates": [[[-119.659204, 42.578355], [-119.659218, 42.58202], [-119.659231, 42.585684], [-119.659244, 42.589348], [-119.664214, 42.589344], [-119.669185, 42.58934], [-119.673631, 42.589336], [-119.674109, 42.589335], [-119.678063, 42.589331], [-119.679019, 42.58933], [-119.679019, 42.589064], [-119.679017, 42.585704], [-119.679017, 42.585571], [-119.679015, 42.582079], [-119.678913, 42.578414], [-119.678812, 42.574748], [-119.673907, 42.574734], [-119.669002, 42.57472], [-119.664096, 42.574705], [-119.659191, 42.574691], [-119.659204, 42.578355]]]}}, {"type": "Feature", "properties": {"PLSSID": "OR330340S0260E0", "FRSTDIVID": "OR330340S0260E0SN340", "FRSTDIVTYP": "SN", "FRSTDIVNO": "34"}, "geometry": {"type": "Polygon", "coordinates": [[[-119.639469, 42.5783], [-119.63945, 42.581925], [-119.639431, 42.58555], [-119.639412, 42.589176], [-119.64437, 42.589219], [-119.649328, 42.589262], [-119.654286, 42.589305], [-119.659244, 42.589348], [-119.659231, 42.585684], [-119.659218, 42.58202], [-119.659204, 42.578355], [-119.659191, 42.574691], [-119.654266, 42.574687], [-119.64934, 42.574683], [-119.644414, 42.574678], [-119.639489, 42.574674], [-119.639469, 42.5783]]]}}, {"type": "Feature", "properties": {"PLSSID": "OR330340S0260E0", "FRSTDIVID": "OR330340S0260E0SN350", "FRSTDIVTYP": "SN", "FRSTDIVNO": "35"}, "geometry": {"type": "Polygon", "coordinates": [[[-119.619923, 42.578256], [-119.619915, 42.58191], [-119.619906, 42.585564], [-119.619898, 42.589217], [-119.624776, 42.589207], [-119.626074, 42.589204], [-119.629655, 42.589196], [-119.634533, 42.589186], [-119.639412, 42.589176], [-119.639431, 42.58555], [-119.63945, 42.581925], [-119.639469, 42.5783], [-119.639489, 42.574674], [-119.634599, 42.574656], [-119.62971, 42.574638], [-119.626074, 42.574625], [-119.624821, 42.57462], [-119.619932, 42.574602], [-119.619923, 42.578256]]]}}, {"type": "Feature", "properties": {"PLSSID": "OR330340S0260E0", "FRSTDIVID": "OR330340S0260E0SN360", "FRSTDIVTYP": "SN", "FRSTDIVNO": "36"}, "geometry": {"type": "Polygon", "coordinates": [[[-119.615006, 42.574631], [-119.61008, 42.574659], [-119.605155, 42.574687], [-119.600229, 42.574715], [-119.600237, 42.578346], [-119.600245, 42.581977], [-119.600253, 42.585608], [-119.600261, 42.589239], [-119.60517, 42.589234], [-119.610079, 42.589228], [-119.614988, 42.589223], [-119.619898, 42.589217], [-119.619906, 42.585564], [-119.619915, 42.58191], [-119.619923, 42.578256], [-119.619932, 42.574602], [-119.615006, 42.574631]]]}}, {"type": "Feature", "properties": {"PLSSID": "OR330340S0260E0", "FRSTDIVID": "OR330340S0260E0UN160", "FRSTDIVTYP": "UN", "FRSTDIVNO": "16"}, "geometry": {"type": "Polygon", "coordinates": [[[-119.675655, 42.618042], [-119.677999, 42.619813], [-119.678, 42.618041], [-119.675655, 42.618042]]]}}, {"type": "Feature", "properties": {"PLSSID": "OR330340S0260E0", "FRSTDIVID": "OR330340S0260E0UN170", "FRSTDIVTYP": "UN", "FRSTDIVNO": "17"}, "geometry": {"type": "Polygon", "coordinates": [[[-119.678, 42.618041], [-119.677999, 42.619813], [-119.680613, 42.61804], [-119.678, 42.618041]]]}}, {"type": "Feature", "properties": {"PLSSID": "OR330340S0260E0", "FRSTDIVID": "OR330340S0260E0UN200", "FRSTDIVTYP": "UN", "FRSTDIVNO": "20"}, "geometry": {"type": "Polygon", "coordinates": [[[-119.678, 42.615773], [-119.678, 42.617056], [-119.678, 42.618041], [-119.680613, 42.61804], [-119.682885, 42.616499], [-119.683827, 42.61586], [-119.682886, 42.615865], [-119.680344, 42.61588], [-119.678464, 42.615794], [-119.678, 42.615773]]]}}, {"type": "Feature", "properties": {"PLSSID": "OR330340S0260E0", "FRSTDIVID": "OR330340S0260E0UN210", "FRSTDIVTYP": "UN", "FRSTDIVNO": "21"}, "geometry": {"type": "Polygon", "coordinates": [[[-119.678, 42.615773], [-119.67716, 42.615734], [-119.675655, 42.618042], [-119.678, 42.618041], [-119.678, 42.617056], [-119.678, 42.615773]]]}}, {"type": "Feature", "properties": {"PLSSID": "OR330340S0260E0", "FRSTDIVID": "OR330340S0260E0UN290", "FRSTDIVTYP": "UN", "FRSTDIVNO": "29"}, "geometry": {"type": "Polygon", "coordinates": [[[-119.696456, 42.596304], [-119.697577, 42.598074], [-119.697574, 42.596304], [-119.697573, 42.595754], [-119.696456, 42.596304]]]}}, {"type": "Feature", "properties": {"PLSSID": "OR330340S0260E0", "FRSTDIVID": "OR330340S0260E0UN300", "FRSTDIVTYP": "UN", "FRSTDIVNO": "30"}, "geometry": {"type": "Polygon", "coordinates": [[[-119.697573, 42.595754], [-119.697574, 42.596304], [-119.697577, 42.598074], [-119.702468, 42.595146], [-119.703207, 42.594704], [-119.702467, 42.594531], [-119.700833, 42.59415], [-119.698268, 42.595412], [-119.697573, 42.595754]]]}}, {"type": "Feature", "properties": {"PLSSID": "OR330340S0250E0", "FRSTDIVID": "OR330340S0250E0SN010", "FRSTDIVTYP": "SN", "FRSTDIVNO": "01"}, "geometry": {"type": "Polygon", "coordinates": [[[-119.711032, 42.647178], [-119.706149, 42.647193], [-119.706146, 42.650611], [-119.706145, 42.650812], [-119.706142, 42.65423], [-119.706142, 42.654431], [-119.706138, 42.65785], [-119.706138, 42.658678], [-119.711039, 42.658685], [-119.711092, 42.658685], [-119.71594, 42.658692], [-119.716047, 42.65869], [-119.720841, 42.658686], [-119.72101, 42.658686], [-119.725742, 42.658681], [-119.725731, 42.654414], [-119.725724, 42.650796], [-119.725717, 42.647177], [-119.720836, 42.647171], [-119.715955, 42.647164], [-119.711032, 42.647178]]]}}, {"type": "Feature", "properties": {"PLSSID": "OR330340S0250E0", "FRSTDIVID": "OR330340S0250E0SN020", "FRSTDIVTYP": "SN", "FRSTDIVNO": "02"}, "geometry": {"type": "Polygon", "coordinates": [[[-119.740452, 42.647147], [-119.73554, 42.647157], [-119.730628, 42.647167], [-119.725717, 42.647177], [-119.725724, 42.650796], [-119.725731, 42.654414], [-119.725742, 42.658681], [-119.725973, 42.658682], [-119.730645, 42.658679], [-119.730934, 42.658679], [-119.735547, 42.658676], [-119.735895, 42.658675], [-119.740449, 42.658661], [-119.740858, 42.658659], [-119.74535, 42.658645], [-119.745356, 42.654373], [-119.74536, 42.650755], [-119.745364, 42.647137], [-119.740452, 42.647147]]]}}, {"type": "Feature", "properties": {"PLSSID": "OR330340S0250E0", "FRSTDIVID": "OR330340S0250E0SN030", "FRSTDIVTYP": "SN", "FRSTDIVNO": "03"}, "geometry": {"type": "Polygon", "coordinates": [[[-119.760054, 42.647121], [-119.755158, 42.647126], [-119.751078, 42.647131], [-119.750261, 42.647132], [-119.745364, 42.647137], [-119.74536, 42.650755], [-119.745356, 42.654373], [-119.74535, 42.658645], [-119.74582, 42.658644], [-119.750253, 42.658644], [-119.750776, 42.658644], [-119.751079, 42.658644], [-119.755156, 42.658644], [-119.755733, 42.658644], [-119.76006, 42.658628], [-119.760698, 42.658626], [-119.764963, 42.658611], [-119.76496, 42.654348], [-119.764955, 42.650732], [-119.764951, 42.647115], [-119.760054, 42.647121]]]}}, {"type": "Feature", "properties": {"PLSSID": "OR330340S0250E0", "FRSTDIVID": "OR330340S0250E0SN040", "FRSTDIVTYP": "SN", "FRSTDIVNO": "04"}, "geometry": {"type": "Polygon", "coordinates": [[[-119.779605, 42.647089], [-119.77472, 42.647098], [-119.769836, 42.647106], [-119.764951, 42.647115], [-119.764955, 42.650732], [-119.76496, 42.654348], [-119.764963, 42.658611], [-119.765663, 42.658607], [-119.769863, 42.658603], [-119.770613, 42.658602], [-119.774763, 42.658598], [-119.775563, 42.658597], [-119.779665, 42.658594], [-119.780517, 42.658593], [-119.784566, 42.65859], [-119.784537, 42.654316], [-119.784513, 42.650698], [-119.784489, 42.647081], [-119.779605, 42.647089]]]}}, {"type": "Feature", "properties": {"PLSSID": "OR330340S0250E0", "FRSTDIVID": "OR330340S0250E0SN050", "FRSTDIVTYP": "SN", "FRSTDIVNO": "05"}, "geometry": {"type": "Polygon", "coordinates": [[[-119.784566, 42.65859], [-119.78547, 42.65859], [-119.789469, 42.658583], [-119.790427, 42.658581], [-119.794373, 42.658574], [-119.795384, 42.658575], [-119.799275, 42.658571], [-119.800348, 42.65857], [-119.804177, 42.658566], [-119.804158, 42.654259], [-119.804142, 42.650641], [-119.804126, 42.647023], [-119.799217, 42.647037], [-119.794308, 42.647052], [-119.789398, 42.647066], [-119.784489, 42.647081], [-119.784513, 42.650698], [-119.784537, 42.654316], [-119.784566, 42.65859]]]}}, {"type": "Feature", "properties": {"PLSSID": "OR330340S0250E0", "FRSTDIVID": "OR330340S0250E0SN060", "FRSTDIVTYP": "SN", "FRSTDIVNO": "06"}, "geometry": {"type": "Polygon", "coordinates": [[[-119.818826, 42.646972], [-119.813937, 42.646992], [-119.809032, 42.647008], [-119.804126, 42.647023], [-119.804142, 42.650641], [-119.804158, 42.654259], [-119.804177, 42.658566], [-119.805312, 42.658566], [-119.809079, 42.65856], [-119.81026, 42.658558], [-119.813981, 42.658552], [-119.815208, 42.658549], [-119.818883, 42.658542], [-119.82017, 42.65854], [-119.825131, 42.65853], [-119.825124, 42.654855], [-119.825122, 42.654184], [-119.825116, 42.651179], [-119.825115, 42.650565], [-119.825109, 42.647504], [-119.825108, 42.646945], [-119.818826, 42.646972]]]}}, {"type": "Feature", "properties": {"PLSSID": "OR330340S0250E0", "FRSTDIVID": "OR330340S0250E0SN070", "FRSTDIVTYP": "SN", "FRSTDIVNO": "07"}, "geometry": {"type": "Polygon", "coordinates": [[[-119.81876, 42.632488], [-119.813862, 42.632505], [-119.808969, 42.632523], [-119.804076, 42.632541], [-119.804089, 42.636162], [-119.804101, 42.639782], [-119.804114, 42.643403], [-119.804126, 42.647023], [-119.809032, 42.647008], [-119.813937, 42.646992], [-119.818826, 42.646972], [-119.825108, 42.646945], [-119.825102, 42.643828], [-119.825099, 42.643325], [-119.825083, 42.640157], [-119.82508, 42.639705], [-119.825064, 42.636485], [-119.825053, 42.636085], [-119.824963, 42.632797], [-119.824954, 42.632466], [-119.81876, 42.632488]]]}}, {"type": "Feature", "properties": {"PLSSID": "OR330340S0250E0", "FRSTDIVID": "OR330340S0250E0SN080", "FRSTDIVTYP": "SN", "FRSTDIVNO": "08"}, "geometry": {"type": "Polygon", "coordinates": [[[-119.799181, 42.63256], [-119.794285, 42.632578], [-119.789389, 42.632596], [-119.784494, 42.632615], [-119.784493, 42.636231], [-119.784491, 42.639848], [-119.78449, 42.643464], [-119.784489, 42.647081], [-119.789398, 42.647066], [-119.794308, 42.647052], [-119.799217, 42.647037], [-119.804126, 42.647023], [-119.804114, 42.643403], [-119.804101, 42.639782], [-119.804089, 42.636162], [-119.804076, 42.632541], [-119.799181, 42.63256]]]}}, {"type": "Feature", "properties": {"PLSSID": "OR330340S0250E0", "FRSTDIVID": "OR330340S0250E0SN090", "FRSTDIVTYP": "SN", "FRSTDIVNO": "09"}, "geometry": {"type": "Polygon", "coordinates": [[[-119.779602, 42.632621], [-119.77471, 42.632627], [-119.769818, 42.632633], [-119.764927, 42.632639], [-119.764933, 42.636258], [-119.764939, 42.639877], [-119.764945, 42.643496], [-119.764951, 42.647115], [-119.769836, 42.647106], [-119.77472, 42.647098], [-119.779605, 42.647089], [-119.784489, 42.647081], [-119.78449, 42.643464], [-119.784491, 42.639848], [-119.784493, 42.636231], [-119.784494, 42.632615], [-119.779602, 42.632621]]]}}, {"type": "Feature", "properties": {"PLSSID": "OR330340S0250E0", "FRSTDIVID": "OR330340S0250E0SN100", "FRSTDIVTYP": "SN", "FRSTDIVNO": "10"}, "geometry": {"type": "Polygon", "coordinates": [[[-119.760035, 42.632648], [-119.755143, 42.632658], [-119.751077, 42.632666], [-119.750251, 42.632668], [-119.745359, 42.632677], [-119.74536, 42.636292], [-119.745361, 42.639907], [-119.745363, 42.643522], [-119.745364, 42.647137], [-119.750261, 42.647132], [-119.751078, 42.647131], [-119.755158, 42.647126], [-119.760054, 42.647121], [-119.764951, 42.647115], [-119.764945, 42.643496], [-119.764939, 42.639877], [-119.764933, 42.636258], [-119.764927, 42.632639], [-119.760035, 42.632648]]]}}, {"type": "Feature", "properties": {"PLSSID": "OR330340S0250E0", "FRSTDIVID": "OR330340S0250E0SN110", "FRSTDIVTYP": "SN", "FRSTDIVNO": "11"}, "geometry": {"type": "Polygon", "coordinates": [[[-119.740459, 42.63269], [-119.735558, 42.632703], [-119.730658, 42.632715], [-119.725758, 42.632728], [-119.725748, 42.63634], [-119.725737, 42.639953], [-119.725727, 42.643565], [-119.725717, 42.647177], [-119.730628, 42.647167], [-119.73554, 42.647157], [-119.740452, 42.647147], [-119.745364, 42.647137], [-119.745363, 42.643522], [-119.745361, 42.639907], [-119.74536, 42.636292], [-119.745359, 42.632677], [-119.740459, 42.63269]]]}}, {"type": "Feature", "properties": {"PLSSID": "OR330340S0250E0", "FRSTDIVID": "OR330340S0250E0SN120", "FRSTDIVTYP": "SN", "FRSTDIVNO": "12"}, "geometry": {"type": "Polygon", "coordinates": [[[-119.706149, 42.647193], [-119.711032, 42.647178], [-119.715955, 42.647164], [-119.720836, 42.647171], [-119.725717, 42.647177], [-119.725727, 42.643565], [-119.725737, 42.639953], [-119.725748, 42.63634], [-119.725758, 42.632728], [-119.720857, 42.632732], [-119.715957, 42.632736], [-119.711055, 42.632741], [-119.707049, 42.632744], [-119.706121, 42.632742], [-119.706118, 42.633235], [-119.706121, 42.635071], [-119.706128, 42.636345], [-119.706128, 42.63635], [-119.706128, 42.636355], [-119.706139, 42.638479], [-119.706147, 42.639961], [-119.706147, 42.639964], [-119.706147, 42.639967], [-119.706148, 42.640061], [-119.706148, 42.643373], [-119.706148, 42.643577], [-119.706149, 42.646992], [-119.706149, 42.647193]]]}}, {"type": "Feature", "properties": {"PLSSID": "OR330340S0250E0", "FRSTDIVID": "OR330340S0250E0SN130", "FRSTDIVTYP": "SN", "FRSTDIVNO": "13"}, "geometry": {"type": "Polygon", "coordinates": [[[-119.720859, 42.618252], [-119.715959, 42.61827], [-119.711065, 42.61828], [-119.706528, 42.61829], [-119.706172, 42.61829], [-119.706166, 42.621645], [-119.706166, 42.621899], [-119.70616, 42.624901], [-119.70616, 42.62527], [-119.706159, 42.625507], [-119.706158, 42.625799], [-119.706141, 42.628894], [-119.70614, 42.629125], [-119.706122, 42.632518], [-119.706121, 42.632742], [-119.707049, 42.632744], [-119.711055, 42.632741], [-119.715957, 42.632736], [-119.720857, 42.632732], [-119.725758, 42.632728], [-119.725754, 42.629094], [-119.72575, 42.625461], [-119.725751, 42.624896], [-119.725755, 42.621848], [-119.72576, 42.618235], [-119.720859, 42.618252]]]}}, {"type": "Feature", "properties": {"PLSSID": "OR330340S0250E0", "FRSTDIVID": "OR330340S0250E0SN140", "FRSTDIVTYP": "SN", "FRSTDIVNO": "14"}, "geometry": {"type": "Polygon", "coordinates": [[[-119.725754, 42.629094], [-119.725758, 42.632728], [-119.730658, 42.632715], [-119.735558, 42.632703], [-119.740459, 42.63269], [-119.745359, 42.632677], [-119.745358, 42.629349], [-119.744567, 42.629061], [-119.742497, 42.628309], [-119.742053, 42.627086], [-119.741975, 42.626582], [-119.743141, 42.62612], [-119.743902, 42.62626], [-119.74425, 42.626697], [-119.745352, 42.626655], [-119.745351, 42.625442], [-119.745351, 42.624888], [-119.745349, 42.621824], [-119.745348, 42.618206], [-119.74045, 42.618213], [-119.735552, 42.61822], [-119.730656, 42.618228], [-119.72576, 42.618235], [-119.725755, 42.621848], [-119.725751, 42.624896], [-119.72575, 42.625461], [-119.725754, 42.629094]]]}}, {"type": "Feature", "properties": {"PLSSID": "OR330340S0250E0", "FRSTDIVID": "OR330340S0250E0SN150", "FRSTDIVTYP": "SN", "FRSTDIVNO": "15"}, "geometry": {"type": "Polygon", "coordinates": [[[-119.745359, 42.632677], [-119.750251, 42.632668], [-119.751077, 42.632666], [-119.755143, 42.632658], [-119.760035, 42.632648], [-119.764927, 42.632639], [-119.764921, 42.629019], [-119.764914, 42.625399], [-119.764914, 42.624892], [-119.764908, 42.62178], [-119.764902, 42.61816], [-119.760014, 42.618172], [-119.755125, 42.618183], [-119.751077, 42.618192], [-119.750236, 42.618194], [-119.745348, 42.618206], [-119.745349, 42.621824], [-119.745351, 42.624888], [-119.745351, 42.625442], [-119.745352, 42.626655], [-119.745354, 42.626655], [-119.74744, 42.626852], [-119.746382, 42.627896], [-119.74716, 42.627823], [-119.748365, 42.627171], [-119.749426, 42.62642], [-119.750243, 42.626232], [-119.750829, 42.626098], [-119.751077, 42.626169], [-119.752336, 42.626531], [-119.754782, 42.626164], [-119.75508, 42.627302], [-119.754922, 42.627998], [-119.755137, 42.628012], [-119.756191, 42.62808], [-119.757242, 42.627836], [-119.757561, 42.628134], [-119.756651, 42.628451], [-119.756383, 42.628838], [-119.756341, 42.629037], [-119.756144, 42.629947], [-119.755335, 42.630096], [-119.75514, 42.630066], [-119.753845, 42.629868], [-119.751786, 42.629047], [-119.751077, 42.628764], [-119.750246, 42.628432], [-119.749694, 42.628212], [-119.7486, 42.62754], [-119.747904, 42.627652], [-119.747698, 42.628323], [-119.748155, 42.628652], [-119.748118, 42.629054], [-119.748064, 42.629664], [-119.748681, 42.630203], [-119.749209, 42.630349], [-119.74944, 42.630806], [-119.747902, 42.631237], [-119.745925, 42.631669], [-119.746099, 42.631273], [-119.747353, 42.630963], [-119.747583, 42.630603], [-119.747562, 42.630277], [-119.747024, 42.629783], [-119.745358, 42.629349], [-119.745359, 42.632677]]]}}, {"type": "Feature", "properties": {"PLSSID": "OR330340S0250E0", "FRSTDIVID": "OR330340S0250E0SN160", "FRSTDIVTYP": "SN", "FRSTDIVNO": "16"}, "geometry": {"type": "Polygon", "coordinates": [[[-119.779602, 42.618141], [-119.774702, 42.618147], [-119.769802, 42.618154], [-119.764902, 42.61816], [-119.764908, 42.62178], [-119.764914, 42.624892], [-119.764914, 42.625399], [-119.764921, 42.629019], [-119.764927, 42.632639], [-119.769818, 42.632633], [-119.77471, 42.632627], [-119.779602, 42.632621], [-119.784494, 42.632615], [-119.784496, 42.628995], [-119.784498, 42.625375], [-119.784498, 42.624898], [-119.7845, 42.621755], [-119.784502, 42.618135], [-119.779602, 42.618141]]]}}, {"type": "Feature", "properties": {"PLSSID": "OR330340S0250E0", "FRSTDIVID": "OR330340S0250E0SN170", "FRSTDIVTYP": "SN", "FRSTDIVNO": "17"}, "geometry": {"type": "Polygon", "coordinates": [[[-119.799191, 42.618085], [-119.794295, 42.618102], [-119.789398, 42.618118], [-119.784502, 42.618135], [-119.7845, 42.621755], [-119.784498, 42.624898], [-119.784498, 42.625375], [-119.784496, 42.628995], [-119.784494, 42.632615], [-119.789389, 42.632596], [-119.794285, 42.632578], [-119.799181, 42.63256], [-119.804076, 42.632541], [-119.804079, 42.628923], [-119.804082, 42.625305], [-119.804082, 42.624902], [-119.804084, 42.621687], [-119.804087, 42.618069], [-119.799191, 42.618085]]]}}, {"type": "Feature", "properties": {"PLSSID": "OR330340S0250E0", "FRSTDIVID": "OR330340S0250E0SN180", "FRSTDIVTYP": "SN", "FRSTDIVNO": "18"}, "geometry": {"type": "Polygon", "coordinates": [[[-119.818784, 42.61801], [-119.813884, 42.618028], [-119.808985, 42.618048], [-119.804087, 42.618069], [-119.804084, 42.621687], [-119.804082, 42.624902], [-119.804082, 42.625305], [-119.804079, 42.628923], [-119.804076, 42.632541], [-119.808969, 42.632523], [-119.813862, 42.632505], [-119.81876, 42.632488], [-119.824954, 42.632466], [-119.824863, 42.629108], [-119.824858, 42.628847], [-119.824797, 42.625427], [-119.824794, 42.625227], [-119.824788, 42.624901], [-119.824732, 42.621745], [-119.824732, 42.621608], [-119.82473, 42.618066], [-119.82473, 42.617988], [-119.818784, 42.61801]]]}}, {"type": "Feature", "properties": {"PLSSID": "OR330340S0250E0", "FRSTDIVID": "OR330340S0250E0SN190", "FRSTDIVTYP": "SN", "FRSTDIVNO": "19"}, "geometry": {"type": "Polygon", "coordinates": [[[-119.818822, 42.603524], [-119.813921, 42.603545], [-119.809019, 42.603576], [-119.804117, 42.603607], [-119.80411, 42.607222], [-119.804102, 42.610838], [-119.804095, 42.614453], [-119.804087, 42.618069], [-119.808985, 42.618048], [-119.813884, 42.618028], [-119.818784, 42.61801], [-119.82473, 42.617988], [-119.824733, 42.614376], [-119.824727, 42.610743], [-119.824727, 42.610729], [-119.824727, 42.610715], [-119.824721, 42.60712], [-119.82472, 42.607042], [-119.824798, 42.603498], [-119.818822, 42.603524]]]}}, {"type": "Feature", "properties": {"PLSSID": "OR330340S0250E0", "FRSTDIVID": "OR330340S0250E0SN200", "FRSTDIVTYP": "SN", "FRSTDIVNO": "20"}, "geometry": {"type": "Polygon", "coordinates": [[[-119.799212, 42.603627], [-119.794307, 42.603647], [-119.789407, 42.60366], [-119.784506, 42.603674], [-119.784505, 42.607289], [-119.784504, 42.610904], [-119.784503, 42.614519], [-119.784502, 42.618135], [-119.789398, 42.618118], [-119.794295, 42.618102], [-119.799191, 42.618085], [-119.804087, 42.618069], [-119.804095, 42.614453], [-119.804102, 42.610838], [-119.80411, 42.607222], [-119.804117, 42.603607], [-119.799212, 42.603627]]]}}, {"type": "Feature", "properties": {"PLSSID": "OR330340S0250E0", "FRSTDIVID": "OR330340S0250E0SN210", "FRSTDIVTYP": "SN", "FRSTDIVNO": "21"}, "geometry": {"type": "Polygon", "coordinates": [[[-119.779609, 42.60368], [-119.774711, 42.603686], [-119.769809, 42.603693], [-119.764907, 42.6037], [-119.764902, 42.607316], [-119.764897, 42.610932], [-119.7649, 42.614546], [-119.764902, 42.61816], [-119.769802, 42.618154], [-119.774702, 42.618147], [-119.779602, 42.618141], [-119.784502, 42.618135], [-119.784503, 42.614519], [-119.784504, 42.610904], [-119.784505, 42.607289], [-119.784506, 42.603674], [-119.779609, 42.60368]]]}}, {"type": "Feature", "properties": {"PLSSID": "OR330340S0250E0", "FRSTDIVID": "OR330340S0250E0SN220", "FRSTDIVTYP": "SN", "FRSTDIVNO": "22"}, "geometry": {"type": "Polygon", "coordinates": [[[-119.760009, 42.603707], [-119.75511, 42.603713], [-119.751078, 42.603729], [-119.750216, 42.603732], [-119.745321, 42.60375], [-119.745319, 42.60737], [-119.745317, 42.609119], [-119.745324, 42.610991], [-119.745336, 42.614611], [-119.745343, 42.616444], [-119.745348, 42.618206], [-119.750236, 42.618194], [-119.751077, 42.618192], [-119.755125, 42.618183], [-119.760014, 42.618172], [-119.764902, 42.61816], [-119.7649, 42.614546], [-119.764897, 42.610932], [-119.764902, 42.607316], [-119.764907, 42.6037], [-119.760009, 42.603707]]]}}, {"type": "Feature", "properties": {"PLSSID": "OR330340S0250E0", "FRSTDIVID": "OR330340S0250E0SN230", "FRSTDIVTYP": "SN", "FRSTDIVNO": "23"}, "geometry": {"type": "Polygon", "coordinates": [[[-119.725769, 42.607381], [-119.725772, 42.611003], [-119.725775, 42.613489], [-119.725771, 42.614615], [-119.72576, 42.618235], [-119.730656, 42.618228], [-119.735552, 42.61822], [-119.74045, 42.618213], [-119.745348, 42.618206], [-119.745343, 42.616444], [-119.745336, 42.614611], [-119.745324, 42.610991], [-119.745317, 42.609119], [-119.745319, 42.60737], [-119.745321, 42.60375], [-119.740432, 42.603761], [-119.73914, 42.603764], [-119.735542, 42.603763], [-119.730654, 42.603761], [-119.725765, 42.603759], [-119.725769, 42.607381]]]}}, {"type": "Feature", "properties": {"PLSSID": "OR330340S0250E0", "FRSTDIVID": "OR330340S0250E0SN240", "FRSTDIVTYP": "SN", "FRSTDIVNO": "24"}, "geometry": {"type": "Polygon", "coordinates": [[[-119.706201, 42.604692], [-119.706202, 42.607157], [-119.706202, 42.608531], [-119.706198, 42.609452], [-119.706193, 42.610772], [-119.706192, 42.611033], [-119.706189, 42.611917], [-119.706179, 42.614671], [-119.706175, 42.615701], [-119.706173, 42.617355], [-119.706173, 42.618021], [-119.706172, 42.61829], [-119.706528, 42.61829], [-119.711065, 42.61828], [-119.715959, 42.61827], [-119.720859, 42.618252], [-119.72576, 42.618235], [-119.725771, 42.614615], [-119.725775, 42.613489], [-119.725772, 42.611003], [-119.725769, 42.607381], [-119.725765, 42.603759], [-119.720874, 42.603753], [-119.715983, 42.603746], [-119.711093, 42.60374], [-119.706202, 42.603733], [-119.706201, 42.604692]]]}}, {"type": "Feature", "properties": {"PLSSID": "OR330340S0250E0", "FRSTDIVID": "OR330340S0250E0SN250", "FRSTDIVTYP": "SN", "FRSTDIVNO": "25"}, "geometry": {"type": "Polygon", "coordinates": [[[-119.706204, 42.599918], [-119.706204, 42.600117], [-119.706202, 42.603541], [-119.706202, 42.603733], [-119.711093, 42.60374], [-119.715983, 42.603746], [-119.720874, 42.603753], [-119.725765, 42.603759], [-119.725759, 42.600143], [-119.725753, 42.596526], [-119.725747, 42.59291], [-119.725742, 42.589293], [-119.724284, 42.589293], [-119.721957, 42.592905], [-119.719629, 42.596519], [-119.719573, 42.596605], [-119.718965, 42.596518], [-119.715973, 42.596091], [-119.715971, 42.59609], [-119.71109, 42.595393], [-119.711087, 42.595393], [-119.708444, 42.595015], [-119.706207, 42.594882], [-119.706207, 42.595425], [-119.706206, 42.596295], [-119.706206, 42.596502], [-119.706204, 42.599918]]]}}, {"type": "Feature", "properties": {"PLSSID": "OR330340S0250E0", "FRSTDIVID": "OR330340S0250E0SN260", "FRSTDIVTYP": "SN", "FRSTDIVNO": "26"}, "geometry": {"type": "Polygon", "coordinates": [[[-119.725747, 42.59291], [-119.725753, 42.596526], [-119.725759, 42.600143], [-119.725765, 42.603759], [-119.730654, 42.603761], [-119.735542, 42.603763], [-119.73914, 42.603764], [-119.740432, 42.603761], [-119.745321, 42.60375], [-119.745319, 42.600128], [-119.745317, 42.596506], [-119.745311, 42.59289], [-119.745306, 42.589606], [-119.745306, 42.589272], [-119.744148, 42.589275], [-119.740418, 42.589284], [-119.740415, 42.589284], [-119.73574, 42.589294], [-119.735526, 42.589294], [-119.730634, 42.589294], [-119.725742, 42.589293], [-119.725747, 42.59291]]]}}, {"type": "Feature", "properties": {"PLSSID": "OR330340S0250E0", "FRSTDIVID": "OR330340S0250E0SN270", "FRSTDIVTYP": "SN", "FRSTDIVNO": "27"}, "geometry": {"type": "Polygon", "coordinates": [[[-119.759986, 42.589235], [-119.755096, 42.589249], [-119.751078, 42.589258], [-119.750201, 42.58926], [-119.745306, 42.589272], [-119.745306, 42.589606], [-119.745311, 42.59289], [-119.745317, 42.596506], [-119.745319, 42.600128], [-119.745321, 42.60375], [-119.750216, 42.603732], [-119.751078, 42.603729], [-119.75511, 42.603713], [-119.760009, 42.603707], [-119.764907, 42.6037], [-119.764895, 42.600083], [-119.764883, 42.596465], [-119.764879, 42.59285], [-119.764876, 42.589234], [-119.760364, 42.589234], [-119.759986, 42.589235]]]}}, {"type": "Feature", "properties": {"PLSSID": "OR330340S0250E0", "FRSTDIVID": "OR330340S0250E0SN280", "FRSTDIVTYP": "SN", "FRSTDIVNO": "28"}, "geometry": {"type": "Polygon", "coordinates": [[[-119.779546, 42.589196], [-119.777085, 42.589197], [-119.774681, 42.589204], [-119.769779, 42.589219], [-119.764876, 42.589234], [-119.764879, 42.59285], [-119.764883, 42.596465], [-119.764895, 42.600083], [-119.764907, 42.6037], [-119.769809, 42.603693], [-119.774711, 42.603686], [-119.779609, 42.60368], [-119.784506, 42.603674], [-119.784493, 42.600052], [-119.784481, 42.59643], [-119.784467, 42.593663], [-119.784466, 42.592811], [-119.784456, 42.589192], [-119.779546, 42.589196]]]}}, {"type": "Feature", "properties": {"PLSSID": "OR330340S0250E0", "FRSTDIVID": "OR330340S0250E0SN290", "FRSTDIVTYP": "SN", "FRSTDIVNO": "29"}, "geometry": {"type": "Polygon", "coordinates": [[[-119.799196, 42.589158], [-119.794282, 42.589169], [-119.789369, 42.589181], [-119.784456, 42.589192], [-119.784466, 42.592811], [-119.784467, 42.593663], [-119.784481, 42.59643], [-119.784493, 42.600052], [-119.784506, 42.603674], [-119.789407, 42.60366], [-119.794307, 42.603647], [-119.799212, 42.603627], [-119.804117, 42.603607], [-119.804113, 42.600434], [-119.804113, 42.59996], [-119.804112, 42.596349], [-119.804111, 42.592748], [-119.804109, 42.589146], [-119.799196, 42.589158]]]}}, {"type": "Feature", "properties": {"PLSSID": "OR330340S0250E0", "FRSTDIVID": "OR330340S0250E0SN300", "FRSTDIVTYP": "SN", "FRSTDIVNO": "30"}, "geometry": {"type": "Polygon", "coordinates": [[[-119.824969, 42.596419], [-119.824986, 42.59597], [-119.825105, 42.592798], [-119.825126, 42.592243], [-119.825242, 42.589177], [-119.818819, 42.589169], [-119.813917, 42.589164], [-119.809013, 42.589155], [-119.804109, 42.589146], [-119.804111, 42.592748], [-119.804112, 42.596349], [-119.804113, 42.59996], [-119.804113, 42.600434], [-119.804117, 42.603607], [-119.809019, 42.603576], [-119.813921, 42.603545], [-119.818822, 42.603524], [-119.824798, 42.603498], [-119.8248, 42.603371], [-119.824864, 42.599697], [-119.824887, 42.598597], [-119.822443, 42.598696], [-119.822699, 42.601049], [-119.821984, 42.60167], [-119.819926, 42.601997], [-119.818843, 42.60202], [-119.81831, 42.599953], [-119.817392, 42.596394], [-119.816692, 42.593678], [-119.818804, 42.594946], [-119.821237, 42.596407], [-119.824887, 42.598597], [-119.824969, 42.596419]]]}}, {"type": "Feature", "properties": {"PLSSID": "OR330340S0250E0", "FRSTDIVID": "OR330340S0250E0SN310", "FRSTDIVTYP": "SN", "FRSTDIVNO": "31"}, "geometry": {"type": "Polygon", "coordinates": [[[-119.804109, 42.589146], [-119.809013, 42.589155], [-119.813917, 42.589164], [-119.818819, 42.589169], [-119.825242, 42.589177], [-119.825267, 42.588516], [-119.825385, 42.585364], [-119.818817, 42.586734], [-119.813916, 42.587755], [-119.810499, 42.588468], [-119.809011, 42.587311], [-119.808138, 42.586633], [-119.809009, 42.586234], [-119.810577, 42.585517], [-119.813912, 42.58399], [-119.818818, 42.581744], [-119.82564, 42.57862], [-119.825639, 42.577482], [-119.825647, 42.574563], [-119.822267, 42.574532], [-119.819817, 42.574537], [-119.818811, 42.574542], [-119.816598, 42.574552], [-119.813903, 42.574564], [-119.811691, 42.574574], [-119.808995, 42.574586], [-119.806784, 42.574595], [-119.804087, 42.574607], [-119.804093, 42.578242], [-119.804098, 42.581877], [-119.804104, 42.585511], [-119.804109, 42.589146]]]}}, {"type": "Feature", "properties": {"PLSSID": "OR330340S0250E0", "FRSTDIVID": "OR330340S0250E0SN320", "FRSTDIVTYP": "SN", "FRSTDIVNO": "32"}, "geometry": {"type": "Polygon", "coordinates": [[[-119.801877, 42.574617], [-119.799171, 42.574629], [-119.79697, 42.574639], [-119.794254, 42.574651], [-119.791933, 42.574661], [-119.789337, 42.574673], [-119.786896, 42.574684], [-119.784421, 42.574695], [-119.784429, 42.578319], [-119.784438, 42.581944], [-119.784447, 42.585568], [-119.784456, 42.589192], [-119.789369, 42.589181], [-119.794282, 42.589169], [-119.799196, 42.589158], [-119.804109, 42.589146], [-119.804104, 42.585511], [-119.804098, 42.581877], [-119.804093, 42.578242], [-119.804087, 42.574607], [-119.801877, 42.574617]]]}}, {"type": "Feature", "properties": {"PLSSID": "OR330340S0250E0", "FRSTDIVID": "OR330340S0250E0SN330", "FRSTDIVTYP": "SN", "FRSTDIVNO": "33"}, "geometry": {"type": "Polygon", "coordinates": [[[-119.764869, 42.578388], [-119.764879, 42.581999], [-119.764882, 42.582923], [-119.764885, 42.584927], [-119.764883, 42.585618], [-119.764876, 42.589234], [-119.769779, 42.589219], [-119.774681, 42.589204], [-119.777085, 42.589197], [-119.779546, 42.589196], [-119.784456, 42.589192], [-119.784447, 42.585568], [-119.784438, 42.581944], [-119.784429, 42.578319], [-119.784421, 42.574695], [-119.781858, 42.574706], [-119.779511, 42.574717], [-119.776818, 42.574729], [-119.774602, 42.574739], [-119.7719, 42.574751], [-119.769694, 42.57476], [-119.765996, 42.574777], [-119.764859, 42.574777], [-119.764869, 42.578388]]]}}, {"type": "Feature", "properties": {"PLSSID": "OR330340S0250E0", "FRSTDIVID": "OR330340S0250E0SN340", "FRSTDIVTYP": "SN", "FRSTDIVNO": "34"}, "geometry": {"type": "Polygon", "coordinates": [[[-119.745306, 42.589272], [-119.750201, 42.58926], [-119.751078, 42.589258], [-119.755096, 42.589249], [-119.759986, 42.589235], [-119.760364, 42.589234], [-119.764876, 42.589234], [-119.764883, 42.585618], [-119.764885, 42.584927], [-119.764882, 42.582923], [-119.764879, 42.581999], [-119.764869, 42.578388], [-119.764859, 42.574777], [-119.762078, 42.57478], [-119.759973, 42.574782], [-119.757181, 42.574784], [-119.755086, 42.574786], [-119.754942, 42.574786], [-119.752264, 42.574793], [-119.751078, 42.574796], [-119.750191, 42.574799], [-119.74734, 42.574807], [-119.745289, 42.574812], [-119.745306, 42.574837], [-119.74652, 42.576595], [-119.746591, 42.578428], [-119.746709, 42.581487], [-119.746, 42.58159], [-119.745664, 42.581639], [-119.745306, 42.58169], [-119.745306, 42.582051], [-119.745306, 42.585661], [-119.745306, 42.589272]]]}}, {"type": "Feature", "properties": {"PLSSID": "OR330340S0250E0", "FRSTDIVID": "OR330340S0250E0SN350", "FRSTDIVTYP": "SN", "FRSTDIVNO": "35"}, "geometry": {"type": "Polygon", "coordinates": [[[-119.726609, 42.585683], [-119.725742, 42.587031], [-119.725742, 42.589293], [-119.730634, 42.589294], [-119.735526, 42.589294], [-119.73574, 42.589294], [-119.740415, 42.589284], [-119.740418, 42.589284], [-119.744148, 42.589275], [-119.745306, 42.589272], [-119.745306, 42.585661], [-119.745306, 42.582051], [-119.745306, 42.58169], [-119.742772, 42.582057], [-119.740414, 42.582398], [-119.739207, 42.582573], [-119.735785, 42.582073], [-119.735522, 42.582034], [-119.734187, 42.58184], [-119.731231, 42.582082], [-119.73043, 42.580544], [-119.730639, 42.580527], [-119.731647, 42.580442], [-119.73552, 42.57943], [-119.735571, 42.579416], [-119.736856, 42.578634], [-119.737897, 42.576798], [-119.737897, 42.575694], [-119.737512, 42.574833], [-119.735518, 42.574832], [-119.733201, 42.574832], [-119.730637, 42.574831], [-119.72889, 42.57483], [-119.726626, 42.574834], [-119.726427, 42.574834], [-119.725754, 42.574835], [-119.725753, 42.575498], [-119.725754, 42.575637], [-119.725754, 42.576601], [-119.725754, 42.576672], [-119.725754, 42.576675], [-119.725754, 42.578454], [-119.725754, 42.581014], [-119.728886, 42.582043], [-119.728935, 42.582072], [-119.726609, 42.585683]]]}}, {"type": "Feature", "properties": {"PLSSID": "OR330340S0250E0", "FRSTDIVID": "OR330340S0250E0SN360", "FRSTDIVTYP": "SN", "FRSTDIVNO": "36"}, "geometry": {"type": "Polygon", "coordinates": [[[-119.706213, 42.581809], [-119.706213, 42.582098], [-119.706212, 42.585429], [-119.706212, 42.585842], [-119.706212, 42.585853], [-119.706212, 42.587596], [-119.70691, 42.587859], [-119.707979, 42.586987], [-119.709047, 42.586545], [-119.710702, 42.585612], [-119.711101, 42.585487], [-119.711104, 42.585486], [-119.712233, 42.585131], [-119.715188, 42.583522], [-119.715992, 42.583359], [-119.715995, 42.583359], [-119.716511, 42.583255], [-119.72014, 42.581108], [-119.720876, 42.581048], [-119.724026, 42.580789], [-119.725754, 42.581014], [-119.725754, 42.578454], [-119.725754, 42.576675], [-119.725754, 42.576672], [-119.725754, 42.576601], [-119.725754, 42.575637], [-119.725753, 42.575498], [-119.725754, 42.574835], [-119.724002, 42.574844], [-119.720876, 42.57486], [-119.719114, 42.574869], [-119.715996, 42.574866], [-119.713208, 42.574862], [-119.711107, 42.574859], [-119.708314, 42.574856], [-119.70622, 42.574851], [-119.706217, 42.57833], [-119.706216, 42.578474], [-119.706213, 42.581809]]]}}, {"type": "Feature", "properties": {"PLSSID": "OR330340S0250E0", "FRSTDIVID": "OR330340S0250E0SN360", "FRSTDIVTYP": "SN", "FRSTDIVNO": "36"}, "geometry": {"type": "Polygon", "coordinates": [[[-119.724535, 42.588904], [-119.724284, 42.589293], [-119.725742, 42.589293], [-119.725742, 42.587031], [-119.724535, 42.588904]]]}}, {"type": "Feature", "properties": {"PLSSID": "OR330340S0250E0", "FRSTDIVID": "OR330340S0250E0UN250", "FRSTDIVTYP": "UN", "FRSTDIVNO": "25"}, "geometry": {"type": "Polygon", "coordinates": [[[-119.706211, 42.589272], [-119.706208, 42.592672], [-119.706207, 42.594882], [-119.708444, 42.595015], [-119.711087, 42.595393], [-119.71109, 42.595393], [-119.715971, 42.59609], [-119.715973, 42.596091], [-119.718965, 42.596518], [-119.719573, 42.596605], [-119.719629, 42.596519], [-119.721957, 42.592905], [-119.724284, 42.589293], [-119.722493, 42.589269], [-119.706211, 42.589049], [-119.706211, 42.589272]]]}}, {"type": "Feature", "properties": {"PLSSID": "OR330340S0250E0", "FRSTDIVID": "OR330340S0250E0UN300", "FRSTDIVTYP": "UN", "FRSTDIVNO": "30"}, "geometry": {"type": "Polygon", "coordinates": [[[-119.81831, 42.599953], [-119.818843, 42.60202], [-119.819926, 42.601997], [-119.821984, 42.60167], [-119.822699, 42.601049], [-119.822443, 42.598696], [-119.824887, 42.598597], [-119.821237, 42.596407], [-119.818804, 42.594946], [-119.816692, 42.593678], [-119.817392, 42.596394], [-119.81831, 42.599953]]]}}, {"type": "Feature", "properties": {"PLSSID": "OR330340S0250E0", "FRSTDIVID": "OR330340S0250E0UN310", "FRSTDIVTYP": "UN", "FRSTDIVNO": "31"}, "geometry": {"type": "Polygon", "coordinates": [[[-119.809011, 42.587311], [-119.810499, 42.588468], [-119.813916, 42.587755], [-119.818817, 42.586734], [-119.825385, 42.585364], [-119.825407, 42.58479], [-119.82564, 42.57862], [-119.818818, 42.581744], [-119.813912, 42.58399], [-119.810577, 42.585517], [-119.809009, 42.586234], [-119.808138, 42.586633], [-119.809011, 42.587311]]]}}, {"type": "Feature", "properties": {"PLSSID": "OR330340S0250E0", "FRSTDIVID": "OR330340S0250E0UN340", "FRSTDIVTYP": "UN", "FRSTDIVNO": "34"}, "geometry": {"type": "Polygon", "coordinates": [[[-119.745306, 42.574837], [-119.745306, 42.58169], [-119.745664, 42.581639], [-119.746, 42.58159], [-119.746709, 42.581487], [-119.746591, 42.578428], [-119.74652, 42.576595], [-119.745306, 42.574837]]]}}, {"type": "Feature", "properties": {"PLSSID": "OR330340S0250E0", "FRSTDIVID": "OR330340S0250E0UN350", "FRSTDIVTYP": "UN", "FRSTDIVNO": "35"}, "geometry": {"type": "Polygon", "coordinates": [[[-119.735522, 42.582034], [-119.735785, 42.582073], [-119.739207, 42.582573], [-119.740414, 42.582398], [-119.742772, 42.582057], [-119.745306, 42.58169], [-119.745306, 42.574837], [-119.745289, 42.574812], [-119.742426, 42.57482], [-119.737512, 42.574833], [-119.737897, 42.575694], [-119.737897, 42.576798], [-119.736856, 42.578634], [-119.735571, 42.579416], [-119.73552, 42.57943], [-119.731647, 42.580442], [-119.730639, 42.580527], [-119.73043, 42.580544], [-119.731231, 42.582082], [-119.734187, 42.58184], [-119.735522, 42.582034]]]}}, {"type": "Feature", "properties": {"PLSSID": "OR330340S0250E0", "FRSTDIVID": "OR330340S0250E0UN350", "FRSTDIVTYP": "UN", "FRSTDIVNO": "35"}, "geometry": {"type": "Polygon", "coordinates": [[[-119.725742, 42.587031], [-119.726609, 42.585683], [-119.728935, 42.582072], [-119.728886, 42.582043], [-119.725754, 42.581014], [-119.725742, 42.587031]]]}}, {"type": "Feature", "properties": {"PLSSID": "OR330340S0250E0", "FRSTDIVID": "OR330340S0250E0UN360", "FRSTDIVTYP": "UN", "FRSTDIVNO": "36"}, "geometry": {"type": "Polygon", "coordinates": [[[-119.706211, 42.589049], [-119.722493, 42.589269], [-119.724284, 42.589293], [-119.724535, 42.588904], [-119.725742, 42.587031], [-119.725754, 42.581014], [-119.724026, 42.580789], [-119.720876, 42.581048], [-119.72014, 42.581108], [-119.716511, 42.583255], [-119.715995, 42.583359], [-119.715992, 42.583359], [-119.715188, 42.583522], [-119.712233, 42.585131], [-119.711104, 42.585486], [-119.711101, 42.585487], [-119.710702, 42.585612], [-119.709047, 42.586545], [-119.707979, 42.586987], [-119.70691, 42.587859], [-119.706212, 42.587596], [-119.706211, 42.589049]]]}}, {"type": "Feature", "properties": {"PLSSID": "OR330340S0240E0", "FRSTDIVID": "OR330340S0240E0SN010", "FRSTDIVTYP": "SN", "FRSTDIVNO": "01"}, "geometry": {"type": "Polygon", "coordinates": [[[-119.839973, 42.643718], [-119.835016, 42.643755], [-119.830059, 42.643792], [-119.825102, 42.643828], [-119.825108, 42.646945], [-119.825109, 42.647504], [-119.825115, 42.650565], [-119.825116, 42.651179], [-119.825122, 42.654184], [-119.825124, 42.654855], [-119.825131, 42.65853], [-119.830114, 42.658502], [-119.835097, 42.658473], [-119.840079, 42.658444], [-119.845062, 42.658416], [-119.845015, 42.6547], [-119.844969, 42.651025], [-119.84495, 42.647353], [-119.84493, 42.643682], [-119.839973, 42.643718]]]}}, {"type": "Feature", "properties": {"PLSSID": "OR330340S0240E0", "FRSTDIVID": "OR330340S0240E0SN020", "FRSTDIVTYP": "SN", "FRSTDIVNO": "02"}, "geometry": {"type": "Polygon", "coordinates": [[[-119.859866, 42.643621], [-119.854888, 42.643641], [-119.849909, 42.643662], [-119.84493, 42.643682], [-119.84495, 42.647353], [-119.844969, 42.651025], [-119.845015, 42.6547], [-119.845062, 42.658416], [-119.850044, 42.658387], [-119.855027, 42.658359], [-119.86001, 42.65833], [-119.864992, 42.658302], [-119.864944, 42.654657], [-119.864895, 42.650967], [-119.86487, 42.647284], [-119.864845, 42.643601], [-119.859866, 42.643621]]]}}, {"type": "Feature", "properties": {"PLSSID": "OR330340S0240E0", "FRSTDIVID": "OR330340S0240E0SN030", "FRSTDIVTYP": "SN", "FRSTDIVNO": "03"}, "geometry": {"type": "Polygon", "coordinates": [[[-119.879826, 42.643503], [-119.87608, 42.643527], [-119.874832, 42.643535], [-119.869838, 42.643568], [-119.864845, 42.643601], [-119.86487, 42.647284], [-119.864895, 42.650967], [-119.864944, 42.654657], [-119.864992, 42.658302], [-119.869975, 42.658273], [-119.874958, 42.658244], [-119.876081, 42.658238], [-119.87994, 42.658216], [-119.884923, 42.658187], [-119.884915, 42.654457], [-119.88491, 42.650809], [-119.884864, 42.64714], [-119.884819, 42.64347], [-119.879826, 42.643503]]]}}, {"type": "Feature", "properties": {"PLSSID": "OR330340S0240E0", "FRSTDIVID": "OR330340S0240E0SN040", "FRSTDIVTYP": "SN", "FRSTDIVNO": "04"}, "geometry": {"type": "Polygon", "coordinates": [[[-119.899769, 42.643424], [-119.894786, 42.643439], [-119.889803, 42.643455], [-119.888557, 42.643458], [-119.887311, 42.643462], [-119.886065, 42.643466], [-119.884819, 42.64347], [-119.884864, 42.64714], [-119.88491, 42.650809], [-119.884915, 42.654457], [-119.884923, 42.658187], [-119.889905, 42.658159], [-119.894888, 42.65813], [-119.899869, 42.658104], [-119.90485, 42.658077], [-119.904823, 42.654427], [-119.904796, 42.65075], [-119.904774, 42.64708], [-119.904752, 42.643409], [-119.899769, 42.643424]]]}}, {"type": "Feature", "properties": {"PLSSID": "OR330340S0240E0", "FRSTDIVID": "OR330340S0240E0SN050", "FRSTDIVTYP": "SN", "FRSTDIVNO": "05"}, "geometry": {"type": "Polygon", "coordinates": [[[-119.919663, 42.643335], [-119.914692, 42.643359], [-119.909722, 42.643384], [-119.904752, 42.643409], [-119.904774, 42.64708], [-119.904796, 42.65075], [-119.904823, 42.654427], [-119.90485, 42.658077], [-119.90983, 42.658051], [-119.914811, 42.658024], [-119.919832, 42.65799], [-119.924854, 42.657956], [-119.924796, 42.65434], [-119.924739, 42.650654], [-119.924686, 42.646982], [-119.924633, 42.64331], [-119.919663, 42.643335]]]}}, {"type": "Feature", "properties": {"PLSSID": "OR330340S0240E0", "FRSTDIVID": "OR330340S0240E0SN060", "FRSTDIVTYP": "SN", "FRSTDIVNO": "06"}, "geometry": {"type": "Polygon", "coordinates": [[[-119.939653, 42.643174], [-119.934637, 42.643224], [-119.929635, 42.643267], [-119.924633, 42.64331], [-119.924686, 42.646982], [-119.924739, 42.650654], [-119.924796, 42.65434], [-119.924854, 42.657956], [-119.929891, 42.657912], [-119.934928, 42.657868], [-119.939964, 42.657824], [-119.944409, 42.657785], [-119.944403, 42.654113], [-119.944398, 42.650441], [-119.944346, 42.646784], [-119.944294, 42.643126], [-119.939653, 42.643174]]]}}, {"type": "Feature", "properties": {"PLSSID": "OR330340S0240E0", "FRSTDIVID": "OR330340S0240E0SN070", "FRSTDIVTYP": "SN", "FRSTDIVNO": "07"}, "geometry": {"type": "Polygon", "coordinates": [[[-119.924552, 42.632314], [-119.924579, 42.635979], [-119.924606, 42.639645], [-119.924633, 42.64331], [-119.929635, 42.643267], [-119.934637, 42.643224], [-119.939653, 42.643174], [-119.944294, 42.643126], [-119.944264, 42.639481], [-119.944234, 42.635836], [-119.944228, 42.632247], [-119.944224, 42.630453], [-119.944221, 42.628659], [-119.939519, 42.628655], [-119.934517, 42.62865], [-119.929521, 42.628649], [-119.924525, 42.628648], [-119.924552, 42.632314]]]}}, {"type": "Feature", "properties": {"PLSSID": "OR330340S0240E0", "FRSTDIVID": "OR330340S0240E0SN080", "FRSTDIVTYP": "SN", "FRSTDIVNO": "08"}, "geometry": {"type": "Polygon", "coordinates": [[[-119.919547, 42.628676], [-119.914568, 42.628704], [-119.912079, 42.628718], [-119.90959, 42.628732], [-119.9071, 42.628746], [-119.904611, 42.62876], [-119.904629, 42.630591], [-119.904646, 42.632422], [-119.904682, 42.636085], [-119.904717, 42.639747], [-119.904752, 42.643409], [-119.909722, 42.643384], [-119.914692, 42.643359], [-119.919663, 42.643335], [-119.924633, 42.64331], [-119.924606, 42.639645], [-119.924579, 42.635979], [-119.924552, 42.632314], [-119.924525, 42.628648], [-119.919547, 42.628676]]]}}, {"type": "Feature", "properties": {"PLSSID": "OR330340S0240E0", "FRSTDIVID": "OR330340S0240E0SN090", "FRSTDIVTYP": "SN", "FRSTDIVNO": "09"}, "geometry": {"type": "Polygon", "coordinates": [[[-119.902125, 42.628762], [-119.899639, 42.628764], [-119.897153, 42.628766], [-119.894668, 42.628767], [-119.892182, 42.628769], [-119.889696, 42.628771], [-119.88721, 42.628773], [-119.884724, 42.628775], [-119.884748, 42.632448], [-119.88476, 42.634285], [-119.884772, 42.636122], [-119.884778, 42.637041], [-119.884784, 42.637959], [-119.88479, 42.638878], [-119.884795, 42.639796], [-119.884801, 42.640714], [-119.884807, 42.641633], [-119.884813, 42.642551], [-119.884819, 42.64347], [-119.886065, 42.643466], [-119.887311, 42.643462], [-119.888557, 42.643458], [-119.889803, 42.643455], [-119.894786, 42.643439], [-119.899769, 42.643424], [-119.904752, 42.643409], [-119.904717, 42.639747], [-119.904682, 42.636085], [-119.904646, 42.632422], [-119.904629, 42.630591], [-119.904611, 42.62876], [-119.902125, 42.628762]]]}}, {"type": "Feature", "properties": {"PLSSID": "OR330340S0240E0", "FRSTDIVID": "OR330340S0240E0SN100", "FRSTDIVTYP": "SN", "FRSTDIVNO": "10"}, "geometry": {"type": "Polygon", "coordinates": [[[-119.879745, 42.628797], [-119.876079, 42.628813], [-119.874766, 42.628819], [-119.869787, 42.628842], [-119.864808, 42.628864], [-119.864817, 42.632548], [-119.864826, 42.636232], [-119.864835, 42.639917], [-119.864845, 42.643601], [-119.869838, 42.643568], [-119.874832, 42.643535], [-119.87608, 42.643527], [-119.879826, 42.643503], [-119.884819, 42.64347], [-119.884813, 42.642551], [-119.884807, 42.641633], [-119.884801, 42.640714], [-119.884795, 42.639796], [-119.88479, 42.638878], [-119.884784, 42.637959], [-119.884778, 42.637041], [-119.884772, 42.636122], [-119.88476, 42.634285], [-119.884748, 42.632448], [-119.884724, 42.628775], [-119.879745, 42.628797]]]}}, {"type": "Feature", "properties": {"PLSSID": "OR330340S0240E0", "FRSTDIVID": "OR330340S0240E0SN110", "FRSTDIVTYP": "SN", "FRSTDIVNO": "11"}, "geometry": {"type": "Polygon", "coordinates": [[[-119.859817, 42.628892], [-119.854826, 42.62892], [-119.849836, 42.628948], [-119.844845, 42.628976], [-119.844866, 42.632653], [-119.844887, 42.636329], [-119.844909, 42.640005], [-119.84493, 42.643682], [-119.849909, 42.643662], [-119.854888, 42.643641], [-119.859866, 42.643621], [-119.864845, 42.643601], [-119.864835, 42.639917], [-119.864826, 42.636232], [-119.864817, 42.632548], [-119.864808, 42.628864], [-119.859817, 42.628892]]]}}, {"type": "Feature", "properties": {"PLSSID": "OR330340S0240E0", "FRSTDIVID": "OR330340S0240E0SN120", "FRSTDIVTYP": "SN", "FRSTDIVNO": "12"}, "geometry": {"type": "Polygon", "coordinates": [[[-119.839849, 42.629009], [-119.834854, 42.629042], [-119.829858, 42.629075], [-119.824863, 42.629108], [-119.824954, 42.632466], [-119.824963, 42.632797], [-119.825053, 42.636085], [-119.825064, 42.636485], [-119.82508, 42.639705], [-119.825083, 42.640157], [-119.825099, 42.643325], [-119.825102, 42.643828], [-119.830059, 42.643792], [-119.835016, 42.643755], [-119.839973, 42.643718], [-119.84493, 42.643682], [-119.844909, 42.640005], [-119.844887, 42.636329], [-119.844866, 42.632653], [-119.844845, 42.628976], [-119.839849, 42.629009]]]}}, {"type": "Feature", "properties": {"PLSSID": "OR330340S0240E0", "FRSTDIVID": "OR330340S0240E0SN130", "FRSTDIVTYP": "SN", "FRSTDIVNO": "13"}, "geometry": {"type": "Polygon", "coordinates": [[[-119.83986, 42.614311], [-119.834818, 42.614336], [-119.829781, 42.614362], [-119.829778, 42.614362], [-119.829775, 42.614362], [-119.824738, 42.614376], [-119.824733, 42.614376], [-119.82473, 42.617988], [-119.82473, 42.618066], [-119.824732, 42.621608], [-119.824732, 42.621745], [-119.824788, 42.624901], [-119.824794, 42.625227], [-119.824797, 42.625427], [-119.824858, 42.628847], [-119.824863, 42.629108], [-119.829858, 42.629075], [-119.834854, 42.629042], [-119.839849, 42.629009], [-119.844845, 42.628976], [-119.844859, 42.625304], [-119.844861, 42.624898], [-119.844874, 42.621631], [-119.844888, 42.617958], [-119.844903, 42.614286], [-119.83986, 42.614311]]]}}, {"type": "Feature", "properties": {"PLSSID": "OR330340S0240E0", "FRSTDIVID": "OR330340S0240E0SN140", "FRSTDIVTYP": "SN", "FRSTDIVNO": "14"}, "geometry": {"type": "Polygon", "coordinates": [[[-119.859796, 42.614194], [-119.854831, 42.614225], [-119.849867, 42.614255], [-119.844903, 42.614286], [-119.844888, 42.617958], [-119.844874, 42.621631], [-119.844861, 42.624898], [-119.844859, 42.625304], [-119.844845, 42.628976], [-119.849836, 42.628948], [-119.854826, 42.62892], [-119.859817, 42.628892], [-119.864808, 42.628864], [-119.864796, 42.625189], [-119.864795, 42.62489], [-119.864784, 42.621514], [-119.864772, 42.617839], [-119.86476, 42.614163], [-119.859796, 42.614194]]]}}, {"type": "Feature", "properties": {"PLSSID": "OR330340S0240E0", "FRSTDIVID": "OR330340S0240E0SN150", "FRSTDIVTYP": "SN", "FRSTDIVNO": "15"}, "geometry": {"type": "Polygon", "coordinates": [[[-119.879613, 42.614089], [-119.876079, 42.614106], [-119.874662, 42.614114], [-119.869711, 42.614138], [-119.86476, 42.614163], [-119.864772, 42.617839], [-119.864784, 42.621514], [-119.864795, 42.62489], [-119.864796, 42.625189], [-119.864808, 42.628864], [-119.869787, 42.628842], [-119.874766, 42.628819], [-119.876079, 42.628813], [-119.879745, 42.628797], [-119.884724, 42.628775], [-119.884704, 42.626936], [-119.884684, 42.625097], [-119.884682, 42.624889], [-119.884644, 42.621419], [-119.884604, 42.617741], [-119.884564, 42.614064], [-119.879613, 42.614089]]]}}, {"type": "Feature", "properties": {"PLSSID": "OR330340S0240E0", "FRSTDIVID": "OR330340S0240E0SN160", "FRSTDIVTYP": "SN", "FRSTDIVNO": "16"}, "geometry": {"type": "Polygon", "coordinates": [[[-119.884604, 42.617741], [-119.884644, 42.621419], [-119.884682, 42.624889], [-119.884684, 42.625097], [-119.884704, 42.626936], [-119.884724, 42.628775], [-119.88721, 42.628773], [-119.889696, 42.628771], [-119.892182, 42.628769], [-119.894668, 42.628767], [-119.897153, 42.628766], [-119.899639, 42.628764], [-119.902125, 42.628762], [-119.904611, 42.62876], [-119.904569, 42.625087], [-119.904567, 42.624897], [-119.904526, 42.621413], [-119.904484, 42.61774], [-119.904442, 42.614067], [-119.899472, 42.614066], [-119.896987, 42.614066], [-119.894503, 42.614065], [-119.889533, 42.614064], [-119.884564, 42.614064], [-119.884604, 42.617741]]]}}, {"type": "Feature", "properties": {"PLSSID": "OR330340S0240E0", "FRSTDIVID": "OR330340S0240E0SN170", "FRSTDIVTYP": "SN", "FRSTDIVNO": "17"}, "geometry": {"type": "Polygon", "coordinates": [[[-119.919427, 42.614016], [-119.914432, 42.614033], [-119.909437, 42.61405], [-119.904442, 42.614067], [-119.904484, 42.61774], [-119.904526, 42.621413], [-119.904567, 42.624897], [-119.904569, 42.625087], [-119.904611, 42.62876], [-119.9071, 42.628746], [-119.90959, 42.628732], [-119.912079, 42.628718], [-119.914568, 42.628704], [-119.919547, 42.628676], [-119.924525, 42.628648], [-119.9245, 42.624986], [-119.924499, 42.624901], [-119.924474, 42.621323], [-119.924448, 42.617661], [-119.924422, 42.613999], [-119.919427, 42.614016]]]}}, {"type": "Feature", "properties": {"PLSSID": "OR330340S0240E0", "FRSTDIVID": "OR330340S0240E0SN180", "FRSTDIVTYP": "SN", "FRSTDIVNO": "18"}, "geometry": {"type": "Polygon", "coordinates": [[[-119.939352, 42.613923], [-119.934375, 42.613946], [-119.929399, 42.613972], [-119.924422, 42.613999], [-119.924448, 42.617661], [-119.924474, 42.621323], [-119.924499, 42.624901], [-119.9245, 42.624986], [-119.924525, 42.628648], [-119.929521, 42.628649], [-119.934517, 42.62865], [-119.939519, 42.628655], [-119.944221, 42.628659], [-119.9442, 42.624958], [-119.9442, 42.624902], [-119.944179, 42.621257], [-119.944159, 42.617579], [-119.94414, 42.613901], [-119.939352, 42.613923]]]}}, {"type": "Feature", "properties": {"PLSSID": "OR330340S0240E0", "FRSTDIVID": "OR330340S0240E0SN190", "FRSTDIVTYP": "SN", "FRSTDIVNO": "19"}, "geometry": {"type": "Polygon", "coordinates": [[[-119.939235, 42.599346], [-119.934252, 42.599355], [-119.929291, 42.599369], [-119.92433, 42.599383], [-119.924353, 42.603037], [-119.924376, 42.606691], [-119.924399, 42.610345], [-119.924422, 42.613999], [-119.929399, 42.613972], [-119.934375, 42.613946], [-119.939352, 42.613923], [-119.94414, 42.613901], [-119.944144, 42.610259], [-119.944149, 42.606617], [-119.944147, 42.602977], [-119.944145, 42.599337], [-119.939235, 42.599346]]]}}, {"type": "Feature", "properties": {"PLSSID": "OR330340S0240E0", "FRSTDIVID": "OR330340S0240E0SN200", "FRSTDIVTYP": "SN", "FRSTDIVNO": "20"}, "geometry": {"type": "Polygon", "coordinates": [[[-119.904356, 42.603051], [-119.904385, 42.606723], [-119.904413, 42.610395], [-119.904442, 42.614067], [-119.909437, 42.61405], [-119.914432, 42.614033], [-119.919427, 42.614016], [-119.924422, 42.613999], [-119.924399, 42.610345], [-119.924376, 42.606691], [-119.924353, 42.603037], [-119.92433, 42.599383], [-119.91933, 42.599383], [-119.914329, 42.599382], [-119.909329, 42.599381], [-119.904328, 42.59938], [-119.904356, 42.603051]]]}}, {"type": "Feature", "properties": {"PLSSID": "OR330340S0240E0", "FRSTDIVID": "OR330340S0240E0SN210", "FRSTDIVTYP": "SN", "FRSTDIVNO": "21"}, "geometry": {"type": "Polygon", "coordinates": [[[-119.88426, 42.602936], [-119.884361, 42.606645], [-119.884463, 42.610354], [-119.884564, 42.614064], [-119.889533, 42.614064], [-119.894503, 42.614065], [-119.896987, 42.614066], [-119.899472, 42.614066], [-119.904442, 42.614067], [-119.904413, 42.610395], [-119.904385, 42.606723], [-119.904356, 42.603051], [-119.904328, 42.59938], [-119.899286, 42.599341], [-119.894244, 42.599303], [-119.889201, 42.599265], [-119.884159, 42.599226], [-119.88426, 42.602936]]]}}, {"type": "Feature", "properties": {"PLSSID": "OR330340S0240E0", "FRSTDIVID": "OR330340S0240E0SN220", "FRSTDIVTYP": "SN", "FRSTDIVNO": "22"}, "geometry": {"type": "Polygon", "coordinates": [[[-119.879307, 42.599285], [-119.87608, 42.599324], [-119.874456, 42.599344], [-119.869604, 42.599403], [-119.864753, 42.599461], [-119.864755, 42.603137], [-119.864756, 42.606812], [-119.864758, 42.610488], [-119.86476, 42.614163], [-119.869711, 42.614138], [-119.874662, 42.614114], [-119.876079, 42.614106], [-119.879613, 42.614089], [-119.884564, 42.614064], [-119.884463, 42.610354], [-119.884361, 42.606645], [-119.88426, 42.602936], [-119.884159, 42.599226], [-119.879307, 42.599285]]]}}, {"type": "Feature", "properties": {"PLSSID": "OR330340S0240E0", "FRSTDIVID": "OR330340S0240E0SN230", "FRSTDIVTYP": "SN", "FRSTDIVNO": "23"}, "geometry": {"type": "Polygon", "coordinates": [[[-119.859898, 42.599519], [-119.855043, 42.599577], [-119.850188, 42.599635], [-119.845333, 42.599693], [-119.845225, 42.603341], [-119.845118, 42.606989], [-119.84501, 42.610637], [-119.844903, 42.614286], [-119.849867, 42.614255], [-119.854831, 42.614225], [-119.859796, 42.614194], [-119.86476, 42.614163], [-119.864758, 42.610488], [-119.864756, 42.606812], [-119.864755, 42.603137], [-119.864753, 42.599461], [-119.859898, 42.599519]]]}}, {"type": "Feature", "properties": {"PLSSID": "OR330340S0240E0", "FRSTDIVID": "OR330340S0240E0SN240", "FRSTDIVTYP": "SN", "FRSTDIVNO": "24"}, "geometry": {"type": "Polygon", "coordinates": [[[-119.840215, 42.599693], [-119.835098, 42.599694], [-119.829981, 42.599695], [-119.824864, 42.599697], [-119.8248, 42.603371], [-119.824798, 42.603498], [-119.82472, 42.607042], [-119.824721, 42.60712], [-119.824727, 42.610715], [-119.824727, 42.610729], [-119.824727, 42.610743], [-119.824733, 42.614376], [-119.824738, 42.614376], [-119.829775, 42.614362], [-119.829778, 42.614362], [-119.829781, 42.614362], [-119.834818, 42.614336], [-119.83986, 42.614311], [-119.844903, 42.614286], [-119.84501, 42.610637], [-119.845118, 42.606989], [-119.845225, 42.603341], [-119.845333, 42.599693], [-119.840215, 42.599693]]]}}, {"type": "Feature", "properties": {"PLSSID": "OR330340S0240E0", "FRSTDIVID": "OR330340S0240E0SN250", "FRSTDIVTYP": "SN", "FRSTDIVNO": "25"}, "geometry": {"type": "Polygon", "coordinates": [[[-119.825385, 42.585364], [-119.825267, 42.588516], [-119.825242, 42.589177], [-119.825126, 42.592243], [-119.825105, 42.592798], [-119.824986, 42.59597], [-119.824969, 42.596419], [-119.824887, 42.598597], [-119.824864, 42.599697], [-119.829981, 42.599695], [-119.835098, 42.599694], [-119.840215, 42.599693], [-119.845333, 42.599693], [-119.845303, 42.595998], [-119.845273, 42.592304], [-119.845332, 42.588589], [-119.845391, 42.584875], [-119.840411, 42.584901], [-119.835431, 42.584928], [-119.830531, 42.584861], [-119.82813, 42.584828], [-119.825407, 42.58479], [-119.825385, 42.585364]]]}}, {"type": "Feature", "properties": {"PLSSID": "OR330340S0240E0", "FRSTDIVID": "OR330340S0240E0SN260", "FRSTDIVTYP": "SN", "FRSTDIVNO": "26"}, "geometry": {"type": "Polygon", "coordinates": [[[-119.860015, 42.584789], [-119.85514, 42.584818], [-119.850266, 42.584846], [-119.845391, 42.584875], [-119.845332, 42.588589], [-119.845273, 42.592304], [-119.845303, 42.595998], [-119.845333, 42.599693], [-119.850188, 42.599635], [-119.855043, 42.599577], [-119.859898, 42.599519], [-119.864753, 42.599461], [-119.864787, 42.595786], [-119.864822, 42.592111], [-119.864856, 42.588436], [-119.86489, 42.584761], [-119.860015, 42.584789]]]}}, {"type": "Feature", "properties": {"PLSSID": "OR330340S0240E0", "FRSTDIVID": "OR330340S0240E0SN270", "FRSTDIVTYP": "SN", "FRSTDIVNO": "27"}, "geometry": {"type": "Polygon", "coordinates": [[[-119.87942, 42.58463], [-119.87608, 42.58466], [-119.874577, 42.584674], [-119.869734, 42.584717], [-119.86489, 42.584761], [-119.864856, 42.588436], [-119.864822, 42.592111], [-119.864787, 42.595786], [-119.864753, 42.599461], [-119.869604, 42.599403], [-119.874456, 42.599344], [-119.87608, 42.599324], [-119.879307, 42.599285], [-119.884159, 42.599226], [-119.883862, 42.595433], [-119.883565, 42.591639], [-119.883914, 42.588113], [-119.884263, 42.584587], [-119.87942, 42.58463]]]}}, {"type": "Feature", "properties": {"PLSSID": "OR330340S0240E0", "FRSTDIVID": "OR330340S0240E0SN280", "FRSTDIVTYP": "SN", "FRSTDIVNO": "28"}, "geometry": {"type": "Polygon", "coordinates": [[[-119.883914, 42.588113], [-119.883565, 42.591639], [-119.883862, 42.595433], [-119.884159, 42.599226], [-119.889201, 42.599265], [-119.894244, 42.599303], [-119.899286, 42.599341], [-119.904328, 42.59938], [-119.904345, 42.595724], [-119.904362, 42.592068], [-119.904378, 42.588412], [-119.904395, 42.584756], [-119.899362, 42.584714], [-119.894329, 42.584672], [-119.889296, 42.584629], [-119.884263, 42.584587], [-119.883914, 42.588113]]]}}, {"type": "Feature", "properties": {"PLSSID": "OR330340S0240E0", "FRSTDIVID": "OR330340S0240E0SN290", "FRSTDIVTYP": "SN", "FRSTDIVNO": "29"}, "geometry": {"type": "Polygon", "coordinates": [[[-119.904378, 42.588412], [-119.904362, 42.592068], [-119.904345, 42.595724], [-119.904328, 42.59938], [-119.909329, 42.599381], [-119.914329, 42.599382], [-119.91933, 42.599383], [-119.92433, 42.599383], [-119.924334, 42.595752], [-119.924339, 42.592121], [-119.924343, 42.588489], [-119.924347, 42.584858], [-119.919359, 42.584833], [-119.914371, 42.584807], [-119.909383, 42.584782], [-119.904395, 42.584756], [-119.904378, 42.588412]]]}}, {"type": "Feature", "properties": {"PLSSID": "OR330340S0240E0", "FRSTDIVID": "OR330340S0240E0SN300", "FRSTDIVTYP": "SN", "FRSTDIVNO": "30"}, "geometry": {"type": "Polygon", "coordinates": [[[-119.939054, 42.584788], [-119.934152, 42.584811], [-119.929249, 42.584835], [-119.924347, 42.584858], [-119.924343, 42.588489], [-119.924339, 42.592121], [-119.924334, 42.595752], [-119.92433, 42.599383], [-119.929291, 42.599369], [-119.934252, 42.599355], [-119.939235, 42.599346], [-119.944145, 42.599337], [-119.94409, 42.59569], [-119.944036, 42.592043], [-119.943978, 42.588403], [-119.943919, 42.584764], [-119.939054, 42.584788]]]}}, {"type": "Feature", "properties": {"PLSSID": "OR330340S0240E0", "FRSTDIVID": "OR330340S0240E0SN310", "FRSTDIVTYP": "SN", "FRSTDIVNO": "31"}, "geometry": {"type": "Polygon", "coordinates": [[[-119.924301, 42.573847], [-119.924317, 42.577517], [-119.924332, 42.581188], [-119.924347, 42.584858], [-119.929249, 42.584835], [-119.934152, 42.584811], [-119.939054, 42.584788], [-119.943919, 42.584764], [-119.943934, 42.581126], [-119.943949, 42.577487], [-119.943945, 42.573839], [-119.943941, 42.57019], [-119.939027, 42.570187], [-119.934113, 42.570183], [-119.9292, 42.57018], [-119.924286, 42.570176], [-119.924301, 42.573847]]]}}, {"type": "Feature", "properties": {"PLSSID": "OR330340S0240E0", "FRSTDIVID": "OR330340S0240E0SN320", "FRSTDIVTYP": "SN", "FRSTDIVNO": "32"}, "geometry": {"type": "Polygon", "coordinates": [[[-119.904572, 42.573811], [-119.904513, 42.577459], [-119.904454, 42.581108], [-119.904395, 42.584756], [-119.909383, 42.584782], [-119.914371, 42.584807], [-119.919359, 42.584833], [-119.924347, 42.584858], [-119.924332, 42.581188], [-119.924317, 42.577517], [-119.924301, 42.573847], [-119.924286, 42.570176], [-119.919373, 42.570173], [-119.914459, 42.570169], [-119.909545, 42.570166], [-119.904632, 42.570163], [-119.904572, 42.573811]]]}}, {"type": "Feature", "properties": {"PLSSID": "OR330340S0240E0", "FRSTDIVID": "OR330340S0240E0SN330", "FRSTDIVTYP": "SN", "FRSTDIVNO": "33"}, "geometry": {"type": "Polygon", "coordinates": [[[-119.88472, 42.573762], [-119.884568, 42.57737], [-119.884415, 42.580979], [-119.884263, 42.584587], [-119.889296, 42.584629], [-119.894329, 42.584672], [-119.899362, 42.584714], [-119.904395, 42.584756], [-119.904454, 42.581108], [-119.904513, 42.577459], [-119.904572, 42.573811], [-119.904632, 42.570163], [-119.899698, 42.570172], [-119.894765, 42.570182], [-119.889819, 42.570168], [-119.884872, 42.570154], [-119.88472, 42.573762]]]}}, {"type": "Feature", "properties": {"PLSSID": "OR330340S0240E0", "FRSTDIVID": "OR330340S0240E0SN340", "FRSTDIVTYP": "SN", "FRSTDIVNO": "34"}, "geometry": {"type": "Polygon", "coordinates": [[[-119.865128, 42.573784], [-119.865049, 42.577443], [-119.86497, 42.581102], [-119.86489, 42.584761], [-119.869734, 42.584717], [-119.874577, 42.584674], [-119.87608, 42.58466], [-119.87942, 42.58463], [-119.884263, 42.584587], [-119.884415, 42.580979], [-119.884568, 42.57737], [-119.88472, 42.573762], [-119.884872, 42.570154], [-119.879956, 42.570147], [-119.87608, 42.570141], [-119.87504, 42.57014], [-119.870123, 42.570133], [-119.865207, 42.570125], [-119.865128, 42.573784]]]}}, {"type": "Feature", "properties": {"PLSSID": "OR330340S0240E0", "FRSTDIVID": "OR330340S0240E0SN350", "FRSTDIVTYP": "SN", "FRSTDIVNO": "35"}, "geometry": {"type": "Polygon", "coordinates": [[[-119.86027, 42.570129], [-119.855333, 42.570132], [-119.850395, 42.570135], [-119.845456, 42.570139], [-119.845424, 42.573849], [-119.845392, 42.57756], [-119.845391, 42.581217], [-119.845391, 42.584875], [-119.850266, 42.584846], [-119.85514, 42.584818], [-119.860015, 42.584789], [-119.86489, 42.584761], [-119.86497, 42.581102], [-119.865049, 42.577443], [-119.865128, 42.573784], [-119.865207, 42.570125], [-119.86027, 42.570129]]]}}, {"type": "Feature", "properties": {"PLSSID": "OR330340S0240E0", "FRSTDIVID": "OR330340S0240E0SN360", "FRSTDIVTYP": "SN", "FRSTDIVNO": "36"}, "geometry": {"type": "Polygon", "coordinates": [[[-119.825658, 42.571032], [-119.825649, 42.573806], [-119.825647, 42.574563], [-119.825639, 42.577482], [-119.82564, 42.57862], [-119.827126, 42.58007], [-119.827626, 42.581161], [-119.828313, 42.582659], [-119.82813, 42.584828], [-119.830531, 42.584861], [-119.835431, 42.584928], [-119.840411, 42.584901], [-119.845391, 42.584875], [-119.845391, 42.581217], [-119.845392, 42.57756], [-119.845424, 42.573849], [-119.845456, 42.570139], [-119.840602, 42.570161], [-119.840515, 42.570161], [-119.836475, 42.57018], [-119.835572, 42.570177], [-119.831445, 42.570158], [-119.830616, 42.570154], [-119.826415, 42.570136], [-119.825661, 42.570132], [-119.825658, 42.571032]]]}}, {"type": "Feature", "properties": {"PLSSID": "OR330340S0240E0", "FRSTDIVID": "OR330340S0240E0UN360", "FRSTDIVTYP": "UN", "FRSTDIVNO": "36"}, "geometry": {"type": "Polygon", "coordinates": [[[-119.825407, 42.58479], [-119.82813, 42.584828], [-119.828313, 42.582659], [-119.827626, 42.581161], [-119.827126, 42.58007], [-119.82564, 42.57862], [-119.825407, 42.58479]]]}}, {"type": "Feature", "properties": {"PLSSID": "OR330340S0230E0", "FRSTDIVID": "OR330340S0230E0SN010", "FRSTDIVTYP": "SN", "FRSTDIVNO": "01"}, "geometry": {"type": "Polygon", "coordinates": [[[-119.959118, 42.643107], [-119.954204, 42.643113], [-119.949249, 42.64312], [-119.944294, 42.643126], [-119.944346, 42.646784], [-119.944398, 42.650441], [-119.944403, 42.654113], [-119.944409, 42.657785], [-119.948601, 42.657899], [-119.952792, 42.658013], [-119.957807, 42.658038], [-119.962822, 42.658062], [-119.962787, 42.654385], [-119.962753, 42.650726], [-119.963393, 42.646914], [-119.964032, 42.643102], [-119.959118, 42.643107]]]}}, {"type": "Feature", "properties": {"PLSSID": "OR330340S0230E0", "FRSTDIVID": "OR330340S0230E0SN120", "FRSTDIVTYP": "SN", "FRSTDIVNO": "12"}, "geometry": {"type": "Polygon", "coordinates": [[[-119.949221, 42.628609], [-119.946721, 42.628634], [-119.944221, 42.628659], [-119.944224, 42.630453], [-119.944228, 42.632247], [-119.944234, 42.635836], [-119.944264, 42.639481], [-119.944294, 42.643126], [-119.949249, 42.64312], [-119.954204, 42.643113], [-119.959118, 42.643107], [-119.964032, 42.643102], [-119.964052, 42.639496], [-119.964071, 42.635889], [-119.964082, 42.632225], [-119.964093, 42.62856], [-119.959157, 42.62856], [-119.954221, 42.62856], [-119.949221, 42.628609]]]}}, {"type": "Feature", "properties": {"PLSSID": "OR330340S0230E0", "FRSTDIVID": "OR330340S0230E0SN130", "FRSTDIVTYP": "SN", "FRSTDIVNO": "13"}, "geometry": {"type": "Polygon", "coordinates": [[[-119.944221, 42.628659], [-119.946721, 42.628634], [-119.949221, 42.628609], [-119.954221, 42.62856], [-119.959157, 42.62856], [-119.964093, 42.62856], [-119.964081, 42.624945], [-119.964081, 42.624899], [-119.96407, 42.621331], [-119.964078, 42.617692], [-119.964086, 42.614054], [-119.959123, 42.614034], [-119.954159, 42.614014], [-119.949149, 42.613958], [-119.94414, 42.613901], [-119.944159, 42.617579], [-119.944179, 42.621257], [-119.9442, 42.624902], [-119.9442, 42.624958], [-119.944221, 42.628659]]]}}, {"type": "Feature", "properties": {"PLSSID": "OR330340S0230E0", "FRSTDIVID": "OR330340S0230E0SN240", "FRSTDIVTYP": "SN", "FRSTDIVNO": "24"}, "geometry": {"type": "Polygon", "coordinates": [[[-119.949, 42.599331], [-119.944145, 42.599337], [-119.944147, 42.602977], [-119.944149, 42.606617], [-119.944144, 42.610259], [-119.94414, 42.613901], [-119.949149, 42.613958], [-119.954159, 42.614014], [-119.959123, 42.614034], [-119.964086, 42.614054], [-119.964008, 42.610373], [-119.963929, 42.606691], [-119.96385, 42.603009], [-119.963771, 42.599328], [-119.958813, 42.599326], [-119.953855, 42.599324], [-119.949, 42.599331]]]}}, {"type": "Feature", "properties": {"PLSSID": "OR330340S0230E0", "FRSTDIVID": "OR330340S0230E0SN250", "FRSTDIVTYP": "SN", "FRSTDIVNO": "25"}, "geometry": {"type": "Polygon", "coordinates": [[[-119.944145, 42.599337], [-119.949, 42.599331], [-119.953855, 42.599324], [-119.958813, 42.599326], [-119.963771, 42.599328], [-119.963763, 42.595671], [-119.963754, 42.592014], [-119.963769, 42.588364], [-119.963785, 42.584715], [-119.95886, 42.584736], [-119.953936, 42.584757], [-119.948928, 42.584761], [-119.943919, 42.584764], [-119.943978, 42.588403], [-119.944036, 42.592043], [-119.94409, 42.59569], [-119.944145, 42.599337]]]}}, {"type": "Feature", "properties": {"PLSSID": "OR330340S0230E0", "FRSTDIVID": "OR330340S0230E0SN360", "FRSTDIVTYP": "SN", "FRSTDIVNO": "36"}, "geometry": {"type": "Polygon", "coordinates": [[[-119.943945, 42.573839], [-119.943949, 42.577487], [-119.943934, 42.581126], [-119.943919, 42.584764], [-119.948928, 42.584761], [-119.953936, 42.584757], [-119.95886, 42.584736], [-119.963785, 42.584715], [-119.963798, 42.581072], [-119.963811, 42.57743], [-119.963739, 42.573831], [-119.963666, 42.570232], [-119.959009, 42.570223], [-119.95873, 42.570218], [-119.954107, 42.570212], [-119.953794, 42.570204], [-119.949206, 42.570202], [-119.948867, 42.570197], [-119.943941, 42.57019], [-119.943945, 42.573839]]]}}, {"type": "Feature", "properties": {"PLSSID": "OR330330S0290E0", "FRSTDIVID": "OR330330S0290E0SN030", "FRSTDIVTYP": "SN", "FRSTDIVNO": "03"}, "geometry": {"type": "Polygon", "coordinates": [[[-119.301892, 42.734519], [-119.296986, 42.734535], [-119.29208, 42.734551], [-119.287174, 42.734567], [-119.287185, 42.738197], [-119.287196, 42.741828], [-119.287206, 42.745453], [-119.287217, 42.749154], [-119.291372, 42.749135], [-119.292126, 42.749132], [-119.296308, 42.749113], [-119.297034, 42.74911], [-119.301243, 42.749091], [-119.301943, 42.749088], [-119.306178, 42.749069], [-119.306852, 42.749066], [-119.306836, 42.745352], [-119.306821, 42.741738], [-119.30681, 42.738121], [-119.306799, 42.734503], [-119.301892, 42.734519]]]}}, {"type": "Feature", "properties": {"PLSSID": "OR330330S0290E0", "FRSTDIVID": "OR330330S0290E0SN040", "FRSTDIVTYP": "SN", "FRSTDIVNO": "04"}, "geometry": {"type": "Polygon", "coordinates": [[[-119.321546, 42.734493], [-119.31663, 42.734496], [-119.311714, 42.7345], [-119.306799, 42.734503], [-119.30681, 42.738121], [-119.306821, 42.741738], [-119.306836, 42.745352], [-119.306852, 42.749066], [-119.311101, 42.749058], [-119.311767, 42.749057], [-119.316022, 42.74905], [-119.316683, 42.749049], [-119.320944, 42.749041], [-119.321599, 42.74904], [-119.325865, 42.749033], [-119.326515, 42.749031], [-119.326501, 42.745355], [-119.326487, 42.741732], [-119.326474, 42.738111], [-119.326462, 42.734489], [-119.321546, 42.734493]]]}}, {"type": "Feature", "properties": {"PLSSID": "OR330330S0290E0", "FRSTDIVID": "OR330330S0290E0SN050", "FRSTDIVTYP": "SN", "FRSTDIVNO": "05"}, "geometry": {"type": "Polygon", "coordinates": [[[-119.341226, 42.734448], [-119.336304, 42.734462], [-119.331383, 42.734475], [-119.326462, 42.734489], [-119.326474, 42.738111], [-119.326487, 42.741732], [-119.326501, 42.745355], [-119.326515, 42.749031], [-119.330786, 42.749024], [-119.331433, 42.749023], [-119.335707, 42.749015], [-119.336352, 42.749014], [-119.340628, 42.749007], [-119.341271, 42.749006], [-119.34555, 42.748998], [-119.346189, 42.748997], [-119.34618, 42.7453], [-119.346171, 42.741678], [-119.346159, 42.738056], [-119.346147, 42.734434], [-119.341226, 42.734448]]]}}, {"type": "Feature", "properties": {"PLSSID": "OR330330S0290E0", "FRSTDIVID": "OR330330S0290E0SN060", "FRSTDIVTYP": "SN", "FRSTDIVNO": "06"}, "geometry": {"type": "Polygon", "coordinates": [[[-119.346159, 42.738056], [-119.346171, 42.741678], [-119.34618, 42.7453], [-119.346189, 42.748997], [-119.350471, 42.74899], [-119.351111, 42.748988], [-119.355392, 42.748981], [-119.356032, 42.74898], [-119.360313, 42.748972], [-119.360953, 42.748971], [-119.365288, 42.748964], [-119.36535, 42.748964], [-119.365361, 42.745331], [-119.365364, 42.7444], [-119.365372, 42.741699], [-119.365373, 42.738079], [-119.365374, 42.734871], [-119.365374, 42.734459], [-119.365372, 42.734459], [-119.360925, 42.734449], [-119.355999, 42.734439], [-119.351073, 42.734437], [-119.346147, 42.734434], [-119.346159, 42.738056]]]}}, {"type": "Feature", "properties": {"PLSSID": "OR330330S0290E0", "FRSTDIVID": "OR330330S0290E0SN070", "FRSTDIVTYP": "SN", "FRSTDIVNO": "07"}, "geometry": {"type": "Polygon", "coordinates": [[[-119.360806, 42.719933], [-119.355896, 42.719934], [-119.350986, 42.719936], [-119.346075, 42.719938], [-119.346093, 42.723562], [-119.346111, 42.727187], [-119.346129, 42.73081], [-119.346147, 42.734434], [-119.351073, 42.734437], [-119.355999, 42.734439], [-119.360925, 42.734449], [-119.365372, 42.734459], [-119.365374, 42.734459], [-119.365367, 42.733471], [-119.365349, 42.730822], [-119.365323, 42.727185], [-119.365306, 42.723559], [-119.365289, 42.719933], [-119.360806, 42.719933]]]}}, {"type": "Feature", "properties": {"PLSSID": "OR330330S0290E0", "FRSTDIVID": "OR330330S0290E0SN080", "FRSTDIVTYP": "SN", "FRSTDIVNO": "08"}, "geometry": {"type": "Polygon", "coordinates": [[[-119.341161, 42.719957], [-119.336247, 42.719976], [-119.331334, 42.719994], [-119.32642, 42.720013], [-119.32643, 42.723632], [-119.326441, 42.727251], [-119.326451, 42.73087], [-119.326462, 42.734489], [-119.331383, 42.734475], [-119.336304, 42.734462], [-119.341226, 42.734448], [-119.346147, 42.734434], [-119.346129, 42.73081], [-119.346111, 42.727187], [-119.346093, 42.723562], [-119.346075, 42.719938], [-119.341161, 42.719957]]]}}, {"type": "Feature", "properties": {"PLSSID": "OR330330S0290E0", "FRSTDIVID": "OR330330S0290E0SN090", "FRSTDIVTYP": "SN", "FRSTDIVNO": "09"}, "geometry": {"type": "Polygon", "coordinates": [[[-119.306795, 42.723631], [-119.306796, 42.727255], [-119.306797, 42.730879], [-119.306799, 42.734503], [-119.311714, 42.7345], [-119.31663, 42.734496], [-119.321546, 42.734493], [-119.326462, 42.734489], [-119.326451, 42.73087], [-119.326441, 42.727251], [-119.32643, 42.723632], [-119.32642, 42.720013], [-119.321513, 42.720012], [-119.316607, 42.72001], [-119.3117, 42.720009], [-119.306793, 42.720007], [-119.306795, 42.723631]]]}}, {"type": "Feature", "properties": {"PLSSID": "OR330330S0290E0", "FRSTDIVID": "OR330330S0290E0SN100", "FRSTDIVTYP": "SN", "FRSTDIVNO": "10"}, "geometry": {"type": "Polygon", "coordinates": [[[-119.287128, 42.723642], [-119.287143, 42.727283], [-119.287158, 42.730925], [-119.287174, 42.734567], [-119.29208, 42.734551], [-119.296986, 42.734535], [-119.301892, 42.734519], [-119.306799, 42.734503], [-119.306797, 42.730879], [-119.306796, 42.727255], [-119.306795, 42.723631], [-119.306793, 42.720007], [-119.301873, 42.720005], [-119.296953, 42.720003], [-119.292033, 42.720002], [-119.287113, 42.72], [-119.287128, 42.723642]]]}}, {"type": "Feature", "properties": {"PLSSID": "OR330330S0290E0", "FRSTDIVID": "OR330330S0290E0SN150", "FRSTDIVTYP": "SN", "FRSTDIVNO": "15"}, "geometry": {"type": "Polygon", "coordinates": [[[-119.287107, 42.70913], [-119.287109, 42.712753], [-119.287111, 42.716377], [-119.287113, 42.72], [-119.292033, 42.720002], [-119.296953, 42.720003], [-119.301873, 42.720005], [-119.306793, 42.720007], [-119.306782, 42.716386], [-119.30677, 42.712764], [-119.306759, 42.709143], [-119.306747, 42.705521], [-119.301837, 42.705518], [-119.296926, 42.705514], [-119.292016, 42.70551], [-119.287106, 42.705507], [-119.287107, 42.70913]]]}}, {"type": "Feature", "properties": {"PLSSID": "OR330330S0290E0", "FRSTDIVID": "OR330330S0290E0SN160", "FRSTDIVTYP": "SN", "FRSTDIVNO": "16"}, "geometry": {"type": "Polygon", "coordinates": [[[-119.321454, 42.705488], [-119.316552, 42.705499], [-119.311649, 42.70551], [-119.306747, 42.705521], [-119.306759, 42.709143], [-119.30677, 42.712764], [-119.306782, 42.716386], [-119.306793, 42.720007], [-119.3117, 42.720009], [-119.316607, 42.72001], [-119.321513, 42.720012], [-119.32642, 42.720013], [-119.326404, 42.716379], [-119.326388, 42.712745], [-119.326372, 42.709111], [-119.326356, 42.705477], [-119.321454, 42.705488]]]}}, {"type": "Feature", "properties": {"PLSSID": "OR330330S0290E0", "FRSTDIVID": "OR330330S0290E0SN170", "FRSTDIVTYP": "SN", "FRSTDIVNO": "17"}, "geometry": {"type": "Polygon", "coordinates": [[[-119.341097, 42.705444], [-119.336183, 42.705455], [-119.33127, 42.705466], [-119.326356, 42.705477], [-119.326372, 42.709111], [-119.326388, 42.712745], [-119.326404, 42.716379], [-119.32642, 42.720013], [-119.331334, 42.719994], [-119.336247, 42.719976], [-119.341161, 42.719957], [-119.346075, 42.719938], [-119.346059, 42.716312], [-119.346043, 42.712686], [-119.346027, 42.70906], [-119.34601, 42.705434], [-119.341097, 42.705444]]]}}, {"type": "Feature", "properties": {"PLSSID": "OR330330S0290E0", "FRSTDIVID": "OR330330S0290E0SN180", "FRSTDIVTYP": "SN", "FRSTDIVNO": "18"}, "geometry": {"type": "Polygon", "coordinates": [[[-119.360728, 42.705405], [-119.355825, 42.705421], [-119.350918, 42.705427], [-119.34601, 42.705434], [-119.346027, 42.70906], [-119.346043, 42.712686], [-119.346059, 42.716312], [-119.346075, 42.719938], [-119.350986, 42.719936], [-119.355896, 42.719934], [-119.360806, 42.719933], [-119.365289, 42.719933], [-119.365275, 42.71629], [-119.36526, 42.712648], [-119.365239, 42.709019], [-119.365218, 42.70539], [-119.360728, 42.705405]]]}}, {"type": "Feature", "properties": {"PLSSID": "OR330330S0290E0", "FRSTDIVID": "OR330330S0290E0SN190", "FRSTDIVTYP": "SN", "FRSTDIVNO": "19"}, "geometry": {"type": "Polygon", "coordinates": [[[-119.365081, 42.690902], [-119.360616, 42.69092], [-119.355725, 42.690939], [-119.350834, 42.690959], [-119.345943, 42.690979], [-119.34596, 42.694592], [-119.345977, 42.698206], [-119.345993, 42.70182], [-119.34601, 42.705434], [-119.350918, 42.705427], [-119.355825, 42.705421], [-119.360728, 42.705405], [-119.365218, 42.70539], [-119.365185, 42.70175], [-119.365171, 42.700206], [-119.365152, 42.69811], [-119.365135, 42.694506], [-119.365118, 42.690901], [-119.365081, 42.690902]]]}}, {"type": "Feature", "properties": {"PLSSID": "OR330330S0290E0", "FRSTDIVID": "OR330330S0290E0SN200", "FRSTDIVTYP": "SN", "FRSTDIVNO": "20"}, "geometry": {"type": "Polygon", "coordinates": [[[-119.326318, 42.694583], [-119.326331, 42.698215], [-119.326343, 42.701846], [-119.326356, 42.705477], [-119.33127, 42.705466], [-119.336183, 42.705455], [-119.341097, 42.705444], [-119.34601, 42.705434], [-119.345993, 42.70182], [-119.345977, 42.698206], [-119.34596, 42.694592], [-119.345943, 42.690979], [-119.341034, 42.690972], [-119.336124, 42.690966], [-119.331215, 42.690959], [-119.326306, 42.690952], [-119.326318, 42.694583]]]}}, {"type": "Feature", "properties": {"PLSSID": "OR330330S0290E0", "FRSTDIVID": "OR330330S0290E0SN210", "FRSTDIVTYP": "SN", "FRSTDIVNO": "21"}, "geometry": {"type": "Polygon", "coordinates": [[[-119.321422, 42.690969], [-119.316538, 42.690986], [-119.311654, 42.691003], [-119.30677, 42.691019], [-119.306764, 42.694645], [-119.306758, 42.69827], [-119.306753, 42.701896], [-119.306747, 42.705521], [-119.311649, 42.70551], [-119.316552, 42.705499], [-119.321454, 42.705488], [-119.326356, 42.705477], [-119.326343, 42.701846], [-119.326331, 42.698215], [-119.326318, 42.694583], [-119.326306, 42.690952], [-119.321422, 42.690969]]]}}, {"type": "Feature", "properties": {"PLSSID": "OR330330S0290E0", "FRSTDIVID": "OR330330S0290E0SN220", "FRSTDIVTYP": "SN", "FRSTDIVNO": "22"}, "geometry": {"type": "Polygon", "coordinates": [[[-119.301846, 42.691021], [-119.296923, 42.691023], [-119.292, 42.691025], [-119.287076, 42.691027], [-119.287083, 42.694647], [-119.287091, 42.698267], [-119.287098, 42.701887], [-119.287106, 42.705507], [-119.292016, 42.70551], [-119.296926, 42.705514], [-119.301837, 42.705518], [-119.306747, 42.705521], [-119.306753, 42.701896], [-119.306758, 42.69827], [-119.306764, 42.694645], [-119.30677, 42.691019], [-119.301846, 42.691021]]]}}, {"type": "Feature", "properties": {"PLSSID": "OR330330S0290E0", "FRSTDIVID": "OR330330S0290E0SN270", "FRSTDIVTYP": "SN", "FRSTDIVNO": "27"}, "geometry": {"type": "Polygon", "coordinates": [[[-119.301694, 42.676415], [-119.296759, 42.67644], [-119.291823, 42.676466], [-119.286887, 42.676492], [-119.286935, 42.680125], [-119.286982, 42.683759], [-119.287029, 42.687393], [-119.287076, 42.691027], [-119.292, 42.691025], [-119.296923, 42.691023], [-119.301846, 42.691021], [-119.30677, 42.691019], [-119.306735, 42.687362], [-119.3067, 42.683704], [-119.306665, 42.680046], [-119.30663, 42.676389], [-119.301694, 42.676415]]]}}, {"type": "Feature", "properties": {"PLSSID": "OR330330S0290E0", "FRSTDIVID": "OR330330S0290E0SN280", "FRSTDIVTYP": "SN", "FRSTDIVNO": "28"}, "geometry": {"type": "Polygon", "coordinates": [[[-119.32132, 42.676376], [-119.316423, 42.67638], [-119.311527, 42.676384], [-119.30663, 42.676389], [-119.306665, 42.680046], [-119.3067, 42.683704], [-119.306735, 42.687362], [-119.30677, 42.691019], [-119.311654, 42.691003], [-119.316538, 42.690986], [-119.321422, 42.690969], [-119.326306, 42.690952], [-119.326283, 42.687307], [-119.326261, 42.683662], [-119.326239, 42.680017], [-119.326216, 42.676371], [-119.32132, 42.676376]]]}}, {"type": "Feature", "properties": {"PLSSID": "OR330330S0290E0", "FRSTDIVID": "OR330330S0290E0SN290", "FRSTDIVTYP": "SN", "FRSTDIVNO": "29"}, "geometry": {"type": "Polygon", "coordinates": [[[-119.326239, 42.680017], [-119.326261, 42.683662], [-119.326283, 42.687307], [-119.326306, 42.690952], [-119.331215, 42.690959], [-119.336124, 42.690966], [-119.341034, 42.690972], [-119.345943, 42.690979], [-119.345927, 42.687329], [-119.345911, 42.68368], [-119.345895, 42.680031], [-119.345879, 42.676381], [-119.340963, 42.676379], [-119.336048, 42.676376], [-119.331132, 42.676374], [-119.326216, 42.676371], [-119.326239, 42.680017]]]}}, {"type": "Feature", "properties": {"PLSSID": "OR330330S0290E0", "FRSTDIVID": "OR330330S0290E0SN300", "FRSTDIVTYP": "SN", "FRSTDIVNO": "30"}, "geometry": {"type": "Polygon", "coordinates": [[[-119.365088, 42.676344], [-119.360577, 42.676357], [-119.355678, 42.67637], [-119.350778, 42.676375], [-119.345879, 42.676381], [-119.345895, 42.680031], [-119.345911, 42.68368], [-119.345927, 42.687329], [-119.345943, 42.690979], [-119.350834, 42.690959], [-119.355725, 42.690939], [-119.360616, 42.69092], [-119.365081, 42.690902], [-119.365118, 42.690901], [-119.365111, 42.689134], [-119.365103, 42.68726], [-119.365087, 42.683618], [-119.365088, 42.68228], [-119.36509, 42.679981], [-119.365093, 42.676344], [-119.365088, 42.676344]]]}}, {"type": "Feature", "properties": {"PLSSID": "OR330330S0290E0", "FRSTDIVID": "OR330330S0290E0SN310", "FRSTDIVTYP": "SN", "FRSTDIVNO": "31"}, "geometry": {"type": "Polygon", "coordinates": [[[-119.345833, 42.665461], [-119.345849, 42.669101], [-119.345864, 42.672741], [-119.345879, 42.676381], [-119.350778, 42.676375], [-119.355678, 42.67637], [-119.360577, 42.676357], [-119.365088, 42.676344], [-119.365093, 42.676344], [-119.365107, 42.672714], [-119.365118, 42.669784], [-119.365121, 42.669084], [-119.365147, 42.665456], [-119.365156, 42.664199], [-119.365173, 42.661827], [-119.365094, 42.661828], [-119.365067, 42.661828], [-119.360586, 42.661826], [-119.355663, 42.661825], [-119.35074, 42.661823], [-119.345818, 42.661821], [-119.345833, 42.665461]]]}}, {"type": "Feature", "properties": {"PLSSID": "OR330330S0290E0", "FRSTDIVID": "OR330330S0290E0SN320", "FRSTDIVTYP": "SN", "FRSTDIVNO": "32"}, "geometry": {"type": "Polygon", "coordinates": [[[-119.32615, 42.665454], [-119.326172, 42.669093], [-119.326194, 42.672732], [-119.326216, 42.676371], [-119.331132, 42.676374], [-119.336048, 42.676376], [-119.340963, 42.676379], [-119.345879, 42.676381], [-119.345864, 42.672741], [-119.345849, 42.669101], [-119.345833, 42.665461], [-119.345818, 42.661821], [-119.340895, 42.66182], [-119.335973, 42.661818], [-119.33105, 42.661816], [-119.326128, 42.661815], [-119.32615, 42.665454]]]}}, {"type": "Feature", "properties": {"PLSSID": "OR330330S0290E0", "FRSTDIVID": "OR330330S0290E0SN330", "FRSTDIVTYP": "SN", "FRSTDIVNO": "33"}, "geometry": {"type": "Polygon", "coordinates": [[[-119.306486, 42.665453], [-119.306534, 42.669098], [-119.306582, 42.672744], [-119.30663, 42.676389], [-119.311527, 42.676384], [-119.316423, 42.67638], [-119.32132, 42.676376], [-119.326216, 42.676371], [-119.326194, 42.672732], [-119.326172, 42.669093], [-119.32615, 42.665454], [-119.326128, 42.661815], [-119.321205, 42.661813], [-119.316283, 42.661811], [-119.31136, 42.66181], [-119.306438, 42.661808], [-119.306486, 42.665453]]]}}, {"type": "Feature", "properties": {"PLSSID": "OR330330S0290E0", "FRSTDIVID": "OR330330S0290E0SN340", "FRSTDIVTYP": "SN", "FRSTDIVNO": "34"}, "geometry": {"type": "Polygon", "coordinates": [[[-119.286783, 42.665474], [-119.286818, 42.669146], [-119.286852, 42.672819], [-119.286887, 42.676492], [-119.291823, 42.676466], [-119.296759, 42.67644], [-119.301694, 42.676415], [-119.30663, 42.676389], [-119.306582, 42.672744], [-119.306534, 42.669098], [-119.306486, 42.665453], [-119.306438, 42.661808], [-119.301515, 42.661806], [-119.296593, 42.661805], [-119.29167, 42.661803], [-119.286748, 42.661801], [-119.286783, 42.665474]]]}}, {"type": "Feature", "properties": {"PLSSID": "OR330330S0280E0", "FRSTDIVID": "OR330330S0280E0SN010", "FRSTDIVTYP": "SN", "FRSTDIVNO": "01"}, "geometry": {"type": "Polygon", "coordinates": [[[-119.365374, 42.734871], [-119.365373, 42.738079], [-119.365372, 42.741699], [-119.365364, 42.7444], [-119.365361, 42.745331], [-119.36535, 42.748964], [-119.370273, 42.748966], [-119.370276, 42.748967], [-119.375197, 42.748969], [-119.376064, 42.748969], [-119.380113, 42.748971], [-119.385029, 42.748972], [-119.385015, 42.745398], [-119.385002, 42.74178], [-119.384988, 42.738163], [-119.384975, 42.734545], [-119.380075, 42.734523], [-119.376064, 42.734506], [-119.375175, 42.734502], [-119.370274, 42.734481], [-119.365374, 42.734459], [-119.365374, 42.734871]]]}}, {"type": "Feature", "properties": {"PLSSID": "OR330330S0280E0", "FRSTDIVID": "OR330330S0280E0SN020", "FRSTDIVTYP": "SN", "FRSTDIVNO": "02"}, "geometry": {"type": "Polygon", "coordinates": [[[-119.384988, 42.738163], [-119.385002, 42.74178], [-119.385015, 42.745398], [-119.385029, 42.748972], [-119.389947, 42.748985], [-119.394865, 42.748998], [-119.39979, 42.749012], [-119.404716, 42.749027], [-119.404709, 42.745463], [-119.404702, 42.741836], [-119.4047, 42.73821], [-119.404698, 42.734585], [-119.399767, 42.734575], [-119.394836, 42.734565], [-119.389906, 42.734555], [-119.384975, 42.734545], [-119.384988, 42.738163]]]}}, {"type": "Feature", "properties": {"PLSSID": "OR330330S0280E0", "FRSTDIVID": "OR330330S0280E0SN030", "FRSTDIVTYP": "SN", "FRSTDIVNO": "03"}, "geometry": {"type": "Polygon", "coordinates": [[[-119.4047, 42.73821], [-119.404702, 42.741836], [-119.404709, 42.745463], [-119.404716, 42.749027], [-119.409644, 42.749033], [-119.414573, 42.749039], [-119.419498, 42.749044], [-119.424422, 42.749048], [-119.424404, 42.745482], [-119.424386, 42.741855], [-119.424368, 42.738226], [-119.42435, 42.734597], [-119.419437, 42.734594], [-119.414524, 42.734591], [-119.409611, 42.734588], [-119.404698, 42.734585], [-119.4047, 42.73821]]]}}, {"type": "Feature", "properties": {"PLSSID": "OR330330S0280E0", "FRSTDIVID": "OR330330S0280E0SN040", "FRSTDIVTYP": "SN", "FRSTDIVNO": "04"}, "geometry": {"type": "Polygon", "coordinates": [[[-119.439132, 42.73459], [-119.434205, 42.734593], [-119.429277, 42.734595], [-119.42435, 42.734597], [-119.424368, 42.738226], [-119.424386, 42.741855], [-119.424404, 42.745482], [-119.424422, 42.749048], [-119.42935, 42.749052], [-119.434278, 42.749055], [-119.439189, 42.74906], [-119.4441, 42.749065], [-119.444092, 42.74547], [-119.444084, 42.741844], [-119.444072, 42.738216], [-119.444059, 42.734588], [-119.439132, 42.73459]]]}}, {"type": "Feature", "properties": {"PLSSID": "OR330330S0280E0", "FRSTDIVID": "OR330330S0280E0SN050", "FRSTDIVTYP": "SN", "FRSTDIVNO": "05"}, "geometry": {"type": "Polygon", "coordinates": [[[-119.444072, 42.738216], [-119.444084, 42.741844], [-119.444092, 42.74547], [-119.4441, 42.749065], [-119.449022, 42.749083], [-119.453945, 42.749102], [-119.45886, 42.749118], [-119.463775, 42.749134], [-119.463791, 42.745493], [-119.463807, 42.741868], [-119.463823, 42.738242], [-119.463839, 42.734616], [-119.458894, 42.734609], [-119.453949, 42.734602], [-119.449004, 42.734595], [-119.444059, 42.734588], [-119.444072, 42.738216]]]}}, {"type": "Feature", "properties": {"PLSSID": "OR330330S0280E0", "FRSTDIVID": "OR330330S0280E0SN060", "FRSTDIVTYP": "SN", "FRSTDIVNO": "06"}, "geometry": {"type": "Polygon", "coordinates": [[[-119.478559, 42.734577], [-119.473652, 42.73459], [-119.468746, 42.734603], [-119.463839, 42.734616], [-119.463823, 42.738242], [-119.463807, 42.741868], [-119.463791, 42.745493], [-119.463775, 42.749134], [-119.468692, 42.74914], [-119.473608, 42.749146], [-119.478526, 42.749148], [-119.482869, 42.74915], [-119.482874, 42.745504], [-119.482878, 42.741858], [-119.482882, 42.738212], [-119.482887, 42.734566], [-119.478559, 42.734577]]]}}, {"type": "Feature", "properties": {"PLSSID": "OR330330S0280E0", "FRSTDIVID": "OR330330S0280E0SN070", "FRSTDIVTYP": "SN", "FRSTDIVNO": "07"}, "geometry": {"type": "Polygon", "coordinates": [[[-119.463778, 42.723719], [-119.463798, 42.727352], [-119.463819, 42.730984], [-119.463839, 42.734616], [-119.468746, 42.734603], [-119.473652, 42.73459], [-119.478559, 42.734577], [-119.482887, 42.734566], [-119.482889, 42.73095], [-119.482892, 42.727334], [-119.482895, 42.723718], [-119.482898, 42.720102], [-119.478509, 42.720099], [-119.473592, 42.720095], [-119.468675, 42.720091], [-119.463757, 42.720087], [-119.463778, 42.723719]]]}}, {"type": "Feature", "properties": {"PLSSID": "OR330330S0280E0", "FRSTDIVID": "OR330330S0280E0SN080", "FRSTDIVTYP": "SN", "FRSTDIVNO": "08"}, "geometry": {"type": "Polygon", "coordinates": [[[-119.444019, 42.723696], [-119.444032, 42.727327], [-119.444046, 42.730958], [-119.444059, 42.734588], [-119.449004, 42.734595], [-119.453949, 42.734602], [-119.458894, 42.734609], [-119.463839, 42.734616], [-119.463819, 42.730984], [-119.463798, 42.727352], [-119.463778, 42.723719], [-119.463757, 42.720087], [-119.458819, 42.720082], [-119.453881, 42.720076], [-119.448943, 42.720071], [-119.444005, 42.720066], [-119.444019, 42.723696]]]}}, {"type": "Feature", "properties": {"PLSSID": "OR330330S0280E0", "FRSTDIVID": "OR330330S0280E0SN090", "FRSTDIVTYP": "SN", "FRSTDIVNO": "09"}, "geometry": {"type": "Polygon", "coordinates": [[[-119.439076, 42.720066], [-119.434146, 42.720067], [-119.429216, 42.720068], [-119.424286, 42.720068], [-119.424302, 42.7237], [-119.424318, 42.727332], [-119.424334, 42.730965], [-119.42435, 42.734597], [-119.429277, 42.734595], [-119.434205, 42.734593], [-119.439132, 42.73459], [-119.444059, 42.734588], [-119.444046, 42.730958], [-119.444032, 42.727327], [-119.444019, 42.723696], [-119.444005, 42.720066], [-119.439076, 42.720066]]]}}, {"type": "Feature", "properties": {"PLSSID": "OR330330S0280E0", "FRSTDIVID": "OR330330S0280E0SN100", "FRSTDIVTYP": "SN", "FRSTDIVNO": "10"}, "geometry": {"type": "Polygon", "coordinates": [[[-119.419395, 42.720076], [-119.414504, 42.720083], [-119.409613, 42.720091], [-119.404722, 42.720098], [-119.404716, 42.72372], [-119.40471, 42.727341], [-119.404704, 42.730963], [-119.404698, 42.734585], [-119.409611, 42.734588], [-119.414524, 42.734591], [-119.419437, 42.734594], [-119.42435, 42.734597], [-119.424334, 42.730965], [-119.424318, 42.727332], [-119.424302, 42.7237], [-119.424286, 42.720068], [-119.419395, 42.720076]]]}}, {"type": "Feature", "properties": {"PLSSID": "OR330330S0280E0", "FRSTDIVID": "OR330330S0280E0SN110", "FRSTDIVTYP": "SN", "FRSTDIVNO": "11"}, "geometry": {"type": "Polygon", "coordinates": [[[-119.384986, 42.723655], [-119.384983, 42.727285], [-119.384979, 42.730915], [-119.384975, 42.734545], [-119.389906, 42.734555], [-119.394836, 42.734565], [-119.399767, 42.734575], [-119.404698, 42.734585], [-119.404704, 42.730963], [-119.40471, 42.727341], [-119.404716, 42.72372], [-119.404722, 42.720098], [-119.399789, 42.72008], [-119.394856, 42.720061], [-119.389923, 42.720043], [-119.38499, 42.720025], [-119.384986, 42.723655]]]}}, {"type": "Feature", "properties": {"PLSSID": "OR330330S0280E0", "FRSTDIVID": "OR330330S0280E0SN120", "FRSTDIVTYP": "SN", "FRSTDIVNO": "12"}, "geometry": {"type": "Polygon", "coordinates": [[[-119.365306, 42.723559], [-119.365323, 42.727185], [-119.365349, 42.730822], [-119.365367, 42.733471], [-119.365374, 42.734459], [-119.370274, 42.734481], [-119.375175, 42.734502], [-119.376064, 42.734506], [-119.380075, 42.734523], [-119.384975, 42.734545], [-119.384979, 42.730915], [-119.384983, 42.727285], [-119.384986, 42.723655], [-119.38499, 42.720025], [-119.380065, 42.720002], [-119.376065, 42.719983], [-119.376062, 42.719983], [-119.37514, 42.719979], [-119.370214, 42.719956], [-119.365301, 42.719933], [-119.365289, 42.719933], [-119.365306, 42.723559]]]}}, {"type": "Feature", "properties": {"PLSSID": "OR330330S0280E0", "FRSTDIVID": "OR330330S0280E0SN130", "FRSTDIVTYP": "SN", "FRSTDIVNO": "13"}, "geometry": {"type": "Polygon", "coordinates": [[[-119.365239, 42.709019], [-119.36526, 42.712648], [-119.365275, 42.71629], [-119.365289, 42.719933], [-119.365301, 42.719933], [-119.370214, 42.719956], [-119.37514, 42.719979], [-119.376062, 42.719983], [-119.376065, 42.719983], [-119.380065, 42.720002], [-119.38499, 42.720025], [-119.384987, 42.716395], [-119.384983, 42.712765], [-119.38498, 42.709134], [-119.384977, 42.705504], [-119.380037, 42.705475], [-119.376065, 42.705452], [-119.376062, 42.705452], [-119.375097, 42.705447], [-119.370158, 42.705418], [-119.36523, 42.70539], [-119.365218, 42.70539], [-119.365239, 42.709019]]]}}, {"type": "Feature", "properties": {"PLSSID": "OR330330S0280E0", "FRSTDIVID": "OR330330S0280E0SN140", "FRSTDIVTYP": "SN", "FRSTDIVNO": "14"}, "geometry": {"type": "Polygon", "coordinates": [[[-119.38498, 42.709134], [-119.384983, 42.712765], [-119.384987, 42.716395], [-119.38499, 42.720025], [-119.389923, 42.720043], [-119.394856, 42.720061], [-119.399789, 42.72008], [-119.404722, 42.720098], [-119.40471, 42.716462], [-119.404699, 42.712825], [-119.404687, 42.709189], [-119.404676, 42.705552], [-119.399751, 42.70554], [-119.394826, 42.705528], [-119.389901, 42.705516], [-119.384977, 42.705504], [-119.38498, 42.709134]]]}}, {"type": "Feature", "properties": {"PLSSID": "OR330330S0280E0", "FRSTDIVID": "OR330330S0280E0SN150", "FRSTDIVTYP": "SN", "FRSTDIVNO": "15"}, "geometry": {"type": "Polygon", "coordinates": [[[-119.404687, 42.709189], [-119.404699, 42.712825], [-119.40471, 42.716462], [-119.404722, 42.720098], [-119.409613, 42.720091], [-119.414504, 42.720083], [-119.419395, 42.720076], [-119.424286, 42.720068], [-119.424291, 42.716442], [-119.424296, 42.712815], [-119.424301, 42.709188], [-119.424306, 42.705561], [-119.419398, 42.705559], [-119.414491, 42.705557], [-119.409583, 42.705554], [-119.404676, 42.705552], [-119.404687, 42.709189]]]}}, {"type": "Feature", "properties": {"PLSSID": "OR330330S0280E0", "FRSTDIVID": "OR330330S0280E0SN160", "FRSTDIVTYP": "SN", "FRSTDIVNO": "16"}, "geometry": {"type": "Polygon", "coordinates": [[[-119.439041, 42.705552], [-119.434129, 42.705555], [-119.429217, 42.705558], [-119.424306, 42.705561], [-119.424301, 42.709188], [-119.424296, 42.712815], [-119.424291, 42.716442], [-119.424286, 42.720068], [-119.429216, 42.720068], [-119.434146, 42.720067], [-119.439076, 42.720066], [-119.444005, 42.720066], [-119.443992, 42.716437], [-119.443979, 42.712808], [-119.443966, 42.709179], [-119.443953, 42.70555], [-119.439041, 42.705552]]]}}, {"type": "Feature", "properties": {"PLSSID": "OR330330S0280E0", "FRSTDIVID": "OR330330S0280E0SN170", "FRSTDIVTYP": "SN", "FRSTDIVNO": "17"}, "geometry": {"type": "Polygon", "coordinates": [[[-119.443966, 42.709179], [-119.443979, 42.712808], [-119.443992, 42.716437], [-119.444005, 42.720066], [-119.448943, 42.720071], [-119.453881, 42.720076], [-119.458819, 42.720082], [-119.463757, 42.720087], [-119.463737, 42.716459], [-119.463717, 42.712832], [-119.463696, 42.709205], [-119.463676, 42.705577], [-119.458745, 42.70557], [-119.453814, 42.705563], [-119.448884, 42.705556], [-119.443953, 42.70555], [-119.443966, 42.709179]]]}}, {"type": "Feature", "properties": {"PLSSID": "OR330330S0280E0", "FRSTDIVID": "OR330330S0280E0SN180", "FRSTDIVTYP": "SN", "FRSTDIVNO": "18"}, "geometry": {"type": "Polygon", "coordinates": [[[-119.463696, 42.709205], [-119.463717, 42.712832], [-119.463737, 42.716459], [-119.463757, 42.720087], [-119.468675, 42.720091], [-119.473592, 42.720095], [-119.478509, 42.720099], [-119.482898, 42.720102], [-119.482893, 42.716481], [-119.482888, 42.712861], [-119.482883, 42.70924], [-119.482879, 42.705619], [-119.47843, 42.70561], [-119.473511, 42.7056], [-119.468594, 42.705589], [-119.463676, 42.705577], [-119.463696, 42.709205]]]}}, {"type": "Feature", "properties": {"PLSSID": "OR330330S0280E0", "FRSTDIVID": "OR330330S0280E0SN190", "FRSTDIVTYP": "SN", "FRSTDIVNO": "19"}, "geometry": {"type": "Polygon", "coordinates": [[[-119.46361, 42.694702], [-119.463632, 42.698327], [-119.463654, 42.701952], [-119.463676, 42.705577], [-119.468594, 42.705589], [-119.473511, 42.7056], [-119.47843, 42.70561], [-119.482879, 42.705619], [-119.482874, 42.701998], [-119.482869, 42.698378], [-119.482865, 42.694757], [-119.48286, 42.691136], [-119.478384, 42.691122], [-119.473452, 42.691107], [-119.46852, 42.691092], [-119.463588, 42.691077], [-119.46361, 42.694702]]]}}, {"type": "Feature", "properties": {"PLSSID": "OR330330S0280E0", "FRSTDIVID": "OR330330S0280E0SN200", "FRSTDIVTYP": "SN", "FRSTDIVNO": "20"}, "geometry": {"type": "Polygon", "coordinates": [[[-119.443952, 42.694676], [-119.443952, 42.698301], [-119.443952, 42.701925], [-119.443953, 42.70555], [-119.448884, 42.705556], [-119.453814, 42.705563], [-119.458745, 42.70557], [-119.463676, 42.705577], [-119.463654, 42.701952], [-119.463632, 42.698327], [-119.46361, 42.694702], [-119.463588, 42.691077], [-119.458678, 42.691071], [-119.453769, 42.691064], [-119.44886, 42.691058], [-119.443951, 42.691052], [-119.443952, 42.694676]]]}}, {"type": "Feature", "properties": {"PLSSID": "OR330330S0280E0", "FRSTDIVID": "OR330330S0280E0SN210", "FRSTDIVTYP": "SN", "FRSTDIVNO": "21"}, "geometry": {"type": "Polygon", "coordinates": [[[-119.439044, 42.691055], [-119.434136, 42.691058], [-119.429228, 42.691061], [-119.424321, 42.691064], [-119.424317, 42.694688], [-119.424313, 42.698312], [-119.42431, 42.701937], [-119.424306, 42.705561], [-119.429217, 42.705558], [-119.434129, 42.705555], [-119.439041, 42.705552], [-119.443953, 42.70555], [-119.443952, 42.701925], [-119.443952, 42.698301], [-119.443952, 42.694676], [-119.443951, 42.691052], [-119.439044, 42.691055]]]}}, {"type": "Feature", "properties": {"PLSSID": "OR330330S0280E0", "FRSTDIVID": "OR330330S0280E0SN220", "FRSTDIVTYP": "SN", "FRSTDIVNO": "22"}, "geometry": {"type": "Polygon", "coordinates": [[[-119.40466, 42.694665], [-119.404665, 42.698294], [-119.404671, 42.701923], [-119.404676, 42.705552], [-119.409583, 42.705554], [-119.414491, 42.705557], [-119.419398, 42.705559], [-119.424306, 42.705561], [-119.42431, 42.701937], [-119.424313, 42.698312], [-119.424317, 42.694688], [-119.424321, 42.691064], [-119.419404, 42.691057], [-119.414488, 42.69105], [-119.409571, 42.691043], [-119.404655, 42.691036], [-119.40466, 42.694665]]]}}, {"type": "Feature", "properties": {"PLSSID": "OR330330S0280E0", "FRSTDIVID": "OR330330S0280E0SN230", "FRSTDIVTYP": "SN", "FRSTDIVNO": "23"}, "geometry": {"type": "Polygon", "coordinates": [[[-119.384965, 42.694622], [-119.384996, 42.698263], [-119.384986, 42.701884], [-119.384977, 42.705504], [-119.389901, 42.705516], [-119.394826, 42.705528], [-119.399751, 42.70554], [-119.404676, 42.705552], [-119.404671, 42.701923], [-119.404665, 42.698294], [-119.40466, 42.694665], [-119.404655, 42.691036], [-119.399725, 42.691023], [-119.394795, 42.691009], [-119.389865, 42.690995], [-119.384935, 42.690981], [-119.384965, 42.694622]]]}}, {"type": "Feature", "properties": {"PLSSID": "OR330330S0280E0", "FRSTDIVID": "OR330330S0280E0SN240", "FRSTDIVTYP": "SN", "FRSTDIVNO": "24"}, "geometry": {"type": "Polygon", "coordinates": [[[-119.365135, 42.694506], [-119.365152, 42.69811], [-119.365171, 42.700206], [-119.365185, 42.70175], [-119.365218, 42.70539], [-119.36523, 42.70539], [-119.370158, 42.705418], [-119.375097, 42.705447], [-119.376062, 42.705452], [-119.376065, 42.705452], [-119.380037, 42.705475], [-119.384977, 42.705504], [-119.384986, 42.701884], [-119.384996, 42.698263], [-119.384965, 42.694622], [-119.384935, 42.690981], [-119.379981, 42.690961], [-119.376065, 42.690945], [-119.376062, 42.690945], [-119.375026, 42.690941], [-119.370072, 42.690921], [-119.365118, 42.690901], [-119.365135, 42.694506]]]}}, {"type": "Feature", "properties": {"PLSSID": "OR330330S0280E0", "FRSTDIVID": "OR330330S0280E0SN250", "FRSTDIVTYP": "SN", "FRSTDIVNO": "25"}, "geometry": {"type": "Polygon", "coordinates": [[[-119.36509, 42.679981], [-119.365088, 42.68228], [-119.365087, 42.683618], [-119.365103, 42.68726], [-119.365111, 42.689134], [-119.365118, 42.690901], [-119.370072, 42.690921], [-119.375026, 42.690941], [-119.376062, 42.690945], [-119.376065, 42.690945], [-119.379981, 42.690961], [-119.384935, 42.690981], [-119.384917, 42.687351], [-119.3849, 42.683722], [-119.384882, 42.680092], [-119.384864, 42.676463], [-119.379922, 42.676433], [-119.376065, 42.67641], [-119.376061, 42.67641], [-119.374979, 42.676403], [-119.370036, 42.676374], [-119.365093, 42.676344], [-119.36509, 42.679981]]]}}, {"type": "Feature", "properties": {"PLSSID": "OR330330S0280E0", "FRSTDIVID": "OR330330S0280E0SN260", "FRSTDIVTYP": "SN", "FRSTDIVNO": "26"}, "geometry": {"type": "Polygon", "coordinates": [[[-119.384882, 42.680092], [-119.3849, 42.683722], [-119.384917, 42.687351], [-119.384935, 42.690981], [-119.389865, 42.690995], [-119.394795, 42.691009], [-119.399725, 42.691023], [-119.404655, 42.691036], [-119.404654, 42.687399], [-119.404654, 42.683761], [-119.404654, 42.680124], [-119.404653, 42.676486], [-119.399706, 42.67648], [-119.394759, 42.676474], [-119.389812, 42.676468], [-119.384864, 42.676463], [-119.384882, 42.680092]]]}}, {"type": "Feature", "properties": {"PLSSID": "OR330330S0280E0", "FRSTDIVID": "OR330330S0280E0SN270", "FRSTDIVTYP": "SN", "FRSTDIVNO": "27"}, "geometry": {"type": "Polygon", "coordinates": [[[-119.404654, 42.680124], [-119.404654, 42.683761], [-119.404654, 42.687399], [-119.404655, 42.691036], [-119.409571, 42.691043], [-119.414488, 42.69105], [-119.419404, 42.691057], [-119.424321, 42.691064], [-119.424317, 42.687424], [-119.424312, 42.683785], [-119.424308, 42.680145], [-119.424304, 42.676506], [-119.419391, 42.676501], [-119.414479, 42.676496], [-119.409566, 42.676491], [-119.404653, 42.676486], [-119.404654, 42.680124]]]}}, {"type": "Feature", "properties": {"PLSSID": "OR330330S0280E0", "FRSTDIVID": "OR330330S0280E0SN280", "FRSTDIVTYP": "SN", "FRSTDIVNO": "28"}, "geometry": {"type": "Polygon", "coordinates": [[[-119.424308, 42.680145], [-119.424312, 42.683785], [-119.424317, 42.687424], [-119.424321, 42.691064], [-119.429228, 42.691061], [-119.434136, 42.691058], [-119.439044, 42.691055], [-119.443951, 42.691052], [-119.443956, 42.687428], [-119.443961, 42.683804], [-119.443966, 42.68018], [-119.443971, 42.676556], [-119.439054, 42.676543], [-119.434137, 42.676531], [-119.429221, 42.676518], [-119.424304, 42.676506], [-119.424308, 42.680145]]]}}, {"type": "Feature", "properties": {"PLSSID": "OR330330S0280E0", "FRSTDIVID": "OR330330S0280E0SN290", "FRSTDIVTYP": "SN", "FRSTDIVNO": "29"}, "geometry": {"type": "Polygon", "coordinates": [[[-119.443966, 42.68018], [-119.443961, 42.683804], [-119.443956, 42.687428], [-119.443951, 42.691052], [-119.44886, 42.691058], [-119.453769, 42.691064], [-119.458678, 42.691071], [-119.463588, 42.691077], [-119.46359, 42.687452], [-119.463593, 42.683826], [-119.463596, 42.680201], [-119.463599, 42.676576], [-119.458692, 42.676571], [-119.453785, 42.676566], [-119.448878, 42.676561], [-119.443971, 42.676556], [-119.443966, 42.68018]]]}}, {"type": "Feature", "properties": {"PLSSID": "OR330330S0280E0", "FRSTDIVID": "OR330330S0280E0SN300", "FRSTDIVTYP": "SN", "FRSTDIVNO": "30"}, "geometry": {"type": "Polygon", "coordinates": [[[-119.463596, 42.680201], [-119.463593, 42.683826], [-119.46359, 42.687452], [-119.463588, 42.691077], [-119.46852, 42.691092], [-119.473452, 42.691107], [-119.478384, 42.691122], [-119.48286, 42.691136], [-119.482849, 42.687511], [-119.482838, 42.683887], [-119.482827, 42.680262], [-119.482816, 42.676637], [-119.478349, 42.676621], [-119.47343, 42.676604], [-119.468515, 42.67659], [-119.463599, 42.676576], [-119.463596, 42.680201]]]}}, {"type": "Feature", "properties": {"PLSSID": "OR330330S0280E0", "FRSTDIVID": "OR330330S0280E0SN310", "FRSTDIVTYP": "SN", "FRSTDIVNO": "31"}, "geometry": {"type": "Polygon", "coordinates": [[[-119.463586, 42.665678], [-119.46359, 42.66931], [-119.463595, 42.672943], [-119.463599, 42.676576], [-119.468515, 42.67659], [-119.47343, 42.676604], [-119.478349, 42.676621], [-119.482816, 42.676637], [-119.482804, 42.673013], [-119.482793, 42.669388], [-119.482782, 42.665763], [-119.482771, 42.662138], [-119.478305, 42.66212], [-119.473396, 42.662099], [-119.468489, 42.662072], [-119.463582, 42.662045], [-119.463586, 42.665678]]]}}, {"type": "Feature", "properties": {"PLSSID": "OR330330S0280E0", "FRSTDIVID": "OR330330S0280E0SN320", "FRSTDIVTYP": "SN", "FRSTDIVNO": "32"}, "geometry": {"type": "Polygon", "coordinates": [[[-119.443964, 42.665601], [-119.443966, 42.669252], [-119.443968, 42.672904], [-119.443971, 42.676556], [-119.448878, 42.676561], [-119.453785, 42.676566], [-119.458692, 42.676571], [-119.463599, 42.676576], [-119.463595, 42.672943], [-119.46359, 42.66931], [-119.463586, 42.665678], [-119.463582, 42.662045], [-119.459521, 42.662023], [-119.458675, 42.662018], [-119.453768, 42.661992], [-119.448865, 42.66197], [-119.443961, 42.661949], [-119.443964, 42.665601]]]}}, {"type": "Feature", "properties": {"PLSSID": "OR330330S0280E0", "FRSTDIVID": "OR330330S0280E0SN330", "FRSTDIVTYP": "SN", "FRSTDIVNO": "33"}, "geometry": {"type": "Polygon", "coordinates": [[[-119.424281, 42.665591], [-119.424288, 42.669229], [-119.424296, 42.672868], [-119.424304, 42.676506], [-119.429221, 42.676518], [-119.434137, 42.676531], [-119.439054, 42.676543], [-119.443971, 42.676556], [-119.443968, 42.672904], [-119.443966, 42.669252], [-119.443964, 42.665601], [-119.443961, 42.661949], [-119.439061, 42.661952], [-119.43416, 42.661955], [-119.429216, 42.661954], [-119.424273, 42.661953], [-119.424281, 42.665591]]]}}, {"type": "Feature", "properties": {"PLSSID": "OR330330S0280E0", "FRSTDIVID": "OR330330S0280E0SN340", "FRSTDIVTYP": "SN", "FRSTDIVNO": "34"}, "geometry": {"type": "Polygon", "coordinates": [[[-119.419353, 42.661956], [-119.414432, 42.661959], [-119.409515, 42.661962], [-119.404597, 42.661965], [-119.404611, 42.665595], [-119.404625, 42.669226], [-119.404639, 42.672856], [-119.404653, 42.676486], [-119.409566, 42.676491], [-119.414479, 42.676496], [-119.419391, 42.676501], [-119.424304, 42.676506], [-119.424296, 42.672868], [-119.424288, 42.669229], [-119.424281, 42.665591], [-119.424273, 42.661953], [-119.419353, 42.661956]]]}}, {"type": "Feature", "properties": {"PLSSID": "OR330330S0280E0", "FRSTDIVID": "OR330330S0280E0SN350", "FRSTDIVTYP": "SN", "FRSTDIVNO": "35"}, "geometry": {"type": "Polygon", "coordinates": [[[-119.384896, 42.665573], [-119.384885, 42.669203], [-119.384875, 42.672833], [-119.384864, 42.676463], [-119.389812, 42.676468], [-119.394759, 42.676474], [-119.399706, 42.67648], [-119.404653, 42.676486], [-119.404639, 42.672856], [-119.404625, 42.669226], [-119.404611, 42.665595], [-119.404597, 42.661965], [-119.399669, 42.661965], [-119.394742, 42.661965], [-119.389824, 42.661954], [-119.384906, 42.661943], [-119.384896, 42.665573]]]}}, {"type": "Feature", "properties": {"PLSSID": "OR330330S0280E0", "FRSTDIVID": "OR330330S0280E0SN360", "FRSTDIVTYP": "SN", "FRSTDIVNO": "36"}, "geometry": {"type": "Polygon", "coordinates": [[[-119.365156, 42.664199], [-119.365147, 42.665456], [-119.365121, 42.669084], [-119.365118, 42.669784], [-119.365107, 42.672714], [-119.365093, 42.676344], [-119.370036, 42.676374], [-119.374979, 42.676403], [-119.376061, 42.67641], [-119.376065, 42.67641], [-119.379922, 42.676433], [-119.384864, 42.676463], [-119.384875, 42.672833], [-119.384885, 42.669203], [-119.384896, 42.665573], [-119.384906, 42.661943], [-119.379972, 42.661913], [-119.376064, 42.661888], [-119.376061, 42.661888], [-119.375039, 42.661882], [-119.370105, 42.661855], [-119.370052, 42.661854], [-119.365173, 42.661827], [-119.365156, 42.664199]]]}}, {"type": "Feature", "properties": {"PLSSID": "OR330330S0270E0", "FRSTDIVID": "OR330330S0270E0SN010", "FRSTDIVTYP": "SN", "FRSTDIVNO": "01"}, "geometry": {"type": "Polygon", "coordinates": [[[-119.482882, 42.738212], [-119.482878, 42.741858], [-119.482874, 42.745504], [-119.482869, 42.74915], [-119.48779, 42.749133], [-119.492711, 42.749117], [-119.497639, 42.749087], [-119.501069, 42.749066], [-119.502568, 42.749056], [-119.502581, 42.745469], [-119.502594, 42.741846], [-119.502608, 42.738222], [-119.502621, 42.734599], [-119.50107, 42.734596], [-119.497688, 42.73459], [-119.492754, 42.734582], [-119.48782, 42.734574], [-119.482887, 42.734566], [-119.482882, 42.738212]]]}}, {"type": "Feature", "properties": {"PLSSID": "OR330330S0270E0", "FRSTDIVID": "OR330330S0270E0SN020", "FRSTDIVTYP": "SN", "FRSTDIVNO": "02"}, "geometry": {"type": "Polygon", "coordinates": [[[-119.517348, 42.734497], [-119.512439, 42.734531], [-119.50753, 42.734565], [-119.502621, 42.734599], [-119.502608, 42.738222], [-119.502594, 42.741846], [-119.502581, 42.745469], [-119.502568, 42.749056], [-119.507485, 42.749031], [-119.512402, 42.749007], [-119.517327, 42.748971], [-119.522253, 42.748936], [-119.522256, 42.745358], [-119.52226, 42.741725], [-119.522258, 42.738094], [-119.522257, 42.734463], [-119.517348, 42.734497]]]}}, {"type": "Feature", "properties": {"PLSSID": "OR330330S0270E0", "FRSTDIVID": "OR330330S0270E0SN030", "FRSTDIVTYP": "SN", "FRSTDIVNO": "03"}, "geometry": {"type": "Polygon", "coordinates": [[[-119.540455, 42.73429], [-119.537011, 42.734323], [-119.532093, 42.734369], [-119.527175, 42.734416], [-119.522257, 42.734463], [-119.522258, 42.738094], [-119.52226, 42.741725], [-119.522256, 42.745358], [-119.522253, 42.748936], [-119.527179, 42.748901], [-119.532104, 42.748867], [-119.537001, 42.748842], [-119.53782, 42.748838], [-119.541897, 42.748817], [-119.541914, 42.745191], [-119.541932, 42.741558], [-119.54193, 42.737917], [-119.541929, 42.734276], [-119.540455, 42.73429]]]}}, {"type": "Feature", "properties": {"PLSSID": "OR330330S0270E0", "FRSTDIVID": "OR330330S0270E0SN040", "FRSTDIVTYP": "SN", "FRSTDIVNO": "04"}, "geometry": {"type": "Polygon", "coordinates": [[[-119.556689, 42.734202], [-119.551763, 42.734214], [-119.546846, 42.734245], [-119.541929, 42.734276], [-119.54193, 42.737917], [-119.541932, 42.741558], [-119.541914, 42.745191], [-119.541897, 42.748817], [-119.546812, 42.74881], [-119.551728, 42.748803], [-119.556643, 42.748796], [-119.561558, 42.748789], [-119.561572, 42.745139], [-119.561587, 42.741489], [-119.561601, 42.737839], [-119.561616, 42.734189], [-119.556689, 42.734202]]]}}, {"type": "Feature", "properties": {"PLSSID": "OR330330S0270E0", "FRSTDIVID": "OR330330S0270E0SN050", "FRSTDIVTYP": "SN", "FRSTDIVNO": "05"}, "geometry": {"type": "Polygon", "coordinates": [[[-119.561601, 42.737839], [-119.561587, 42.741489], [-119.561572, 42.745139], [-119.561558, 42.748789], [-119.566473, 42.748781], [-119.571388, 42.748774], [-119.576303, 42.748767], [-119.581219, 42.74876], [-119.581221, 42.745144], [-119.581223, 42.741501], [-119.581226, 42.737858], [-119.581228, 42.734214], [-119.576325, 42.734208], [-119.571422, 42.734202], [-119.566519, 42.734196], [-119.561616, 42.734189], [-119.561601, 42.737839]]]}}, {"type": "Feature", "properties": {"PLSSID": "OR330330S0270E0", "FRSTDIVID": "OR330330S0270E0SN060", "FRSTDIVTYP": "SN", "FRSTDIVNO": "06"}, "geometry": {"type": "Polygon", "coordinates": [[[-119.596069, 42.734145], [-119.591122, 42.734168], [-119.586175, 42.734191], [-119.581228, 42.734214], [-119.581226, 42.737858], [-119.581223, 42.741501], [-119.581221, 42.745144], [-119.581219, 42.74876], [-119.586135, 42.748761], [-119.591052, 42.748762], [-119.595969, 42.748763], [-119.599723, 42.748764], [-119.599775, 42.745105], [-119.599827, 42.741445], [-119.59988, 42.737786], [-119.599932, 42.734127], [-119.596069, 42.734145]]]}}, {"type": "Feature", "properties": {"PLSSID": "OR330330S0270E0", "FRSTDIVID": "OR330330S0270E0SN070", "FRSTDIVTYP": "SN", "FRSTDIVNO": "07"}, "geometry": {"type": "Polygon", "coordinates": [[[-119.588738, 42.719688], [-119.586171, 42.719697], [-119.582279, 42.719709], [-119.581215, 42.719713], [-119.581219, 42.723338], [-119.581222, 42.726964], [-119.581225, 42.730589], [-119.581228, 42.734214], [-119.586175, 42.734191], [-119.591122, 42.734168], [-119.596069, 42.734145], [-119.599932, 42.734127], [-119.599967, 42.730952], [-119.599966, 42.730523], [-119.599957, 42.726919], [-119.599949, 42.723315], [-119.59994, 42.719712], [-119.596064, 42.719695], [-119.594459, 42.719688], [-119.591127, 42.719681], [-119.588738, 42.719688]]]}}, {"type": "Feature", "properties": {"PLSSID": "OR330330S0270E0", "FRSTDIVID": "OR330330S0270E0SN080", "FRSTDIVTYP": "SN", "FRSTDIVNO": "08"}, "geometry": {"type": "Polygon", "coordinates": [[[-119.561618, 42.723306], [-119.561614, 42.72693], [-119.561615, 42.73056], [-119.561616, 42.734189], [-119.566519, 42.734196], [-119.571422, 42.734202], [-119.576325, 42.734208], [-119.581228, 42.734214], [-119.581225, 42.730589], [-119.581222, 42.726964], [-119.581219, 42.723338], [-119.581215, 42.719713], [-119.576323, 42.719727], [-119.57143, 42.719742], [-119.566526, 42.719712], [-119.561623, 42.719682], [-119.561618, 42.723306]]]}}, {"type": "Feature", "properties": {"PLSSID": "OR330330S0270E0", "FRSTDIVID": "OR330330S0270E0SN090", "FRSTDIVTYP": "SN", "FRSTDIVNO": "09"}, "geometry": {"type": "Polygon", "coordinates": [[[-119.556689, 42.719799], [-119.551755, 42.719915], [-119.551196, 42.719928], [-119.546822, 42.720031], [-119.541888, 42.720147], [-119.541898, 42.72368], [-119.541909, 42.727212], [-119.541919, 42.730744], [-119.541921, 42.731391], [-119.541929, 42.734276], [-119.546846, 42.734245], [-119.551763, 42.734214], [-119.556689, 42.734202], [-119.561616, 42.734189], [-119.561615, 42.73056], [-119.561614, 42.72693], [-119.561618, 42.723306], [-119.561623, 42.719682], [-119.556689, 42.719799]]]}}, {"type": "Feature", "properties": {"PLSSID": "OR330330S0270E0", "FRSTDIVID": "OR330330S0270E0SN100", "FRSTDIVTYP": "SN", "FRSTDIVNO": "10"}, "geometry": {"type": "Polygon", "coordinates": [[[-119.522218, 42.723575], [-119.522231, 42.727204], [-119.522244, 42.730833], [-119.522257, 42.734463], [-119.527175, 42.734416], [-119.532093, 42.734369], [-119.537011, 42.734323], [-119.540455, 42.73429], [-119.541929, 42.734276], [-119.541921, 42.731391], [-119.541919, 42.730744], [-119.541909, 42.727212], [-119.541898, 42.72368], [-119.541888, 42.720147], [-119.536967, 42.720097], [-119.532047, 42.720046], [-119.527126, 42.719996], [-119.522206, 42.719945], [-119.522218, 42.723575]]]}}, {"type": "Feature", "properties": {"PLSSID": "OR330330S0270E0", "FRSTDIVID": "OR330330S0270E0SN110", "FRSTDIVTYP": "SN", "FRSTDIVNO": "11"}, "geometry": {"type": "Polygon", "coordinates": [[[-119.517297, 42.719973], [-119.512388, 42.72], [-119.507479, 42.720028], [-119.502571, 42.720055], [-119.502583, 42.723691], [-119.502596, 42.727327], [-119.502609, 42.730963], [-119.502621, 42.734599], [-119.50753, 42.734565], [-119.512439, 42.734531], [-119.517348, 42.734497], [-119.522257, 42.734463], [-119.522244, 42.730833], [-119.522231, 42.727204], [-119.522218, 42.723575], [-119.522206, 42.719945], [-119.517297, 42.719973]]]}}, {"type": "Feature", "properties": {"PLSSID": "OR330330S0270E0", "FRSTDIVID": "OR330330S0270E0SN120", "FRSTDIVTYP": "SN", "FRSTDIVNO": "12"}, "geometry": {"type": "Polygon", "coordinates": [[[-119.50107, 42.720059], [-119.497652, 42.720067], [-119.492734, 42.720078], [-119.487816, 42.72009], [-119.482898, 42.720102], [-119.482895, 42.723718], [-119.482892, 42.727334], [-119.482889, 42.73095], [-119.482887, 42.734566], [-119.48782, 42.734574], [-119.492754, 42.734582], [-119.497688, 42.73459], [-119.50107, 42.734596], [-119.502621, 42.734599], [-119.502609, 42.730963], [-119.502596, 42.727327], [-119.502583, 42.723691], [-119.502571, 42.720055], [-119.50107, 42.720059]]]}}, {"type": "Feature", "properties": {"PLSSID": "OR330330S0270E0", "FRSTDIVID": "OR330330S0270E0SN130", "FRSTDIVTYP": "SN", "FRSTDIVNO": "13"}, "geometry": {"type": "Polygon", "coordinates": [[[-119.50107, 42.705515], [-119.497638, 42.705535], [-119.492718, 42.705563], [-119.487799, 42.705591], [-119.482879, 42.705619], [-119.482883, 42.70924], [-119.482888, 42.712861], [-119.482893, 42.716481], [-119.482898, 42.720102], [-119.487816, 42.72009], [-119.492734, 42.720078], [-119.497652, 42.720067], [-119.50107, 42.720059], [-119.502571, 42.720055], [-119.502568, 42.716418], [-119.502564, 42.712781], [-119.502561, 42.709144], [-119.502558, 42.705507], [-119.50107, 42.705515]]]}}, {"type": "Feature", "properties": {"PLSSID": "OR330330S0270E0", "FRSTDIVID": "OR330330S0270E0SN140", "FRSTDIVTYP": "SN", "FRSTDIVNO": "14"}, "geometry": {"type": "Polygon", "coordinates": [[[-119.502561, 42.709144], [-119.502564, 42.712781], [-119.502568, 42.716418], [-119.502571, 42.720055], [-119.507479, 42.720028], [-119.512388, 42.72], [-119.517297, 42.719973], [-119.522206, 42.719945], [-119.522213, 42.716339], [-119.522221, 42.712733], [-119.522229, 42.709127], [-119.522236, 42.70552], [-119.517317, 42.705517], [-119.512397, 42.705514], [-119.507478, 42.70551], [-119.502558, 42.705507], [-119.502561, 42.709144]]]}}, {"type": "Feature", "properties": {"PLSSID": "OR330330S0270E0", "FRSTDIVID": "OR330330S0270E0SN150", "FRSTDIVTYP": "SN", "FRSTDIVNO": "15"}, "geometry": {"type": "Polygon", "coordinates": [[[-119.522229, 42.709127], [-119.522221, 42.712733], [-119.522213, 42.716339], [-119.522206, 42.719945], [-119.527126, 42.719996], [-119.532047, 42.720046], [-119.536967, 42.720097], [-119.541888, 42.720147], [-119.541876, 42.716589], [-119.541864, 42.713031], [-119.541852, 42.709473], [-119.54184, 42.705915], [-119.536939, 42.705816], [-119.532038, 42.705717], [-119.527137, 42.705619], [-119.522236, 42.70552], [-119.522229, 42.709127]]]}}, {"type": "Feature", "properties": {"PLSSID": "OR330330S0270E0", "FRSTDIVID": "OR330330S0270E0SN160", "FRSTDIVTYP": "SN", "FRSTDIVNO": "16"}, "geometry": {"type": "Polygon", "coordinates": [[[-119.556665, 42.705685], [-119.551723, 42.705761], [-119.546782, 42.705838], [-119.54184, 42.705915], [-119.541852, 42.709473], [-119.541864, 42.713031], [-119.541876, 42.716589], [-119.541888, 42.720147], [-119.546822, 42.720031], [-119.551196, 42.719928], [-119.551755, 42.719915], [-119.556689, 42.719799], [-119.561623, 42.719682], [-119.561629, 42.716098], [-119.561636, 42.712515], [-119.561621, 42.709062], [-119.561607, 42.705608], [-119.556665, 42.705685]]]}}, {"type": "Feature", "properties": {"PLSSID": "OR330330S0270E0", "FRSTDIVID": "OR330330S0270E0SN170", "FRSTDIVTYP": "SN", "FRSTDIVNO": "17"}, "geometry": {"type": "Polygon", "coordinates": [[[-119.576437, 42.705337], [-119.571499, 42.705342], [-119.566553, 42.705475], [-119.561607, 42.705608], [-119.561621, 42.709062], [-119.561636, 42.712515], [-119.561629, 42.716098], [-119.561623, 42.719682], [-119.566526, 42.719712], [-119.57143, 42.719742], [-119.576323, 42.719727], [-119.581215, 42.719713], [-119.581234, 42.716118], [-119.581253, 42.712524], [-119.581314, 42.708928], [-119.581374, 42.705332], [-119.576437, 42.705337]]]}}, {"type": "Feature", "properties": {"PLSSID": "OR330330S0270E0", "FRSTDIVID": "OR330330S0270E0SN180", "FRSTDIVTYP": "SN", "FRSTDIVNO": "18"}, "geometry": {"type": "Polygon", "coordinates": [[[-119.581215, 42.719713], [-119.582279, 42.719709], [-119.586171, 42.719697], [-119.588738, 42.719688], [-119.591127, 42.719681], [-119.594459, 42.719688], [-119.596064, 42.719695], [-119.59994, 42.719712], [-119.599931, 42.716099], [-119.599922, 42.712486], [-119.599913, 42.708873], [-119.599905, 42.70526], [-119.596586, 42.705259], [-119.596102, 42.705262], [-119.595927, 42.705264], [-119.591891, 42.705293], [-119.586633, 42.705313], [-119.581374, 42.705332], [-119.581314, 42.708928], [-119.581253, 42.712524], [-119.581234, 42.716118], [-119.581215, 42.719713]]]}}, {"type": "Feature", "properties": {"PLSSID": "OR330330S0270E0", "FRSTDIVID": "OR330330S0270E0SN190", "FRSTDIVTYP": "SN", "FRSTDIVNO": "19"}, "geometry": {"type": "Polygon", "coordinates": [[[-119.581374, 42.705332], [-119.586633, 42.705313], [-119.591891, 42.705293], [-119.595927, 42.705264], [-119.596102, 42.705262], [-119.596586, 42.705259], [-119.599905, 42.70526], [-119.599896, 42.701612], [-119.599889, 42.698627], [-119.599878, 42.697964], [-119.599883, 42.697812], [-119.599995, 42.694397], [-119.600112, 42.690831], [-119.596065, 42.690876], [-119.591159, 42.69093], [-119.586253, 42.690984], [-119.581347, 42.691039], [-119.581381, 42.694572], [-119.581415, 42.698105], [-119.581394, 42.701718], [-119.581374, 42.705332]]]}}, {"type": "Feature", "properties": {"PLSSID": "OR330330S0270E0", "FRSTDIVID": "OR330330S0270E0SN200", "FRSTDIVTYP": "SN", "FRSTDIVNO": "20"}, "geometry": {"type": "Polygon", "coordinates": [[[-119.561578, 42.694652], [-119.561587, 42.698304], [-119.561597, 42.701956], [-119.561607, 42.705608], [-119.566553, 42.705475], [-119.571499, 42.705342], [-119.576437, 42.705337], [-119.581374, 42.705332], [-119.581394, 42.701718], [-119.581415, 42.698105], [-119.581381, 42.694572], [-119.581347, 42.691039], [-119.576402, 42.691029], [-119.571457, 42.691019], [-119.566513, 42.691009], [-119.561568, 42.690999], [-119.561578, 42.694652]]]}}, {"type": "Feature", "properties": {"PLSSID": "OR330330S0270E0", "FRSTDIVID": "OR330330S0270E0SN210", "FRSTDIVTYP": "SN", "FRSTDIVNO": "21"}, "geometry": {"type": "Polygon", "coordinates": [[[-119.556674, 42.691], [-119.55178, 42.691], [-119.546887, 42.691001], [-119.541993, 42.691001], [-119.541955, 42.69473], [-119.541916, 42.698458], [-119.541878, 42.702186], [-119.54184, 42.705915], [-119.546782, 42.705838], [-119.551723, 42.705761], [-119.556665, 42.705685], [-119.561607, 42.705608], [-119.561597, 42.701956], [-119.561587, 42.698304], [-119.561578, 42.694652], [-119.561568, 42.690999], [-119.556674, 42.691]]]}}, {"type": "Feature", "properties": {"PLSSID": "OR330330S0270E0", "FRSTDIVID": "OR330330S0270E0SN220", "FRSTDIVTYP": "SN", "FRSTDIVNO": "22"}, "geometry": {"type": "Polygon", "coordinates": [[[-119.522109, 42.694409], [-119.522151, 42.698113], [-119.522194, 42.701817], [-119.522236, 42.70552], [-119.527137, 42.705619], [-119.532038, 42.705717], [-119.536939, 42.705816], [-119.54184, 42.705915], [-119.541878, 42.702186], [-119.541916, 42.698458], [-119.541955, 42.69473], [-119.541993, 42.691001], [-119.537011, 42.690927], [-119.53203, 42.690853], [-119.527048, 42.69078], [-119.522067, 42.690706], [-119.522109, 42.694409]]]}}, {"type": "Feature", "properties": {"PLSSID": "OR330330S0270E0", "FRSTDIVID": "OR330330S0270E0SN230", "FRSTDIVTYP": "SN", "FRSTDIVNO": "23"}, "geometry": {"type": "Polygon", "coordinates": [[[-119.517164, 42.690777], [-119.512262, 42.690849], [-119.50736, 42.69092], [-119.502457, 42.690992], [-119.502482, 42.69462], [-119.502508, 42.698249], [-119.502533, 42.701878], [-119.502558, 42.705507], [-119.507478, 42.70551], [-119.512397, 42.705514], [-119.517317, 42.705517], [-119.522236, 42.70552], [-119.522194, 42.701817], [-119.522151, 42.698113], [-119.522109, 42.694409], [-119.522067, 42.690706], [-119.517164, 42.690777]]]}}, {"type": "Feature", "properties": {"PLSSID": "OR330330S0270E0", "FRSTDIVID": "OR330330S0270E0SN240", "FRSTDIVTYP": "SN", "FRSTDIVNO": "24"}, "geometry": {"type": "Polygon", "coordinates": [[[-119.50107, 42.691002], [-119.497558, 42.691028], [-119.492659, 42.691064], [-119.487759, 42.6911], [-119.48286, 42.691136], [-119.482865, 42.694757], [-119.482869, 42.698378], [-119.482874, 42.701998], [-119.482879, 42.705619], [-119.487799, 42.705591], [-119.492718, 42.705563], [-119.497638, 42.705535], [-119.50107, 42.705515], [-119.502558, 42.705507], [-119.502533, 42.701878], [-119.502508, 42.698249], [-119.502482, 42.69462], [-119.502457, 42.690992], [-119.50107, 42.691002]]]}}, {"type": "Feature", "properties": {"PLSSID": "OR330330S0270E0", "FRSTDIVID": "OR330330S0270E0SN250", "FRSTDIVTYP": "SN", "FRSTDIVNO": "25"}, "geometry": {"type": "Polygon", "coordinates": [[[-119.50107, 42.67656], [-119.497525, 42.676575], [-119.492622, 42.676596], [-119.487719, 42.676617], [-119.482816, 42.676637], [-119.482827, 42.680262], [-119.482838, 42.683887], [-119.482849, 42.687511], [-119.48286, 42.691136], [-119.487759, 42.6911], [-119.492659, 42.691064], [-119.497558, 42.691028], [-119.50107, 42.691002], [-119.502457, 42.690992], [-119.50245, 42.687382], [-119.502442, 42.683773], [-119.502435, 42.680164], [-119.502428, 42.676555], [-119.50107, 42.67656]]]}}, {"type": "Feature", "properties": {"PLSSID": "OR330330S0270E0", "FRSTDIVID": "OR330330S0270E0SN260", "FRSTDIVTYP": "SN", "FRSTDIVNO": "26"}, "geometry": {"type": "Polygon", "coordinates": [[[-119.517182, 42.676443], [-119.512264, 42.67648], [-119.507346, 42.676517], [-119.502428, 42.676555], [-119.502435, 42.680164], [-119.502442, 42.683773], [-119.50245, 42.687382], [-119.502457, 42.690992], [-119.50736, 42.69092], [-119.512262, 42.690849], [-119.517164, 42.690777], [-119.522067, 42.690706], [-119.522075, 42.687131], [-119.522083, 42.683556], [-119.522092, 42.679981], [-119.5221, 42.676406], [-119.517182, 42.676443]]]}}, {"type": "Feature", "properties": {"PLSSID": "OR330330S0270E0", "FRSTDIVID": "OR330330S0270E0SN270", "FRSTDIVTYP": "SN", "FRSTDIVNO": "27"}, "geometry": {"type": "Polygon", "coordinates": [[[-119.522092, 42.679981], [-119.522083, 42.683556], [-119.522075, 42.687131], [-119.522067, 42.690706], [-119.527048, 42.69078], [-119.53203, 42.690853], [-119.537011, 42.690927], [-119.541993, 42.691001], [-119.541946, 42.687365], [-119.5419, 42.683728], [-119.541854, 42.680092], [-119.541808, 42.676456], [-119.536881, 42.676443], [-119.531954, 42.676431], [-119.527027, 42.676419], [-119.5221, 42.676406], [-119.522092, 42.679981]]]}}, {"type": "Feature", "properties": {"PLSSID": "OR330330S0270E0", "FRSTDIVID": "OR330330S0270E0SN280", "FRSTDIVTYP": "SN", "FRSTDIVNO": "28"}, "geometry": {"type": "Polygon", "coordinates": [[[-119.556484, 42.676407], [-119.551592, 42.676423], [-119.5467, 42.67644], [-119.541808, 42.676456], [-119.541854, 42.680092], [-119.5419, 42.683728], [-119.541946, 42.687365], [-119.541993, 42.691001], [-119.546887, 42.691001], [-119.55178, 42.691], [-119.556674, 42.691], [-119.561568, 42.690999], [-119.56152, 42.687347], [-119.561472, 42.683695], [-119.561424, 42.680043], [-119.561376, 42.676391], [-119.556484, 42.676407]]]}}, {"type": "Feature", "properties": {"PLSSID": "OR330330S0270E0", "FRSTDIVID": "OR330330S0270E0SN290", "FRSTDIVTYP": "SN", "FRSTDIVNO": "29"}, "geometry": {"type": "Polygon", "coordinates": [[[-119.561424, 42.680043], [-119.561472, 42.683695], [-119.56152, 42.687347], [-119.561568, 42.690999], [-119.566513, 42.691009], [-119.571457, 42.691019], [-119.576402, 42.691029], [-119.581347, 42.691039], [-119.581303, 42.687381], [-119.581259, 42.683723], [-119.581216, 42.680066], [-119.581172, 42.676408], [-119.576223, 42.676404], [-119.571274, 42.6764], [-119.566325, 42.676395], [-119.561376, 42.676391], [-119.561424, 42.680043]]]}}, {"type": "Feature", "properties": {"PLSSID": "OR330330S0270E0", "FRSTDIVID": "OR330330S0270E0SN300", "FRSTDIVTYP": "SN", "FRSTDIVNO": "30"}, "geometry": {"type": "Polygon", "coordinates": [[[-119.596023, 42.676394], [-119.591076, 42.676399], [-119.586124, 42.676404], [-119.581172, 42.676408], [-119.581216, 42.680066], [-119.581259, 42.683723], [-119.581303, 42.687381], [-119.581347, 42.691039], [-119.586253, 42.690984], [-119.591159, 42.69093], [-119.596065, 42.690876], [-119.600112, 42.690831], [-119.600128, 42.68722], [-119.600144, 42.68361], [-119.600161, 42.68], [-119.600177, 42.67639], [-119.596023, 42.676394]]]}}, {"type": "Feature", "properties": {"PLSSID": "OR330330S0270E0", "FRSTDIVID": "OR330330S0270E0SN310", "FRSTDIVTYP": "SN", "FRSTDIVNO": "31"}, "geometry": {"type": "Polygon", "coordinates": [[[-119.595781, 42.661755], [-119.59087, 42.661765], [-119.585959, 42.661776], [-119.581048, 42.661786], [-119.581079, 42.665442], [-119.58111, 42.669097], [-119.581141, 42.672753], [-119.581172, 42.676408], [-119.586124, 42.676404], [-119.591076, 42.676399], [-119.596023, 42.676394], [-119.600177, 42.67639], [-119.600134, 42.672729], [-119.600091, 42.669068], [-119.600047, 42.665406], [-119.600004, 42.661745], [-119.595781, 42.661755]]]}}, {"type": "Feature", "properties": {"PLSSID": "OR330330S0270E0", "FRSTDIVID": "OR330330S0270E0SN320", "FRSTDIVTYP": "SN", "FRSTDIVNO": "32"}, "geometry": {"type": "Polygon", "coordinates": [[[-119.576138, 42.661797], [-119.571227, 42.661808], [-119.566316, 42.661818], [-119.561405, 42.661829], [-119.561398, 42.665469], [-119.56139, 42.66911], [-119.561383, 42.672751], [-119.561376, 42.676391], [-119.566325, 42.676395], [-119.571274, 42.6764], [-119.576223, 42.676404], [-119.581172, 42.676408], [-119.581141, 42.672753], [-119.58111, 42.669097], [-119.581079, 42.665442], [-119.581048, 42.661786], [-119.576138, 42.661797]]]}}, {"type": "Feature", "properties": {"PLSSID": "OR330330S0270E0", "FRSTDIVID": "OR330330S0270E0SN330", "FRSTDIVTYP": "SN", "FRSTDIVNO": "33"}, "geometry": {"type": "Polygon", "coordinates": [[[-119.556476, 42.66186], [-119.551547, 42.661891], [-119.546618, 42.661922], [-119.541689, 42.661954], [-119.541719, 42.665579], [-119.541748, 42.669205], [-119.541778, 42.67283], [-119.541808, 42.676456], [-119.5467, 42.67644], [-119.551592, 42.676423], [-119.556484, 42.676407], [-119.561376, 42.676391], [-119.561383, 42.672751], [-119.56139, 42.66911], [-119.561398, 42.665469], [-119.561405, 42.661829], [-119.556476, 42.66186]]]}}, {"type": "Feature", "properties": {"PLSSID": "OR330330S0270E0", "FRSTDIVID": "OR330330S0270E0SN340", "FRSTDIVTYP": "SN", "FRSTDIVNO": "34"}, "geometry": {"type": "Polygon", "coordinates": [[[-119.536779, 42.661969], [-119.531869, 42.661984], [-119.52696, 42.662], [-119.52205, 42.662015], [-119.522062, 42.665613], [-119.522075, 42.669211], [-119.522088, 42.672809], [-119.5221, 42.676406], [-119.527027, 42.676419], [-119.531954, 42.676431], [-119.536881, 42.676443], [-119.541808, 42.676456], [-119.541778, 42.67283], [-119.541748, 42.669205], [-119.541719, 42.665579], [-119.541689, 42.661954], [-119.536779, 42.661969]]]}}, {"type": "Feature", "properties": {"PLSSID": "OR330330S0270E0", "FRSTDIVID": "OR330330S0270E0SN350", "FRSTDIVTYP": "SN", "FRSTDIVNO": "35"}, "geometry": {"type": "Polygon", "coordinates": [[[-119.51714, 42.662031], [-119.51223, 42.662046], [-119.50732, 42.662061], [-119.50241, 42.662077], [-119.502415, 42.665696], [-119.502419, 42.669316], [-119.502423, 42.672935], [-119.502428, 42.676555], [-119.507346, 42.676517], [-119.512264, 42.67648], [-119.517182, 42.676443], [-119.5221, 42.676406], [-119.522088, 42.672809], [-119.522075, 42.669211], [-119.522062, 42.665613], [-119.52205, 42.662015], [-119.51714, 42.662031]]]}}, {"type": "Feature", "properties": {"PLSSID": "OR330330S0270E0", "FRSTDIVID": "OR330330S0270E0SN360", "FRSTDIVTYP": "SN", "FRSTDIVNO": "36"}, "geometry": {"type": "Polygon", "coordinates": [[[-119.50107, 42.662081], [-119.497501, 42.662092], [-119.492591, 42.662108], [-119.487681, 42.662123], [-119.482771, 42.662138], [-119.482782, 42.665763], [-119.482793, 42.669388], [-119.482804, 42.673013], [-119.482816, 42.676637], [-119.487719, 42.676617], [-119.492622, 42.676596], [-119.497525, 42.676575], [-119.50107, 42.67656], [-119.502428, 42.676555], [-119.502423, 42.672935], [-119.502419, 42.669316], [-119.502415, 42.665696], [-119.50241, 42.662077], [-119.50107, 42.662081]]]}}, {"type": "Feature", "properties": {"PLSSID": "OR330330S0260E0", "FRSTDIVID": "OR330330S0260E0SN010", "FRSTDIVTYP": "SN", "FRSTDIVNO": "01"}, "geometry": {"type": "Polygon", "coordinates": [[[-119.59988, 42.737786], [-119.599827, 42.741445], [-119.599775, 42.745105], [-119.599723, 42.748764], [-119.604711, 42.748766], [-119.6097, 42.748767], [-119.614689, 42.748768], [-119.619677, 42.748769], [-119.61956, 42.745062], [-119.619464, 42.742006], [-119.619465, 42.741512], [-119.61947, 42.737891], [-119.619476, 42.73427], [-119.614591, 42.73423], [-119.609706, 42.734189], [-119.604821, 42.734148], [-119.604191, 42.734146], [-119.599932, 42.734127], [-119.59988, 42.737786]]]}}, {"type": "Feature", "properties": {"PLSSID": "OR330330S0260E0", "FRSTDIVID": "OR330330S0260E0SN020", "FRSTDIVTYP": "SN", "FRSTDIVNO": "02"}, "geometry": {"type": "Polygon", "coordinates": [[[-119.61947, 42.737891], [-119.619465, 42.741512], [-119.619464, 42.742006], [-119.61956, 42.745062], [-119.619677, 42.748769], [-119.624614, 42.748856], [-119.626073, 42.748882], [-119.62955, 42.748943], [-119.634472, 42.748824], [-119.639394, 42.748705], [-119.639477, 42.74506], [-119.639559, 42.741414], [-119.639642, 42.737765], [-119.639724, 42.734116], [-119.634814, 42.734244], [-119.634661, 42.734249], [-119.631327, 42.734338], [-119.629905, 42.734332], [-119.629598, 42.73433], [-119.626074, 42.734309], [-119.624691, 42.734301], [-119.624538, 42.734301], [-119.619476, 42.73427], [-119.61947, 42.737891]]]}}, {"type": "Feature", "properties": {"PLSSID": "OR330330S0260E0", "FRSTDIVID": "OR330330S0260E0SN030", "FRSTDIVTYP": "SN", "FRSTDIVNO": "03"}, "geometry": {"type": "Polygon", "coordinates": [[[-119.639642, 42.737765], [-119.639559, 42.741414], [-119.639477, 42.74506], [-119.639394, 42.748705], [-119.644346, 42.748742], [-119.649298, 42.748779], [-119.654235, 42.74878], [-119.659172, 42.748782], [-119.659194, 42.745144], [-119.659217, 42.741506], [-119.659263, 42.737852], [-119.659309, 42.734197], [-119.654413, 42.734177], [-119.649517, 42.734157], [-119.64462, 42.734136], [-119.639724, 42.734116], [-119.639642, 42.737765]]]}}, {"type": "Feature", "properties": {"PLSSID": "OR330330S0260E0", "FRSTDIVID": "OR330330S0260E0SN040", "FRSTDIVTYP": "SN", "FRSTDIVNO": "04"}, "geometry": {"type": "Polygon", "coordinates": [[[-119.674093, 42.734192], [-119.669165, 42.734193], [-119.664237, 42.734195], [-119.659309, 42.734197], [-119.659263, 42.737852], [-119.659217, 42.741506], [-119.659194, 42.745144], [-119.659172, 42.748782], [-119.664108, 42.748784], [-119.669045, 42.748785], [-119.673982, 42.748787], [-119.678919, 42.748788], [-119.678936, 42.745148], [-119.678953, 42.741508], [-119.678987, 42.737849], [-119.679021, 42.73419], [-119.674093, 42.734192]]]}}, {"type": "Feature", "properties": {"PLSSID": "OR330330S0260E0", "FRSTDIVID": "OR330330S0260E0SN050", "FRSTDIVTYP": "SN", "FRSTDIVNO": "05"}, "geometry": {"type": "Polygon", "coordinates": [[[-119.678987, 42.737849], [-119.678953, 42.741508], [-119.678936, 42.745148], [-119.678919, 42.748788], [-119.683856, 42.74879], [-119.688793, 42.748791], [-119.693729, 42.748793], [-119.698666, 42.748794], [-119.698696, 42.745093], [-119.698725, 42.741472], [-119.698783, 42.73785], [-119.698841, 42.734228], [-119.693886, 42.734218], [-119.688931, 42.734209], [-119.683976, 42.734199], [-119.679021, 42.73419], [-119.678987, 42.737849]]]}}, {"type": "Feature", "properties": {"PLSSID": "OR330330S0260E0", "FRSTDIVID": "OR330330S0260E0SN060", "FRSTDIVTYP": "SN", "FRSTDIVNO": "06"}, "geometry": {"type": "Polygon", "coordinates": [[[-119.698783, 42.73785], [-119.698725, 42.741472], [-119.698696, 42.745093], [-119.698666, 42.748794], [-119.703603, 42.748796], [-119.705871, 42.748797], [-119.706019, 42.746611], [-119.706011, 42.74517], [-119.705999, 42.742958], [-119.705991, 42.741516], [-119.706022, 42.739306], [-119.706041, 42.737896], [-119.706072, 42.735645], [-119.706091, 42.734276], [-119.703797, 42.734263], [-119.698841, 42.734228], [-119.698783, 42.73785]]]}}, {"type": "Feature", "properties": {"PLSSID": "OR330330S0260E0", "FRSTDIVID": "OR330330S0260E0SN070", "FRSTDIVTYP": "SN", "FRSTDIVNO": "07"}, "geometry": {"type": "Polygon", "coordinates": [[[-119.703799, 42.719476], [-119.698877, 42.719501], [-119.698868, 42.723183], [-119.698859, 42.726865], [-119.69885, 42.730546], [-119.698841, 42.734228], [-119.703797, 42.734263], [-119.706091, 42.734276], [-119.706071, 42.731983], [-119.70608, 42.730574], [-119.706095, 42.728317], [-119.706105, 42.726871], [-119.70612, 42.724651], [-119.706121, 42.723169], [-119.706123, 42.721001], [-119.706124, 42.719467], [-119.703799, 42.719476]]]}}, {"type": "Feature", "properties": {"PLSSID": "OR330330S0260E0", "FRSTDIVID": "OR330330S0260E0SN080", "FRSTDIVTYP": "SN", "FRSTDIVNO": "08"}, "geometry": {"type": "Polygon", "coordinates": [[[-119.679085, 42.723161], [-119.679064, 42.726837], [-119.679042, 42.730513], [-119.679021, 42.73419], [-119.683976, 42.734199], [-119.688931, 42.734209], [-119.693886, 42.734218], [-119.698841, 42.734228], [-119.69885, 42.730546], [-119.698859, 42.726865], [-119.698868, 42.723183], [-119.698877, 42.719501], [-119.693934, 42.719497], [-119.688992, 42.719493], [-119.684049, 42.719489], [-119.679107, 42.719485], [-119.679085, 42.723161]]]}}, {"type": "Feature", "properties": {"PLSSID": "OR330330S0260E0", "FRSTDIVID": "OR330330S0260E0SN090", "FRSTDIVTYP": "SN", "FRSTDIVNO": "09"}, "geometry": {"type": "Polygon", "coordinates": [[[-119.674211, 42.719493], [-119.669315, 42.719502], [-119.664419, 42.71951], [-119.659523, 42.719519], [-119.65947, 42.723188], [-119.659416, 42.726858], [-119.659363, 42.730528], [-119.659309, 42.734197], [-119.664237, 42.734195], [-119.669165, 42.734193], [-119.674093, 42.734192], [-119.679021, 42.73419], [-119.679042, 42.730513], [-119.679064, 42.726837], [-119.679085, 42.723161], [-119.679107, 42.719485], [-119.674211, 42.719493]]]}}, {"type": "Feature", "properties": {"PLSSID": "OR330330S0260E0", "FRSTDIVID": "OR330330S0260E0SN100", "FRSTDIVTYP": "SN", "FRSTDIVNO": "10"}, "geometry": {"type": "Polygon", "coordinates": [[[-119.654608, 42.719554], [-119.649692, 42.71959], [-119.644776, 42.719625], [-119.639861, 42.719661], [-119.63964, 42.723273], [-119.639419, 42.726886], [-119.639572, 42.730501], [-119.639724, 42.734116], [-119.64462, 42.734136], [-119.649517, 42.734157], [-119.654413, 42.734177], [-119.659309, 42.734197], [-119.659363, 42.730528], [-119.659416, 42.726858], [-119.65947, 42.723188], [-119.659523, 42.719519], [-119.654608, 42.719554]]]}}, {"type": "Feature", "properties": {"PLSSID": "OR330330S0260E0", "FRSTDIVID": "OR330330S0260E0SN110", "FRSTDIVTYP": "SN", "FRSTDIVNO": "11"}, "geometry": {"type": "Polygon", "coordinates": [[[-119.619472, 42.719781], [-119.619473, 42.723306], [-119.619473, 42.723403], [-119.619474, 42.726961], [-119.619474, 42.727026], [-119.619475, 42.730615], [-119.619475, 42.730632], [-119.619475, 42.730648], [-119.619476, 42.73427], [-119.624538, 42.734301], [-119.624691, 42.734301], [-119.626074, 42.734309], [-119.629598, 42.73433], [-119.629905, 42.734332], [-119.631327, 42.734338], [-119.634661, 42.734249], [-119.634814, 42.734244], [-119.639724, 42.734116], [-119.639572, 42.730501], [-119.639419, 42.726886], [-119.63964, 42.723273], [-119.639861, 42.719661], [-119.634946, 42.719658], [-119.630032, 42.719655], [-119.626075, 42.719653], [-119.625733, 42.719653], [-119.624751, 42.719653], [-119.624383, 42.719653], [-119.619472, 42.719651], [-119.619472, 42.719781]]]}}, {"type": "Feature", "properties": {"PLSSID": "OR330330S0260E0", "FRSTDIVID": "OR330330S0260E0SN120", "FRSTDIVTYP": "SN", "FRSTDIVNO": "12"}, "geometry": {"type": "Polygon", "coordinates": [[[-119.599949, 42.723315], [-119.599957, 42.726919], [-119.599966, 42.730523], [-119.599967, 42.730952], [-119.599932, 42.734127], [-119.604191, 42.734146], [-119.604821, 42.734148], [-119.609706, 42.734189], [-119.614591, 42.73423], [-119.619476, 42.73427], [-119.619475, 42.730648], [-119.619475, 42.730632], [-119.619475, 42.730615], [-119.619474, 42.727026], [-119.619474, 42.726961], [-119.619473, 42.723403], [-119.619473, 42.723306], [-119.619472, 42.719781], [-119.614597, 42.719757], [-119.609722, 42.719733], [-119.604831, 42.719722], [-119.59994, 42.719712], [-119.599949, 42.723315]]]}}, {"type": "Feature", "properties": {"PLSSID": "OR330330S0260E0", "FRSTDIVID": "OR330330S0260E0SN130", "FRSTDIVTYP": "SN", "FRSTDIVNO": "13"}, "geometry": {"type": "Polygon", "coordinates": [[[-119.599913, 42.708873], [-119.599922, 42.712486], [-119.599931, 42.716099], [-119.59994, 42.719712], [-119.604831, 42.719722], [-119.609722, 42.719733], [-119.614597, 42.719757], [-119.619472, 42.719781], [-119.619472, 42.719651], [-119.619471, 42.716161], [-119.619471, 42.71603], [-119.61947, 42.71254], [-119.61947, 42.712051], [-119.619469, 42.708919], [-119.619469, 42.708431], [-119.619468, 42.705299], [-119.614577, 42.705289], [-119.609686, 42.70528], [-119.604795, 42.70527], [-119.599905, 42.70526], [-119.599913, 42.708873]]]}}, {"type": "Feature", "properties": {"PLSSID": "OR330330S0260E0", "FRSTDIVID": "OR330330S0260E0SN140", "FRSTDIVTYP": "SN", "FRSTDIVNO": "14"}, "geometry": {"type": "Polygon", "coordinates": [[[-119.634894, 42.704805], [-119.634109, 42.704806], [-119.629998, 42.704807], [-119.629225, 42.704808], [-119.626075, 42.704809], [-119.624359, 42.704809], [-119.624353, 42.704809], [-119.624347, 42.704809], [-119.619468, 42.70481], [-119.619468, 42.705299], [-119.619469, 42.708431], [-119.619469, 42.708919], [-119.61947, 42.712051], [-119.61947, 42.71254], [-119.619471, 42.71603], [-119.619471, 42.716161], [-119.619472, 42.719651], [-119.624383, 42.719653], [-119.624751, 42.719653], [-119.625733, 42.719653], [-119.626075, 42.719653], [-119.630032, 42.719655], [-119.634946, 42.719658], [-119.639861, 42.719661], [-119.639828, 42.716047], [-119.639796, 42.712523], [-119.639796, 42.712233], [-119.639796, 42.712034], [-119.639793, 42.708519], [-119.639793, 42.70842], [-119.639789, 42.704805], [-119.638992, 42.704803], [-119.634894, 42.704805]]]}}, {"type": "Feature", "properties": {"PLSSID": "OR330330S0260E0", "FRSTDIVID": "OR330330S0260E0SN150", "FRSTDIVTYP": "SN", "FRSTDIVNO": "15"}, "geometry": {"type": "Polygon", "coordinates": [[[-119.639793, 42.70842], [-119.639793, 42.708519], [-119.639796, 42.712034], [-119.639796, 42.712233], [-119.639796, 42.712523], [-119.639828, 42.716047], [-119.639861, 42.719661], [-119.644776, 42.719625], [-119.649692, 42.71959], [-119.654608, 42.719554], [-119.659523, 42.719519], [-119.65935, 42.715906], [-119.659176, 42.712294], [-119.659002, 42.708682], [-119.658828, 42.705069], [-119.656309, 42.704867], [-119.654065, 42.70486], [-119.653668, 42.704859], [-119.649308, 42.704841], [-119.648777, 42.70484], [-119.64455, 42.704823], [-119.643885, 42.704821], [-119.639789, 42.704805], [-119.639793, 42.70842]]]}}, {"type": "Feature", "properties": {"PLSSID": "OR330330S0260E0", "FRSTDIVID": "OR330330S0260E0SN160", "FRSTDIVTYP": "SN", "FRSTDIVNO": "16"}, "geometry": {"type": "Polygon", "coordinates": [[[-119.673925, 42.704954], [-119.668893, 42.704992], [-119.66386, 42.705031], [-119.658828, 42.705069], [-119.659002, 42.708682], [-119.659176, 42.712294], [-119.65935, 42.715906], [-119.659523, 42.719519], [-119.664419, 42.71951], [-119.669315, 42.719502], [-119.674211, 42.719493], [-119.679107, 42.719485], [-119.679069, 42.715842], [-119.679032, 42.7122], [-119.678995, 42.708558], [-119.678957, 42.704915], [-119.673925, 42.704954]]]}}, {"type": "Feature", "properties": {"PLSSID": "OR330330S0260E0", "FRSTDIVID": "OR330330S0260E0SN170", "FRSTDIVTYP": "SN", "FRSTDIVNO": "17"}, "geometry": {"type": "Polygon", "coordinates": [[[-119.693959, 42.704877], [-119.688958, 42.704889], [-119.683958, 42.704902], [-119.678957, 42.704915], [-119.678995, 42.708558], [-119.679032, 42.7122], [-119.679069, 42.715842], [-119.679107, 42.719485], [-119.684049, 42.719489], [-119.688992, 42.719493], [-119.693934, 42.719497], [-119.698877, 42.719501], [-119.698897, 42.715842], [-119.698918, 42.712182], [-119.698938, 42.708523], [-119.698959, 42.704864], [-119.693959, 42.704877]]]}}, {"type": "Feature", "properties": {"PLSSID": "OR330330S0260E0", "FRSTDIVID": "OR330330S0260E0SN180", "FRSTDIVTYP": "SN", "FRSTDIVNO": "18"}, "geometry": {"type": "Polygon", "coordinates": [[[-119.703906, 42.704853], [-119.698959, 42.704864], [-119.698938, 42.708523], [-119.698918, 42.712182], [-119.698897, 42.715842], [-119.698877, 42.719501], [-119.703799, 42.719476], [-119.706124, 42.719467], [-119.706126, 42.71735], [-119.706131, 42.715813], [-119.706137, 42.713701], [-119.706142, 42.71216], [-119.706148, 42.710049], [-119.706152, 42.708506], [-119.706158, 42.706398], [-119.706163, 42.704851], [-119.703906, 42.704853]]]}}, {"type": "Feature", "properties": {"PLSSID": "OR330330S0260E0", "FRSTDIVID": "OR330330S0260E0SN190", "FRSTDIVTYP": "SN", "FRSTDIVNO": "19"}, "geometry": {"type": "Polygon", "coordinates": [[[-119.703858, 42.690208], [-119.69893, 42.690253], [-119.698937, 42.693906], [-119.698944, 42.697559], [-119.698952, 42.701211], [-119.698959, 42.704864], [-119.703906, 42.704853], [-119.706163, 42.704851], [-119.706169, 42.702747], [-119.70616, 42.701186], [-119.706147, 42.699123], [-119.706138, 42.697521], [-119.706126, 42.695499], [-119.706137, 42.693856], [-119.706151, 42.691772], [-119.706162, 42.690191], [-119.703858, 42.690208]]]}}, {"type": "Feature", "properties": {"PLSSID": "OR330330S0260E0", "FRSTDIVID": "OR330330S0260E0SN200", "FRSTDIVTYP": "SN", "FRSTDIVNO": "20"}, "geometry": {"type": "Polygon", "coordinates": [[[-119.679087, 42.693883], [-119.679044, 42.69756], [-119.679001, 42.701238], [-119.678957, 42.704915], [-119.683958, 42.704902], [-119.688958, 42.704889], [-119.693959, 42.704877], [-119.698959, 42.704864], [-119.698952, 42.701211], [-119.698944, 42.697559], [-119.698937, 42.693906], [-119.69893, 42.690253], [-119.694006, 42.690266], [-119.689083, 42.690278], [-119.684107, 42.690241], [-119.679131, 42.690205], [-119.679087, 42.693883]]]}}, {"type": "Feature", "properties": {"PLSSID": "OR330330S0260E0", "FRSTDIVID": "OR330330S0260E0SN210", "FRSTDIVTYP": "SN", "FRSTDIVNO": "21"}, "geometry": {"type": "Polygon", "coordinates": [[[-119.674159, 42.690289], [-119.669188, 42.690373], [-119.664202, 42.6904], [-119.659216, 42.690426], [-119.659119, 42.694087], [-119.659022, 42.697748], [-119.658925, 42.701409], [-119.658828, 42.705069], [-119.66386, 42.705031], [-119.668893, 42.704992], [-119.673925, 42.704954], [-119.678957, 42.704915], [-119.679001, 42.701238], [-119.679044, 42.69756], [-119.679087, 42.693883], [-119.679131, 42.690205], [-119.674159, 42.690289]]]}}, {"type": "Feature", "properties": {"PLSSID": "OR330330S0260E0", "FRSTDIVID": "OR330330S0260E0SN220", "FRSTDIVTYP": "SN", "FRSTDIVNO": "22"}, "geometry": {"type": "Polygon", "coordinates": [[[-119.638998, 42.69396], [-119.638996, 42.697575], [-119.638994, 42.701189], [-119.638992, 42.704803], [-119.639789, 42.704805], [-119.643885, 42.704821], [-119.64455, 42.704823], [-119.648777, 42.70484], [-119.649308, 42.704841], [-119.653668, 42.704859], [-119.654065, 42.70486], [-119.656309, 42.704867], [-119.658828, 42.705069], [-119.658925, 42.701409], [-119.659022, 42.697748], [-119.659119, 42.694087], [-119.659216, 42.690426], [-119.656245, 42.690418], [-119.653718, 42.69041], [-119.648811, 42.690392], [-119.643905, 42.690369], [-119.639, 42.690346], [-119.638998, 42.69396]]]}}, {"type": "Feature", "properties": {"PLSSID": "OR330330S0260E0", "FRSTDIVID": "OR330330S0260E0SN230", "FRSTDIVTYP": "SN", "FRSTDIVNO": "23"}, "geometry": {"type": "Polygon", "coordinates": [[[-119.619507, 42.690727], [-119.619497, 42.693944], [-119.619497, 42.69437], [-119.619487, 42.697566], [-119.619487, 42.698013], [-119.619477, 42.701188], [-119.619477, 42.701656], [-119.619468, 42.70481], [-119.624347, 42.704809], [-119.624353, 42.704809], [-119.624359, 42.704809], [-119.626075, 42.704809], [-119.629225, 42.704808], [-119.629998, 42.704807], [-119.634109, 42.704806], [-119.634894, 42.704805], [-119.638992, 42.704803], [-119.638994, 42.701189], [-119.638996, 42.697575], [-119.638998, 42.69396], [-119.639, 42.690346], [-119.634126, 42.69034], [-119.629253, 42.690334], [-119.626075, 42.69033], [-119.62438, 42.690328], [-119.619507, 42.690322], [-119.619507, 42.690727]]]}}, {"type": "Feature", "properties": {"PLSSID": "OR330330S0260E0", "FRSTDIVID": "OR330330S0260E0SN240", "FRSTDIVTYP": "SN", "FRSTDIVNO": "24"}, "geometry": {"type": "Polygon", "coordinates": [[[-119.609919, 42.690757], [-119.609768, 42.690758], [-119.605016, 42.690794], [-119.600112, 42.690831], [-119.599995, 42.694397], [-119.599883, 42.697812], [-119.599878, 42.697964], [-119.599889, 42.698627], [-119.599896, 42.701612], [-119.599905, 42.70526], [-119.604795, 42.70527], [-119.609686, 42.70528], [-119.614577, 42.705289], [-119.619468, 42.705299], [-119.619468, 42.70481], [-119.619477, 42.701656], [-119.619477, 42.701188], [-119.619487, 42.698013], [-119.619487, 42.697566], [-119.619497, 42.69437], [-119.619497, 42.693944], [-119.619507, 42.690727], [-119.614714, 42.690726], [-119.610989, 42.690725], [-119.609919, 42.690757]]]}}, {"type": "Feature", "properties": {"PLSSID": "OR330330S0260E0", "FRSTDIVID": "OR330330S0260E0SN250", "FRSTDIVTYP": "SN", "FRSTDIVNO": "25"}, "geometry": {"type": "Polygon", "coordinates": [[[-119.600112, 42.690831], [-119.605016, 42.690794], [-119.609768, 42.690758], [-119.609919, 42.690757], [-119.610989, 42.690725], [-119.614714, 42.690726], [-119.619507, 42.690727], [-119.619507, 42.690322], [-119.619517, 42.687072], [-119.619517, 42.686671], [-119.619527, 42.683417], [-119.619527, 42.683021], [-119.619535, 42.679792], [-119.619536, 42.679466], [-119.619536, 42.678866], [-119.619664, 42.676761], [-119.619704, 42.676118], [-119.615001, 42.676248], [-119.610299, 42.676379], [-119.605238, 42.676384], [-119.600177, 42.67639], [-119.600161, 42.68], [-119.600144, 42.68361], [-119.600128, 42.68722], [-119.600112, 42.690831]]]}}, {"type": "Feature", "properties": {"PLSSID": "OR330330S0260E0", "FRSTDIVID": "OR330330S0260E0SN260", "FRSTDIVTYP": "SN", "FRSTDIVNO": "26"}, "geometry": {"type": "Polygon", "coordinates": [[[-119.620519, 42.676044], [-119.619704, 42.676118], [-119.619664, 42.676761], [-119.619536, 42.678866], [-119.619536, 42.679466], [-119.619535, 42.679792], [-119.619527, 42.683021], [-119.619527, 42.683417], [-119.619517, 42.686671], [-119.619517, 42.687072], [-119.619507, 42.690322], [-119.62438, 42.690328], [-119.626075, 42.69033], [-119.629253, 42.690334], [-119.634126, 42.69034], [-119.639, 42.690346], [-119.638973, 42.686739], [-119.638947, 42.683132], [-119.638921, 42.679526], [-119.638895, 42.675919], [-119.634104, 42.675893], [-119.633981, 42.675893], [-119.629315, 42.675869], [-119.62907, 42.675868], [-119.626075, 42.675855], [-119.624378, 42.675848], [-119.624256, 42.675848], [-119.622724, 42.675844], [-119.620519, 42.676044]]]}}, {"type": "Feature", "properties": {"PLSSID": "OR330330S0260E0", "FRSTDIVID": "OR330330S0260E0SN270", "FRSTDIVTYP": "SN", "FRSTDIVNO": "27"}, "geometry": {"type": "Polygon", "coordinates": [[[-119.658583, 42.675898], [-119.653668, 42.675901], [-119.64875, 42.675905], [-119.643823, 42.675912], [-119.638895, 42.675919], [-119.638921, 42.679526], [-119.638947, 42.683132], [-119.638973, 42.686739], [-119.639, 42.690346], [-119.643905, 42.690369], [-119.648811, 42.690392], [-119.653718, 42.69041], [-119.656245, 42.690418], [-119.659216, 42.690426], [-119.659192, 42.689974], [-119.659189, 42.68679], [-119.659186, 42.683155], [-119.65918, 42.679526], [-119.659174, 42.675898], [-119.658583, 42.675898]]]}}, {"type": "Feature", "properties": {"PLSSID": "OR330330S0260E0", "FRSTDIVID": "OR330330S0260E0SN280", "FRSTDIVTYP": "SN", "FRSTDIVNO": "28"}, "geometry": {"type": "Polygon", "coordinates": [[[-119.673982, 42.675663], [-119.669051, 42.675677], [-119.664069, 42.675789], [-119.659211, 42.675898], [-119.659174, 42.675898], [-119.65918, 42.679526], [-119.659186, 42.683155], [-119.659189, 42.68679], [-119.659192, 42.689974], [-119.659216, 42.690426], [-119.664202, 42.6904], [-119.669188, 42.690373], [-119.674159, 42.690289], [-119.679131, 42.690205], [-119.679076, 42.686566], [-119.679022, 42.682927], [-119.678968, 42.679288], [-119.678913, 42.675648], [-119.673982, 42.675663]]]}}, {"type": "Feature", "properties": {"PLSSID": "OR330330S0260E0", "FRSTDIVID": "OR330330S0260E0SN290", "FRSTDIVTYP": "SN", "FRSTDIVNO": "29"}, "geometry": {"type": "Polygon", "coordinates": [[[-119.693776, 42.675554], [-119.688822, 42.675585], [-119.683868, 42.675617], [-119.678913, 42.675648], [-119.678968, 42.679288], [-119.679022, 42.682927], [-119.679076, 42.686566], [-119.679131, 42.690205], [-119.684107, 42.690241], [-119.689083, 42.690278], [-119.694006, 42.690266], [-119.69893, 42.690253], [-119.69888, 42.686571], [-119.69883, 42.682888], [-119.69878, 42.679205], [-119.69873, 42.675522], [-119.693776, 42.675554]]]}}, {"type": "Feature", "properties": {"PLSSID": "OR330330S0260E0", "FRSTDIVID": "OR330330S0260E0SN300", "FRSTDIVTYP": "SN", "FRSTDIVNO": "30"}, "geometry": {"type": "Polygon", "coordinates": [[[-119.703276, 42.675229], [-119.69873, 42.675522], [-119.69878, 42.679205], [-119.69883, 42.682888], [-119.69888, 42.686571], [-119.69893, 42.690253], [-119.703858, 42.690208], [-119.706162, 42.690191], [-119.706177, 42.688045], [-119.706113, 42.686434], [-119.706036, 42.684486], [-119.705964, 42.682678], [-119.705894, 42.680926], [-119.705638, 42.678921], [-119.705395, 42.677015], [-119.705252, 42.675896], [-119.705458, 42.675164], [-119.703276, 42.675229]]]}}, {"type": "Feature", "properties": {"PLSSID": "OR330330S0260E0", "FRSTDIVID": "OR330330S0260E0SN310", "FRSTDIVTYP": "SN", "FRSTDIVNO": "31"}, "geometry": {"type": "Polygon", "coordinates": [[[-119.703899, 42.660272], [-119.702438, 42.660299], [-119.698933, 42.660362], [-119.698849, 42.664263], [-119.698766, 42.668164], [-119.698748, 42.671843], [-119.69873, 42.675522], [-119.703276, 42.675229], [-119.705458, 42.675164], [-119.705726, 42.67421], [-119.706035, 42.673104], [-119.706076, 42.671431], [-119.706124, 42.669515], [-119.706169, 42.667698], [-119.706213, 42.665925], [-119.706202, 42.663964], [-119.706193, 42.662302], [-119.706181, 42.660231], [-119.703899, 42.660272]]]}}, {"type": "Feature", "properties": {"PLSSID": "OR330330S0260E0", "FRSTDIVID": "OR330330S0260E0SN320", "FRSTDIVTYP": "SN", "FRSTDIVNO": "32"}, "geometry": {"type": "Polygon", "coordinates": [[[-119.697538, 42.660367], [-119.693942, 42.660378], [-119.692641, 42.660383], [-119.68895, 42.660395], [-119.687778, 42.660414], [-119.687744, 42.660414], [-119.686364, 42.660436], [-119.683962, 42.660477], [-119.682848, 42.660496], [-119.678966, 42.660562], [-119.678963, 42.663016], [-119.678961, 42.664841], [-119.678951, 42.668451], [-119.678932, 42.67205], [-119.678913, 42.675648], [-119.683868, 42.675617], [-119.688822, 42.675585], [-119.693776, 42.675554], [-119.69873, 42.675522], [-119.698748, 42.671843], [-119.698766, 42.668164], [-119.698849, 42.664263], [-119.698933, 42.660362], [-119.697538, 42.660367]]]}}, {"type": "Feature", "properties": {"PLSSID": "OR330330S0260E0", "FRSTDIVID": "OR330330S0260E0SN330", "FRSTDIVTYP": "SN", "FRSTDIVNO": "33"}, "geometry": {"type": "Polygon", "coordinates": [[[-119.677952, 42.66058], [-119.674063, 42.660646], [-119.673041, 42.660663], [-119.669159, 42.660729], [-119.668129, 42.660747], [-119.664257, 42.660813], [-119.663217, 42.660831], [-119.658597, 42.660909], [-119.658595, 42.665071], [-119.658593, 42.668685], [-119.658588, 42.672292], [-119.658583, 42.675898], [-119.659174, 42.675898], [-119.659211, 42.675898], [-119.664069, 42.675789], [-119.669051, 42.675677], [-119.673982, 42.675663], [-119.678913, 42.675648], [-119.678932, 42.67205], [-119.678951, 42.668451], [-119.678961, 42.664841], [-119.678963, 42.663016], [-119.678966, 42.660562], [-119.677952, 42.66058]]]}}, {"type": "Feature", "properties": {"PLSSID": "OR330330S0260E0", "FRSTDIVID": "OR330330S0260E0SN340", "FRSTDIVTYP": "SN", "FRSTDIVNO": "34"}, "geometry": {"type": "Polygon", "coordinates": [[[-119.658306, 42.660915], [-119.653695, 42.661001], [-119.653396, 42.661007], [-119.648791, 42.661093], [-119.648487, 42.661099], [-119.643888, 42.661185], [-119.643579, 42.661191], [-119.638984, 42.661277], [-119.638961, 42.664937], [-119.638961, 42.665108], [-119.63894, 42.668598], [-119.63894, 42.668712], [-119.638918, 42.672259], [-119.638918, 42.672316], [-119.638895, 42.675919], [-119.643823, 42.675912], [-119.64875, 42.675905], [-119.653668, 42.675901], [-119.658583, 42.675898], [-119.658588, 42.672292], [-119.658593, 42.668685], [-119.658595, 42.665071], [-119.658597, 42.660909], [-119.658306, 42.660915]]]}}, {"type": "Feature", "properties": {"PLSSID": "OR330330S0260E0", "FRSTDIVID": "OR330330S0260E0SN350", "FRSTDIVTYP": "SN", "FRSTDIVNO": "35"}, "geometry": {"type": "Polygon", "coordinates": [[[-119.619704, 42.676118], [-119.620519, 42.676044], [-119.622724, 42.675844], [-119.624256, 42.675848], [-119.624378, 42.675848], [-119.626075, 42.675855], [-119.62907, 42.675868], [-119.629315, 42.675869], [-119.633981, 42.675893], [-119.634104, 42.675893], [-119.638895, 42.675919], [-119.638918, 42.672316], [-119.638918, 42.672259], [-119.63894, 42.668712], [-119.63894, 42.668598], [-119.638961, 42.665108], [-119.638961, 42.664937], [-119.638984, 42.661277], [-119.638678, 42.661279], [-119.638675, 42.661279], [-119.634373, 42.661296], [-119.63437, 42.661296], [-119.634216, 42.661297], [-119.634213, 42.661297], [-119.630688, 42.661312], [-119.630685, 42.661312], [-119.630271, 42.661281], [-119.630268, 42.66128], [-119.629754, 42.661242], [-119.62975, 42.661242], [-119.626073, 42.661384], [-119.624614, 42.66144], [-119.624611, 42.66144], [-119.619474, 42.661638], [-119.619532, 42.665258], [-119.619589, 42.668878], [-119.619646, 42.672498], [-119.619704, 42.676118]]]}}, {"type": "Feature", "properties": {"PLSSID": "OR330330S0260E0", "FRSTDIVID": "OR330330S0260E0SN360", "FRSTDIVTYP": "SN", "FRSTDIVNO": "36"}, "geometry": {"type": "Polygon", "coordinates": [[[-119.619472, 42.661638], [-119.614607, 42.661665], [-119.609739, 42.661692], [-119.604872, 42.661719], [-119.600004, 42.661745], [-119.600047, 42.665406], [-119.600091, 42.669068], [-119.600134, 42.672729], [-119.600177, 42.67639], [-119.605238, 42.676384], [-119.610299, 42.676379], [-119.615001, 42.676248], [-119.619704, 42.676118], [-119.619646, 42.672498], [-119.619589, 42.668878], [-119.619532, 42.665258], [-119.619474, 42.661638], [-119.619472, 42.661638]]]}}, {"type": "Feature", "properties": {"PLSSID": "OR330330S0250E0", "FRSTDIVID": "OR330330S0250E0SN010", "FRSTDIVTYP": "SN", "FRSTDIVNO": "01"}, "geometry": {"type": "Polygon", "coordinates": [[[-119.706091, 42.734276], [-119.706072, 42.735645], [-119.706041, 42.737896], [-119.706022, 42.739306], [-119.705991, 42.741516], [-119.705999, 42.742958], [-119.706011, 42.74517], [-119.706019, 42.746611], [-119.710964, 42.746613], [-119.71591, 42.746614], [-119.720873, 42.746623], [-119.725836, 42.746631], [-119.725851, 42.742929], [-119.725866, 42.739265], [-119.725878, 42.7356], [-119.72589, 42.731936], [-119.720986, 42.731974], [-119.716081, 42.732011], [-119.711076, 42.731997], [-119.706071, 42.731983], [-119.706091, 42.734276]]]}}, {"type": "Feature", "properties": {"PLSSID": "OR330330S0250E0", "FRSTDIVID": "OR330330S0250E0SN020", "FRSTDIVTYP": "SN", "FRSTDIVNO": "02"}, "geometry": {"type": "Polygon", "coordinates": [[[-119.725878, 42.7356], [-119.725866, 42.739265], [-119.725851, 42.742929], [-119.725836, 42.746631], [-119.73074, 42.746634], [-119.735643, 42.746636], [-119.740639, 42.746664], [-119.745635, 42.746691], [-119.745638, 42.74306], [-119.745642, 42.739396], [-119.745645, 42.735732], [-119.745648, 42.732067], [-119.740709, 42.732035], [-119.73577, 42.732002], [-119.73083, 42.731969], [-119.72589, 42.731936], [-119.725878, 42.7356]]]}}, {"type": "Feature", "properties": {"PLSSID": "OR330330S0250E0", "FRSTDIVID": "OR330330S0250E0SN030", "FRSTDIVTYP": "SN", "FRSTDIVNO": "03"}, "geometry": {"type": "Polygon", "coordinates": [[[-119.745645, 42.735732], [-119.745642, 42.739396], [-119.745638, 42.74306], [-119.745635, 42.746691], [-119.750566, 42.746701], [-119.751078, 42.746701], [-119.755497, 42.74671], [-119.760479, 42.746743], [-119.765461, 42.746775], [-119.765441, 42.743145], [-119.765421, 42.739466], [-119.765401, 42.735789], [-119.765381, 42.732111], [-119.760448, 42.7321], [-119.755515, 42.732089], [-119.751079, 42.732079], [-119.750582, 42.732078], [-119.745648, 42.732067], [-119.745645, 42.735732]]]}}, {"type": "Feature", "properties": {"PLSSID": "OR330330S0250E0", "FRSTDIVID": "OR330330S0250E0SN040", "FRSTDIVTYP": "SN", "FRSTDIVNO": "04"}, "geometry": {"type": "Polygon", "coordinates": [[[-119.765401, 42.735789], [-119.765421, 42.739466], [-119.765441, 42.743145], [-119.765461, 42.746775], [-119.770414, 42.746798], [-119.775366, 42.74682], [-119.780325, 42.746843], [-119.785283, 42.746867], [-119.785258, 42.743244], [-119.785234, 42.73956], [-119.785208, 42.735879], [-119.785183, 42.732197], [-119.780233, 42.732175], [-119.775282, 42.732154], [-119.770332, 42.732132], [-119.765381, 42.732111], [-119.765401, 42.735789]]]}}, {"type": "Feature", "properties": {"PLSSID": "OR330330S0250E0", "FRSTDIVID": "OR330330S0250E0SN050", "FRSTDIVTYP": "SN", "FRSTDIVNO": "05"}, "geometry": {"type": "Polygon", "coordinates": [[[-119.785208, 42.735879], [-119.785234, 42.73956], [-119.785258, 42.743244], [-119.785283, 42.746867], [-119.790242, 42.746887], [-119.795201, 42.746907], [-119.800152, 42.74693], [-119.805102, 42.746954], [-119.805093, 42.743291], [-119.805084, 42.739603], [-119.805075, 42.735916], [-119.805065, 42.73223], [-119.800094, 42.732222], [-119.795124, 42.732213], [-119.790153, 42.732205], [-119.785183, 42.732197], [-119.785208, 42.735879]]]}}, {"type": "Feature", "properties": {"PLSSID": "OR330330S0250E0", "FRSTDIVID": "OR330330S0250E0SN060", "FRSTDIVTYP": "SN", "FRSTDIVNO": "06"}, "geometry": {"type": "Polygon", "coordinates": [[[-119.819978, 42.732228], [-119.815005, 42.732229], [-119.810035, 42.732229], [-119.805065, 42.73223], [-119.805075, 42.735916], [-119.805084, 42.739603], [-119.805093, 42.743291], [-119.805102, 42.746954], [-119.810063, 42.746982], [-119.815024, 42.747009], [-119.819995, 42.747012], [-119.825114, 42.747015], [-119.825123, 42.74331], [-119.825133, 42.739606], [-119.825109, 42.735916], [-119.825085, 42.732226], [-119.819978, 42.732228]]]}}, {"type": "Feature", "properties": {"PLSSID": "OR330330S0250E0", "FRSTDIVID": "OR330330S0250E0SN070", "FRSTDIVTYP": "SN", "FRSTDIVNO": "07"}, "geometry": {"type": "Polygon", "coordinates": [[[-119.820207, 42.717446], [-119.815226, 42.717461], [-119.810244, 42.717474], [-119.807753, 42.71748], [-119.805262, 42.717486], [-119.805238, 42.719329], [-119.805213, 42.721172], [-119.805164, 42.724858], [-119.805139, 42.726701], [-119.805114, 42.728544], [-119.805065, 42.73223], [-119.810035, 42.732229], [-119.815005, 42.732229], [-119.819978, 42.732228], [-119.825085, 42.732226], [-119.825121, 42.728528], [-119.825157, 42.724829], [-119.825193, 42.72113], [-119.825229, 42.717431], [-119.820207, 42.717446]]]}}, {"type": "Feature", "properties": {"PLSSID": "OR330330S0250E0", "FRSTDIVID": "OR330330S0250E0SN080", "FRSTDIVTYP": "SN", "FRSTDIVNO": "08"}, "geometry": {"type": "Polygon", "coordinates": [[[-119.785352, 42.721151], [-119.785296, 42.724833], [-119.785239, 42.728515], [-119.785183, 42.732197], [-119.790153, 42.732205], [-119.795124, 42.732213], [-119.800094, 42.732222], [-119.805065, 42.73223], [-119.805114, 42.728544], [-119.805139, 42.726701], [-119.805164, 42.724858], [-119.805213, 42.721172], [-119.805238, 42.719329], [-119.805262, 42.717486], [-119.800299, 42.717482], [-119.795336, 42.717478], [-119.790372, 42.717473], [-119.785409, 42.717469], [-119.785352, 42.721151]]]}}, {"type": "Feature", "properties": {"PLSSID": "OR330330S0250E0", "FRSTDIVID": "OR330330S0250E0SN090", "FRSTDIVTYP": "SN", "FRSTDIVNO": "09"}, "geometry": {"type": "Polygon", "coordinates": [[[-119.76553, 42.721078], [-119.765481, 42.724755], [-119.765431, 42.728433], [-119.765381, 42.732111], [-119.770332, 42.732132], [-119.775282, 42.732154], [-119.780233, 42.732175], [-119.785183, 42.732197], [-119.785239, 42.728515], [-119.785296, 42.724833], [-119.785352, 42.721151], [-119.785409, 42.717469], [-119.780451, 42.717452], [-119.775494, 42.717435], [-119.770537, 42.717417], [-119.76558, 42.7174], [-119.76553, 42.721078]]]}}, {"type": "Feature", "properties": {"PLSSID": "OR330330S0250E0", "FRSTDIVID": "OR330330S0250E0SN100", "FRSTDIVTYP": "SN", "FRSTDIVNO": "10"}, "geometry": {"type": "Polygon", "coordinates": [[[-119.760625, 42.717403], [-119.755671, 42.717406], [-119.751079, 42.717409], [-119.750716, 42.717409], [-119.745762, 42.717412], [-119.745734, 42.721076], [-119.745705, 42.72474], [-119.745677, 42.728404], [-119.745648, 42.732067], [-119.750582, 42.732078], [-119.751079, 42.732079], [-119.755515, 42.732089], [-119.760448, 42.7321], [-119.765381, 42.732111], [-119.765431, 42.728433], [-119.765481, 42.724755], [-119.76553, 42.721078], [-119.76558, 42.7174], [-119.760625, 42.717403]]]}}, {"type": "Feature", "properties": {"PLSSID": "OR330330S0250E0", "FRSTDIVID": "OR330330S0250E0SN110", "FRSTDIVTYP": "SN", "FRSTDIVNO": "11"}, "geometry": {"type": "Polygon", "coordinates": [[[-119.725846, 42.72093], [-119.725736, 42.724587], [-119.725813, 42.728261], [-119.72589, 42.731936], [-119.73083, 42.731969], [-119.73577, 42.732002], [-119.740709, 42.732035], [-119.745648, 42.732067], [-119.745677, 42.728404], [-119.745705, 42.72474], [-119.745734, 42.721076], [-119.745762, 42.717412], [-119.740811, 42.717377], [-119.735859, 42.717342], [-119.730908, 42.717307], [-119.725957, 42.717272], [-119.725846, 42.72093]]]}}, {"type": "Feature", "properties": {"PLSSID": "OR330330S0250E0", "FRSTDIVID": "OR330330S0250E0SN120", "FRSTDIVTYP": "SN", "FRSTDIVNO": "12"}, "geometry": {"type": "Polygon", "coordinates": [[[-119.720999, 42.717291], [-119.716042, 42.717311], [-119.711084, 42.717331], [-119.706126, 42.71735], [-119.706124, 42.719467], [-119.706123, 42.721001], [-119.706121, 42.723169], [-119.70612, 42.724651], [-119.706105, 42.726871], [-119.706095, 42.728317], [-119.70608, 42.730574], [-119.706071, 42.731983], [-119.711076, 42.731997], [-119.716081, 42.732011], [-119.720986, 42.731974], [-119.72589, 42.731936], [-119.725813, 42.728261], [-119.725736, 42.724587], [-119.725846, 42.72093], [-119.725957, 42.717272], [-119.720999, 42.717291]]]}}, {"type": "Feature", "properties": {"PLSSID": "OR330330S0250E0", "FRSTDIVID": "OR330330S0250E0SN130", "FRSTDIVTYP": "SN", "FRSTDIVNO": "13"}, "geometry": {"type": "Polygon", "coordinates": [[[-119.721001, 42.702667], [-119.716057, 42.702694], [-119.711113, 42.70272], [-119.706169, 42.702747], [-119.706163, 42.704851], [-119.706158, 42.706398], [-119.706152, 42.708506], [-119.706148, 42.710049], [-119.706142, 42.71216], [-119.706137, 42.713701], [-119.706131, 42.715813], [-119.706126, 42.71735], [-119.711084, 42.717331], [-119.716042, 42.717311], [-119.720999, 42.717291], [-119.725957, 42.717272], [-119.725954, 42.713614], [-119.725951, 42.709957], [-119.725948, 42.706299], [-119.725945, 42.702641], [-119.721001, 42.702667]]]}}, {"type": "Feature", "properties": {"PLSSID": "OR330330S0250E0", "FRSTDIVID": "OR330330S0250E0SN140", "FRSTDIVTYP": "SN", "FRSTDIVNO": "14"}, "geometry": {"type": "Polygon", "coordinates": [[[-119.725948, 42.706299], [-119.725951, 42.709957], [-119.725954, 42.713614], [-119.725957, 42.717272], [-119.730908, 42.717307], [-119.735859, 42.717342], [-119.740811, 42.717377], [-119.745762, 42.717412], [-119.745755, 42.71375], [-119.745748, 42.710087], [-119.745742, 42.706425], [-119.745735, 42.702762], [-119.740787, 42.702732], [-119.73584, 42.702702], [-119.730892, 42.702671], [-119.725945, 42.702641], [-119.725948, 42.706299]]]}}, {"type": "Feature", "properties": {"PLSSID": "OR330330S0250E0", "FRSTDIVID": "OR330330S0250E0SN150", "FRSTDIVTYP": "SN", "FRSTDIVNO": "15"}, "geometry": {"type": "Polygon", "coordinates": [[[-119.760576, 42.702711], [-119.755629, 42.702728], [-119.751079, 42.702744], [-119.750682, 42.702745], [-119.745735, 42.702762], [-119.745742, 42.706425], [-119.745748, 42.710087], [-119.745755, 42.71375], [-119.745762, 42.717412], [-119.750716, 42.717409], [-119.751079, 42.717409], [-119.755671, 42.717406], [-119.760625, 42.717403], [-119.76558, 42.7174], [-119.765566, 42.713724], [-119.765552, 42.710047], [-119.765537, 42.706371], [-119.765523, 42.702695], [-119.760576, 42.702711]]]}}, {"type": "Feature", "properties": {"PLSSID": "OR330330S0250E0", "FRSTDIVID": "OR330330S0250E0SN160", "FRSTDIVTYP": "SN", "FRSTDIVNO": "16"}, "geometry": {"type": "Polygon", "coordinates": [[[-119.765537, 42.706371], [-119.765552, 42.710047], [-119.765566, 42.713724], [-119.76558, 42.7174], [-119.770537, 42.717417], [-119.775494, 42.717435], [-119.780451, 42.717452], [-119.785409, 42.717469], [-119.785404, 42.713788], [-119.7854, 42.710107], [-119.785396, 42.706427], [-119.785392, 42.702746], [-119.780425, 42.702733], [-119.775457, 42.70272], [-119.77049, 42.702707], [-119.765523, 42.702695], [-119.765537, 42.706371]]]}}, {"type": "Feature", "properties": {"PLSSID": "OR330330S0250E0", "FRSTDIVID": "OR330330S0250E0SN170", "FRSTDIVTYP": "SN", "FRSTDIVNO": "17"}, "geometry": {"type": "Polygon", "coordinates": [[[-119.785396, 42.706427], [-119.7854, 42.710107], [-119.785404, 42.713788], [-119.785409, 42.717469], [-119.790372, 42.717473], [-119.795336, 42.717478], [-119.800299, 42.717482], [-119.805262, 42.717486], [-119.805249, 42.713803], [-119.805236, 42.710119], [-119.805223, 42.706436], [-119.805209, 42.702752], [-119.800255, 42.702751], [-119.7953, 42.702749], [-119.790346, 42.702748], [-119.785392, 42.702746], [-119.785396, 42.706427]]]}}, {"type": "Feature", "properties": {"PLSSID": "OR330330S0250E0", "FRSTDIVID": "OR330330S0250E0SN180", "FRSTDIVTYP": "SN", "FRSTDIVNO": "18"}, "geometry": {"type": "Polygon", "coordinates": [[[-119.82011, 42.702696], [-119.815143, 42.702716], [-119.810176, 42.702734], [-119.805209, 42.702752], [-119.805223, 42.706436], [-119.805236, 42.710119], [-119.805249, 42.713803], [-119.805262, 42.717486], [-119.807753, 42.71748], [-119.810244, 42.717474], [-119.815226, 42.717461], [-119.820207, 42.717446], [-119.825229, 42.717431], [-119.825222, 42.713736], [-119.825219, 42.711888], [-119.825215, 42.710041], [-119.825191, 42.706359], [-119.825166, 42.702677], [-119.82011, 42.702696]]]}}, {"type": "Feature", "properties": {"PLSSID": "OR330330S0250E0", "FRSTDIVID": "OR330330S0250E0SN190", "FRSTDIVTYP": "SN", "FRSTDIVNO": "19"}, "geometry": {"type": "Polygon", "coordinates": [[[-119.820121, 42.687969], [-119.815163, 42.687987], [-119.810204, 42.688005], [-119.805245, 42.688023], [-119.805236, 42.691705], [-119.805227, 42.695388], [-119.805218, 42.69907], [-119.805209, 42.702752], [-119.810176, 42.702734], [-119.815143, 42.702716], [-119.82011, 42.702696], [-119.825166, 42.702677], [-119.825142, 42.698994], [-119.825118, 42.695312], [-119.825126, 42.691632], [-119.825135, 42.687951], [-119.820121, 42.687969]]]}}, {"type": "Feature", "properties": {"PLSSID": "OR330330S0250E0", "FRSTDIVID": "OR330330S0250E0SN200", "FRSTDIVTYP": "SN", "FRSTDIVNO": "20"}, "geometry": {"type": "Polygon", "coordinates": [[[-119.800294, 42.688024], [-119.795343, 42.688025], [-119.790392, 42.688026], [-119.785441, 42.688027], [-119.785429, 42.691707], [-119.785416, 42.695386], [-119.785404, 42.699066], [-119.785392, 42.702746], [-119.790346, 42.702748], [-119.7953, 42.702749], [-119.800255, 42.702751], [-119.805209, 42.702752], [-119.805218, 42.69907], [-119.805227, 42.695388], [-119.805236, 42.691705], [-119.805245, 42.688023], [-119.800294, 42.688024]]]}}, {"type": "Feature", "properties": {"PLSSID": "OR330330S0250E0", "FRSTDIVID": "OR330330S0250E0SN210", "FRSTDIVTYP": "SN", "FRSTDIVNO": "21"}, "geometry": {"type": "Polygon", "coordinates": [[[-119.765601, 42.691667], [-119.765575, 42.695343], [-119.765549, 42.699019], [-119.765523, 42.702695], [-119.77049, 42.702707], [-119.775457, 42.70272], [-119.780425, 42.702733], [-119.785392, 42.702746], [-119.785404, 42.699066], [-119.785416, 42.695386], [-119.785429, 42.691707], [-119.785441, 42.688027], [-119.780487, 42.688018], [-119.775534, 42.688009], [-119.77058, 42.688], [-119.765627, 42.687992], [-119.765601, 42.691667]]]}}, {"type": "Feature", "properties": {"PLSSID": "OR330330S0250E0", "FRSTDIVID": "OR330330S0250E0SN220", "FRSTDIVTYP": "SN", "FRSTDIVNO": "22"}, "geometry": {"type": "Polygon", "coordinates": [[[-119.760668, 42.688022], [-119.755709, 42.688052], [-119.751079, 42.688081], [-119.75075, 42.688083], [-119.745791, 42.688113], [-119.745777, 42.691776], [-119.745763, 42.695438], [-119.745749, 42.6991], [-119.745735, 42.702762], [-119.750682, 42.702745], [-119.751079, 42.702744], [-119.755629, 42.702728], [-119.760576, 42.702711], [-119.765523, 42.702695], [-119.765549, 42.699019], [-119.765575, 42.695343], [-119.765601, 42.691667], [-119.765627, 42.687992], [-119.760668, 42.688022]]]}}, {"type": "Feature", "properties": {"PLSSID": "OR330330S0250E0", "FRSTDIVID": "OR330330S0250E0SN230", "FRSTDIVTYP": "SN", "FRSTDIVNO": "23"}, "geometry": {"type": "Polygon", "coordinates": [[[-119.725993, 42.69167], [-119.725977, 42.695327], [-119.725961, 42.698984], [-119.725945, 42.702641], [-119.730892, 42.702671], [-119.73584, 42.702702], [-119.740787, 42.702732], [-119.745735, 42.702762], [-119.745749, 42.6991], [-119.745763, 42.695438], [-119.745777, 42.691776], [-119.745791, 42.688113], [-119.740846, 42.688088], [-119.7359, 42.688063], [-119.730954, 42.688038], [-119.726009, 42.688012], [-119.725993, 42.69167]]]}}, {"type": "Feature", "properties": {"PLSSID": "OR330330S0250E0", "FRSTDIVID": "OR330330S0250E0SN240", "FRSTDIVTYP": "SN", "FRSTDIVNO": "24"}, "geometry": {"type": "Polygon", "coordinates": [[[-119.721051, 42.68802], [-119.716093, 42.688028], [-119.711135, 42.688037], [-119.706177, 42.688045], [-119.706162, 42.690191], [-119.706151, 42.691772], [-119.706137, 42.693856], [-119.706126, 42.695499], [-119.706138, 42.697521], [-119.706147, 42.699123], [-119.70616, 42.701186], [-119.706169, 42.702747], [-119.711113, 42.70272], [-119.716057, 42.702694], [-119.721001, 42.702667], [-119.725945, 42.702641], [-119.725961, 42.698984], [-119.725977, 42.695327], [-119.725993, 42.69167], [-119.726009, 42.688012], [-119.721051, 42.68802]]]}}, {"type": "Feature", "properties": {"PLSSID": "OR330330S0250E0", "FRSTDIVID": "OR330330S0250E0SN250", "FRSTDIVTYP": "SN", "FRSTDIVNO": "25"}, "geometry": {"type": "Polygon", "coordinates": [[[-119.705726, 42.67421], [-119.705458, 42.675164], [-119.705252, 42.675896], [-119.705395, 42.677015], [-119.705638, 42.678921], [-119.705894, 42.680926], [-119.705964, 42.682678], [-119.706036, 42.684486], [-119.706113, 42.686434], [-119.706177, 42.688045], [-119.711135, 42.688037], [-119.716093, 42.688028], [-119.721051, 42.68802], [-119.726009, 42.688012], [-119.726008, 42.684355], [-119.726008, 42.680697], [-119.726008, 42.67704], [-119.726008, 42.673382], [-119.721015, 42.673313], [-119.716021, 42.673243], [-119.711028, 42.673174], [-119.706035, 42.673104], [-119.705726, 42.67421]]]}}, {"type": "Feature", "properties": {"PLSSID": "OR330330S0250E0", "FRSTDIVID": "OR330330S0250E0SN260", "FRSTDIVTYP": "SN", "FRSTDIVNO": "26"}, "geometry": {"type": "Polygon", "coordinates": [[[-119.726008, 42.67704], [-119.726008, 42.680697], [-119.726008, 42.684355], [-119.726009, 42.688012], [-119.730954, 42.688038], [-119.7359, 42.688063], [-119.740846, 42.688088], [-119.745791, 42.688113], [-119.745848, 42.68445], [-119.745904, 42.680787], [-119.74596, 42.677124], [-119.746016, 42.673461], [-119.741014, 42.673441], [-119.736012, 42.673422], [-119.73101, 42.673402], [-119.726008, 42.673382], [-119.726008, 42.67704]]]}}, {"type": "Feature", "properties": {"PLSSID": "OR330330S0250E0", "FRSTDIVID": "OR330330S0250E0SN270", "FRSTDIVTYP": "SN", "FRSTDIVNO": "27"}, "geometry": {"type": "Polygon", "coordinates": [[[-119.760876, 42.673331], [-119.755923, 42.673374], [-119.751079, 42.673417], [-119.75097, 42.673418], [-119.746016, 42.673461], [-119.74596, 42.677124], [-119.745904, 42.680787], [-119.745848, 42.68445], [-119.745791, 42.688113], [-119.75075, 42.688083], [-119.751079, 42.688081], [-119.755709, 42.688052], [-119.760668, 42.688022], [-119.765627, 42.687992], [-119.765677, 42.684316], [-119.765728, 42.680639], [-119.765779, 42.676963], [-119.765829, 42.673287], [-119.760876, 42.673331]]]}}, {"type": "Feature", "properties": {"PLSSID": "OR330330S0250E0", "FRSTDIVID": "OR330330S0250E0SN280", "FRSTDIVTYP": "SN", "FRSTDIVNO": "28"}, "geometry": {"type": "Polygon", "coordinates": [[[-119.765779, 42.676963], [-119.765728, 42.680639], [-119.765677, 42.684316], [-119.765627, 42.687992], [-119.77058, 42.688], [-119.775534, 42.688009], [-119.780487, 42.688018], [-119.785441, 42.688027], [-119.785467, 42.684347], [-119.785493, 42.680668], [-119.785519, 42.676988], [-119.785545, 42.673309], [-119.780616, 42.673303], [-119.775687, 42.673298], [-119.770758, 42.673293], [-119.765829, 42.673287], [-119.765779, 42.676963]]]}}, {"type": "Feature", "properties": {"PLSSID": "OR330330S0250E0", "FRSTDIVID": "OR330330S0250E0SN290", "FRSTDIVTYP": "SN", "FRSTDIVNO": "29"}, "geometry": {"type": "Polygon", "coordinates": [[[-119.800375, 42.673298], [-119.795432, 42.673301], [-119.790488, 42.673305], [-119.785545, 42.673309], [-119.785519, 42.676988], [-119.785493, 42.680668], [-119.785467, 42.684347], [-119.785441, 42.688027], [-119.790392, 42.688026], [-119.795343, 42.688025], [-119.800294, 42.688024], [-119.805245, 42.688023], [-119.805263, 42.684341], [-119.805282, 42.680659], [-119.8053, 42.676976], [-119.805319, 42.673294], [-119.800375, 42.673298]]]}}, {"type": "Feature", "properties": {"PLSSID": "OR330330S0250E0", "FRSTDIVID": "OR330330S0250E0SN300", "FRSTDIVTYP": "SN", "FRSTDIVNO": "30"}, "geometry": {"type": "Polygon", "coordinates": [[[-119.820147, 42.673247], [-119.815205, 42.673263], [-119.810262, 42.673278], [-119.805319, 42.673294], [-119.8053, 42.676976], [-119.805282, 42.680659], [-119.805263, 42.684341], [-119.805245, 42.688023], [-119.810204, 42.688005], [-119.815163, 42.687987], [-119.820121, 42.687969], [-119.825135, 42.687951], [-119.82513, 42.684271], [-119.825125, 42.680591], [-119.82512, 42.676911], [-119.825114, 42.673231], [-119.820147, 42.673247]]]}}, {"type": "Feature", "properties": {"PLSSID": "OR330330S0250E0", "FRSTDIVID": "OR330330S0250E0SN310", "FRSTDIVTYP": "SN", "FRSTDIVNO": "31"}, "geometry": {"type": "Polygon", "coordinates": [[[-119.82017, 42.65854], [-119.818883, 42.658542], [-119.815208, 42.658549], [-119.813981, 42.658552], [-119.81026, 42.658558], [-119.809079, 42.65856], [-119.805312, 42.658566], [-119.805314, 42.662248], [-119.805315, 42.66593], [-119.805317, 42.669612], [-119.805319, 42.673294], [-119.810262, 42.673278], [-119.815205, 42.673263], [-119.820147, 42.673247], [-119.825114, 42.673231], [-119.825109, 42.669552], [-119.825104, 42.665872], [-119.825118, 42.662201], [-119.825131, 42.65853], [-119.82017, 42.65854]]]}}, {"type": "Feature", "properties": {"PLSSID": "OR330330S0250E0", "FRSTDIVID": "OR330330S0250E0SN320", "FRSTDIVTYP": "SN", "FRSTDIVNO": "32"}, "geometry": {"type": "Polygon", "coordinates": [[[-119.790427, 42.658581], [-119.789469, 42.658583], [-119.78547, 42.65859], [-119.785489, 42.66227], [-119.785508, 42.665949], [-119.785526, 42.669629], [-119.785545, 42.673309], [-119.790488, 42.673305], [-119.795432, 42.673301], [-119.800375, 42.673298], [-119.805319, 42.673294], [-119.805317, 42.669612], [-119.805315, 42.66593], [-119.805314, 42.662248], [-119.805312, 42.658566], [-119.804177, 42.658566], [-119.800348, 42.65857], [-119.799275, 42.658571], [-119.795384, 42.658575], [-119.794373, 42.658574], [-119.790427, 42.658581]]]}}, {"type": "Feature", "properties": {"PLSSID": "OR330330S0250E0", "FRSTDIVID": "OR330330S0250E0SN330", "FRSTDIVTYP": "SN", "FRSTDIVNO": "33"}, "geometry": {"type": "Polygon", "coordinates": [[[-119.784566, 42.65859], [-119.780517, 42.658593], [-119.779665, 42.658594], [-119.775563, 42.658597], [-119.774763, 42.658598], [-119.770613, 42.658602], [-119.769863, 42.658603], [-119.765663, 42.658607], [-119.76571, 42.66228], [-119.765757, 42.665953], [-119.765793, 42.66962], [-119.765829, 42.673287], [-119.770758, 42.673293], [-119.775687, 42.673298], [-119.780616, 42.673303], [-119.785545, 42.673309], [-119.785526, 42.669629], [-119.785508, 42.665949], [-119.785489, 42.66227], [-119.78547, 42.65859], [-119.784566, 42.65859]]]}}, {"type": "Feature", "properties": {"PLSSID": "OR330330S0250E0", "FRSTDIVID": "OR330330S0250E0SN340", "FRSTDIVTYP": "SN", "FRSTDIVNO": "34"}, "geometry": {"type": "Polygon", "coordinates": [[[-119.764963, 42.658611], [-119.760698, 42.658626], [-119.76006, 42.658628], [-119.755733, 42.658644], [-119.755156, 42.658644], [-119.751079, 42.658644], [-119.750776, 42.658644], [-119.750253, 42.658644], [-119.74582, 42.658644], [-119.745834, 42.662335], [-119.745848, 42.666026], [-119.745932, 42.669744], [-119.746016, 42.673461], [-119.75097, 42.673418], [-119.751079, 42.673417], [-119.755923, 42.673374], [-119.760876, 42.673331], [-119.765829, 42.673287], [-119.765793, 42.66962], [-119.765757, 42.665953], [-119.76571, 42.66228], [-119.765663, 42.658607], [-119.764963, 42.658611]]]}}, {"type": "Feature", "properties": {"PLSSID": "OR330330S0250E0", "FRSTDIVID": "OR330330S0250E0SN350", "FRSTDIVTYP": "SN", "FRSTDIVNO": "35"}, "geometry": {"type": "Polygon", "coordinates": [[[-119.74535, 42.658645], [-119.740858, 42.658659], [-119.740449, 42.658661], [-119.735895, 42.658675], [-119.735547, 42.658676], [-119.730934, 42.658679], [-119.730645, 42.658679], [-119.725973, 42.658682], [-119.726024, 42.662374], [-119.726076, 42.666067], [-119.726042, 42.669725], [-119.726008, 42.673382], [-119.73101, 42.673402], [-119.736012, 42.673422], [-119.741014, 42.673441], [-119.746016, 42.673461], [-119.745932, 42.669744], [-119.745848, 42.666026], [-119.745834, 42.662335], [-119.74582, 42.658644], [-119.74535, 42.658645]]]}}, {"type": "Feature", "properties": {"PLSSID": "OR330330S0250E0", "FRSTDIVID": "OR330330S0250E0SN360", "FRSTDIVTYP": "SN", "FRSTDIVNO": "36"}, "geometry": {"type": "Polygon", "coordinates": [[[-119.706181, 42.660231], [-119.706193, 42.662302], [-119.706202, 42.663964], [-119.706213, 42.665925], [-119.706169, 42.667698], [-119.706124, 42.669515], [-119.706076, 42.671431], [-119.706035, 42.673104], [-119.711028, 42.673174], [-119.716021, 42.673243], [-119.721015, 42.673313], [-119.726008, 42.673382], [-119.726042, 42.669725], [-119.726076, 42.666067], [-119.726024, 42.662374], [-119.725973, 42.658682], [-119.725742, 42.658681], [-119.72101, 42.658686], [-119.720841, 42.658686], [-119.716047, 42.65869], [-119.71594, 42.658692], [-119.711092, 42.658685], [-119.711039, 42.658685], [-119.706138, 42.658678], [-119.706181, 42.660231]]]}}, {"type": "Feature", "properties": {"PLSSID": "OR330330S0240E0", "FRSTDIVID": "OR330330S0240E0SN010", "FRSTDIVTYP": "SN", "FRSTDIVNO": "01"}, "geometry": {"type": "Polygon", "coordinates": [[[-119.84003, 42.732002], [-119.835048, 42.732077], [-119.830067, 42.732152], [-119.825085, 42.732226], [-119.825109, 42.735916], [-119.825133, 42.739606], [-119.825123, 42.74331], [-119.825114, 42.747015], [-119.830126, 42.746925], [-119.835139, 42.746836], [-119.840151, 42.746746], [-119.845164, 42.746656], [-119.845123, 42.742908], [-119.845083, 42.739251], [-119.845047, 42.735589], [-119.845011, 42.731927], [-119.84003, 42.732002]]]}}, {"type": "Feature", "properties": {"PLSSID": "OR330330S0240E0", "FRSTDIVID": "OR330330S0240E0SN020", "FRSTDIVTYP": "SN", "FRSTDIVNO": "02"}, "geometry": {"type": "Polygon", "coordinates": [[[-119.859912, 42.731898], [-119.854945, 42.731907], [-119.849978, 42.731917], [-119.845011, 42.731927], [-119.845047, 42.735589], [-119.845083, 42.739251], [-119.845123, 42.742908], [-119.845164, 42.746656], [-119.850165, 42.74665], [-119.855166, 42.746644], [-119.860159, 42.746638], [-119.865152, 42.746633], [-119.865081, 42.742924], [-119.865011, 42.739245], [-119.864945, 42.735567], [-119.864879, 42.731888], [-119.859912, 42.731898]]]}}, {"type": "Feature", "properties": {"PLSSID": "OR330330S0240E0", "FRSTDIVID": "OR330330S0240E0SN030", "FRSTDIVTYP": "SN", "FRSTDIVNO": "03"}, "geometry": {"type": "Polygon", "coordinates": [[[-119.864945, 42.735567], [-119.865011, 42.739245], [-119.865081, 42.742924], [-119.865152, 42.746633], [-119.870118, 42.746644], [-119.875083, 42.746655], [-119.87608, 42.746651], [-119.880063, 42.746638], [-119.885042, 42.74662], [-119.884928, 42.742919], [-119.884815, 42.739235], [-119.884701, 42.73555], [-119.884588, 42.731865], [-119.87966, 42.731871], [-119.876081, 42.731875], [-119.874733, 42.731876], [-119.869806, 42.731882], [-119.868548, 42.731884], [-119.868407, 42.734931], [-119.866179, 42.734651], [-119.866207, 42.731887], [-119.864879, 42.731888], [-119.864945, 42.735567]]]}}, {"type": "Feature", "properties": {"PLSSID": "OR330330S0240E0", "FRSTDIVID": "OR330330S0240E0SN040", "FRSTDIVTYP": "SN", "FRSTDIVNO": "04"}, "geometry": {"type": "Polygon", "coordinates": [[[-119.899511, 42.731708], [-119.894537, 42.73176], [-119.889562, 42.731812], [-119.884588, 42.731865], [-119.884701, 42.73555], [-119.884815, 42.739235], [-119.884928, 42.742919], [-119.885042, 42.74662], [-119.890046, 42.746555], [-119.895049, 42.74649], [-119.90004, 42.746469], [-119.905032, 42.746448], [-119.904893, 42.742692], [-119.904757, 42.739013], [-119.904622, 42.735334], [-119.904486, 42.731655], [-119.899511, 42.731708]]]}}, {"type": "Feature", "properties": {"PLSSID": "OR330330S0240E0", "FRSTDIVID": "OR330330S0240E0SN050", "FRSTDIVTYP": "SN", "FRSTDIVNO": "05"}, "geometry": {"type": "Polygon", "coordinates": [[[-119.904622, 42.735334], [-119.904757, 42.739013], [-119.904893, 42.742692], [-119.905032, 42.746448], [-119.910026, 42.746431], [-119.912522, 42.746422], [-119.915019, 42.746414], [-119.917521, 42.746406], [-119.920023, 42.746398], [-119.925028, 42.746383], [-119.924838, 42.74276], [-119.924645, 42.73907], [-119.924452, 42.735382], [-119.924259, 42.731694], [-119.919315, 42.731684], [-119.914372, 42.731674], [-119.909429, 42.731665], [-119.904486, 42.731655], [-119.904622, 42.735334]]]}}, {"type": "Feature", "properties": {"PLSSID": "OR330330S0240E0", "FRSTDIVID": "OR330330S0240E0SN060", "FRSTDIVTYP": "SN", "FRSTDIVNO": "06"}, "geometry": {"type": "Polygon", "coordinates": [[[-119.925028, 42.746383], [-119.929987, 42.746371], [-119.934946, 42.746359], [-119.939888, 42.746369], [-119.943792, 42.746376], [-119.943501, 42.742561], [-119.943209, 42.738745], [-119.943206, 42.735059], [-119.943204, 42.731373], [-119.93914, 42.731442], [-119.934179, 42.731526], [-119.929219, 42.73161], [-119.924259, 42.731694], [-119.924452, 42.735382], [-119.924645, 42.73907], [-119.924838, 42.74276], [-119.925028, 42.746383]]]}}, {"type": "Feature", "properties": {"PLSSID": "OR330330S0240E0", "FRSTDIVID": "OR330330S0240E0SN070", "FRSTDIVTYP": "SN", "FRSTDIVNO": "07"}, "geometry": {"type": "Polygon", "coordinates": [[[-119.939015, 42.716705], [-119.934057, 42.716785], [-119.929099, 42.716865], [-119.924141, 42.716945], [-119.924171, 42.720632], [-119.9242, 42.724319], [-119.924229, 42.728007], [-119.924259, 42.731694], [-119.929219, 42.73161], [-119.934179, 42.731526], [-119.93914, 42.731442], [-119.943204, 42.731373], [-119.943189, 42.727686], [-119.943174, 42.723999], [-119.943164, 42.720319], [-119.943155, 42.716639], [-119.939015, 42.716705]]]}}, {"type": "Feature", "properties": {"PLSSID": "OR330330S0240E0", "FRSTDIVID": "OR330330S0240E0SN080", "FRSTDIVTYP": "SN", "FRSTDIVNO": "08"}, "geometry": {"type": "Polygon", "coordinates": [[[-119.904385, 42.720619], [-119.904419, 42.724298], [-119.904452, 42.727976], [-119.904486, 42.731655], [-119.909429, 42.731665], [-119.914372, 42.731674], [-119.919315, 42.731684], [-119.924259, 42.731694], [-119.924229, 42.728007], [-119.9242, 42.724319], [-119.924171, 42.720632], [-119.924141, 42.716945], [-119.919194, 42.716943], [-119.914246, 42.716942], [-119.909299, 42.716941], [-119.904352, 42.71694], [-119.904385, 42.720619]]]}}, {"type": "Feature", "properties": {"PLSSID": "OR330330S0240E0", "FRSTDIVID": "OR330330S0240E0SN090", "FRSTDIVTYP": "SN", "FRSTDIVNO": "09"}, "geometry": {"type": "Polygon", "coordinates": [[[-119.899393, 42.716986], [-119.894434, 42.717033], [-119.889476, 42.717079], [-119.884517, 42.717125], [-119.884535, 42.72081], [-119.884552, 42.724495], [-119.88457, 42.72818], [-119.884588, 42.731865], [-119.889562, 42.731812], [-119.894537, 42.73176], [-119.899511, 42.731708], [-119.904486, 42.731655], [-119.904452, 42.727976], [-119.904419, 42.724298], [-119.904385, 42.720619], [-119.904352, 42.71694], [-119.899393, 42.716986]]]}}, {"type": "Feature", "properties": {"PLSSID": "OR330330S0240E0", "FRSTDIVID": "OR330330S0240E0SN100", "FRSTDIVTYP": "SN", "FRSTDIVNO": "10"}, "geometry": {"type": "Polygon", "coordinates": [[[-119.864879, 42.731888], [-119.866207, 42.731887], [-119.86622, 42.730528], [-119.868596, 42.730826], [-119.868548, 42.731884], [-119.869806, 42.731882], [-119.874733, 42.731876], [-119.876081, 42.731875], [-119.87966, 42.731871], [-119.884588, 42.731865], [-119.88457, 42.72818], [-119.884552, 42.724495], [-119.884535, 42.72081], [-119.884517, 42.717125], [-119.879589, 42.717136], [-119.876081, 42.717144], [-119.874661, 42.717148], [-119.869733, 42.717159], [-119.864805, 42.71717], [-119.864823, 42.72085], [-119.864841, 42.724529], [-119.86486, 42.728209], [-119.864879, 42.731888]]]}}, {"type": "Feature", "properties": {"PLSSID": "OR330330S0240E0", "FRSTDIVID": "OR330330S0240E0SN110", "FRSTDIVTYP": "SN", "FRSTDIVNO": "11"}, "geometry": {"type": "Polygon", "coordinates": [[[-119.862334, 42.717178], [-119.859863, 42.717185], [-119.854921, 42.717199], [-119.849979, 42.717214], [-119.847509, 42.717221], [-119.845038, 42.717228], [-119.845031, 42.720903], [-119.845024, 42.724578], [-119.845018, 42.728252], [-119.845011, 42.731927], [-119.849978, 42.731917], [-119.854945, 42.731907], [-119.859912, 42.731898], [-119.864879, 42.731888], [-119.86486, 42.728209], [-119.864841, 42.724529], [-119.864823, 42.72085], [-119.864805, 42.71717], [-119.862334, 42.717178]]]}}, {"type": "Feature", "properties": {"PLSSID": "OR330330S0240E0", "FRSTDIVID": "OR330330S0240E0SN120", "FRSTDIVTYP": "SN", "FRSTDIVNO": "12"}, "geometry": {"type": "Polygon", "coordinates": [[[-119.840085, 42.717279], [-119.835133, 42.71733], [-119.830181, 42.71738], [-119.825229, 42.717431], [-119.825193, 42.72113], [-119.825157, 42.724829], [-119.825121, 42.728528], [-119.825085, 42.732226], [-119.830067, 42.732152], [-119.835048, 42.732077], [-119.84003, 42.732002], [-119.845011, 42.731927], [-119.845018, 42.728252], [-119.845024, 42.724578], [-119.845031, 42.720903], [-119.845038, 42.717228], [-119.840085, 42.717279]]]}}, {"type": "Feature", "properties": {"PLSSID": "OR330330S0240E0", "FRSTDIVID": "OR330330S0240E0SN130", "FRSTDIVTYP": "SN", "FRSTDIVNO": "13"}, "geometry": {"type": "Polygon", "coordinates": [[[-119.840076, 42.702565], [-119.835106, 42.702602], [-119.830136, 42.702639], [-119.825166, 42.702677], [-119.825191, 42.706359], [-119.825215, 42.710041], [-119.825219, 42.711888], [-119.825222, 42.713736], [-119.825229, 42.717431], [-119.830181, 42.71738], [-119.835133, 42.71733], [-119.840085, 42.717279], [-119.845038, 42.717228], [-119.845039, 42.715391], [-119.84504, 42.713553], [-119.845042, 42.709878], [-119.845043, 42.706203], [-119.845045, 42.702527], [-119.840076, 42.702565]]]}}, {"type": "Feature", "properties": {"PLSSID": "OR330330S0240E0", "FRSTDIVID": "OR330330S0240E0SN140", "FRSTDIVTYP": "SN", "FRSTDIVNO": "14"}, "geometry": {"type": "Polygon", "coordinates": [[[-119.85997, 42.702474], [-119.854995, 42.702492], [-119.85002, 42.70251], [-119.847533, 42.702518], [-119.845045, 42.702527], [-119.845043, 42.706203], [-119.845042, 42.709878], [-119.84504, 42.713553], [-119.845039, 42.715391], [-119.845038, 42.717228], [-119.847509, 42.717221], [-119.849979, 42.717214], [-119.854921, 42.717199], [-119.859863, 42.717185], [-119.862334, 42.717178], [-119.864805, 42.71717], [-119.864822, 42.715331], [-119.86484, 42.713492], [-119.864875, 42.709814], [-119.864892, 42.707974], [-119.86491, 42.706135], [-119.864945, 42.702457], [-119.85997, 42.702474]]]}}, {"type": "Feature", "properties": {"PLSSID": "OR330330S0240E0", "FRSTDIVID": "OR330330S0240E0SN150", "FRSTDIVTYP": "SN", "FRSTDIVNO": "15"}, "geometry": {"type": "Polygon", "coordinates": [[[-119.879691, 42.702408], [-119.876081, 42.70242], [-119.874776, 42.702424], [-119.869861, 42.70244], [-119.864945, 42.702457], [-119.86491, 42.706135], [-119.864892, 42.707974], [-119.864875, 42.709814], [-119.86484, 42.713492], [-119.864822, 42.715331], [-119.864805, 42.71717], [-119.869733, 42.717159], [-119.874661, 42.717148], [-119.876081, 42.717144], [-119.879589, 42.717136], [-119.884517, 42.717125], [-119.88454, 42.713442], [-119.884562, 42.709758], [-119.884585, 42.706075], [-119.884607, 42.702391], [-119.879691, 42.702408]]]}}, {"type": "Feature", "properties": {"PLSSID": "OR330330S0240E0", "FRSTDIVID": "OR330330S0240E0SN160", "FRSTDIVTYP": "SN", "FRSTDIVNO": "16"}, "geometry": {"type": "Polygon", "coordinates": [[[-119.899425, 42.702262], [-119.894486, 42.702305], [-119.889546, 42.702348], [-119.884607, 42.702391], [-119.884585, 42.706075], [-119.884562, 42.709758], [-119.88454, 42.713442], [-119.884517, 42.717125], [-119.889476, 42.717079], [-119.894434, 42.717033], [-119.899393, 42.716986], [-119.904352, 42.71694], [-119.904355, 42.71326], [-119.904358, 42.709579], [-119.904362, 42.705899], [-119.904365, 42.702219], [-119.899425, 42.702262]]]}}, {"type": "Feature", "properties": {"PLSSID": "OR330330S0240E0", "FRSTDIVID": "OR330330S0240E0SN170", "FRSTDIVTYP": "SN", "FRSTDIVNO": "17"}, "geometry": {"type": "Polygon", "coordinates": [[[-119.919153, 42.702201], [-119.914224, 42.702207], [-119.909294, 42.702213], [-119.904365, 42.702219], [-119.904362, 42.705899], [-119.904358, 42.709579], [-119.904355, 42.71326], [-119.904352, 42.71694], [-119.909299, 42.716941], [-119.914246, 42.716942], [-119.919194, 42.716943], [-119.924141, 42.716945], [-119.924126, 42.713257], [-119.924112, 42.70957], [-119.924097, 42.705883], [-119.924083, 42.702196], [-119.919153, 42.702201]]]}}, {"type": "Feature", "properties": {"PLSSID": "OR330330S0240E0", "FRSTDIVID": "OR330330S0240E0SN180", "FRSTDIVTYP": "SN", "FRSTDIVNO": "18"}, "geometry": {"type": "Polygon", "coordinates": [[[-119.938939, 42.701983], [-119.933987, 42.702054], [-119.929035, 42.702125], [-119.924083, 42.702196], [-119.924097, 42.705883], [-119.924112, 42.70957], [-119.924126, 42.713257], [-119.924141, 42.716945], [-119.929099, 42.716865], [-119.934057, 42.716785], [-119.939015, 42.716705], [-119.943155, 42.716639], [-119.943168, 42.712964], [-119.943182, 42.70929], [-119.94319, 42.705606], [-119.943197, 42.701922], [-119.938939, 42.701983]]]}}, {"type": "Feature", "properties": {"PLSSID": "OR330330S0240E0", "FRSTDIVID": "OR330330S0240E0SN190", "FRSTDIVTYP": "SN", "FRSTDIVNO": "19"}, "geometry": {"type": "Polygon", "coordinates": [[[-119.938837, 42.687253], [-119.933888, 42.687319], [-119.92894, 42.687384], [-119.923992, 42.687449], [-119.924015, 42.691135], [-119.924037, 42.694822], [-119.92406, 42.698509], [-119.924083, 42.702196], [-119.929035, 42.702125], [-119.933987, 42.702054], [-119.938939, 42.701983], [-119.943197, 42.701922], [-119.943182, 42.698238], [-119.943167, 42.694553], [-119.943181, 42.690874], [-119.943194, 42.687196], [-119.938837, 42.687253]]]}}, {"type": "Feature", "properties": {"PLSSID": "OR330330S0240E0", "FRSTDIVID": "OR330330S0240E0SN200", "FRSTDIVTYP": "SN", "FRSTDIVNO": "20"}, "geometry": {"type": "Polygon", "coordinates": [[[-119.919038, 42.687462], [-119.914085, 42.687476], [-119.909131, 42.68749], [-119.904177, 42.687504], [-119.904224, 42.691183], [-119.904271, 42.694861], [-119.904318, 42.69854], [-119.904365, 42.702219], [-119.909294, 42.702213], [-119.914224, 42.702207], [-119.919153, 42.702201], [-119.924083, 42.702196], [-119.92406, 42.698509], [-119.924037, 42.694822], [-119.924015, 42.691135], [-119.923992, 42.687449], [-119.919038, 42.687462]]]}}, {"type": "Feature", "properties": {"PLSSID": "OR330330S0240E0", "FRSTDIVID": "OR330330S0240E0SN210", "FRSTDIVTYP": "SN", "FRSTDIVNO": "21"}, "geometry": {"type": "Polygon", "coordinates": [[[-119.89926, 42.687541], [-119.894343, 42.687579], [-119.889425, 42.687616], [-119.884508, 42.687653], [-119.884533, 42.691338], [-119.884557, 42.695022], [-119.884582, 42.698707], [-119.884607, 42.702391], [-119.889546, 42.702348], [-119.894486, 42.702305], [-119.899425, 42.702262], [-119.904365, 42.702219], [-119.904318, 42.69854], [-119.904271, 42.694861], [-119.904224, 42.691183], [-119.904177, 42.687504], [-119.89926, 42.687541]]]}}, {"type": "Feature", "properties": {"PLSSID": "OR330330S0240E0", "FRSTDIVID": "OR330330S0240E0SN220", "FRSTDIVTYP": "SN", "FRSTDIVNO": "22"}, "geometry": {"type": "Polygon", "coordinates": [[[-119.879558, 42.687674], [-119.876081, 42.687689], [-119.874608, 42.687696], [-119.87264, 42.687704], [-119.869659, 42.687717], [-119.864709, 42.687738], [-119.864768, 42.691418], [-119.864827, 42.695097], [-119.864886, 42.698777], [-119.864945, 42.702457], [-119.869861, 42.70244], [-119.874776, 42.702424], [-119.876081, 42.70242], [-119.879691, 42.702408], [-119.884607, 42.702391], [-119.884582, 42.698707], [-119.884557, 42.695022], [-119.884533, 42.691338], [-119.884508, 42.687653], [-119.879558, 42.687674]]]}}, {"type": "Feature", "properties": {"PLSSID": "OR330330S0240E0", "FRSTDIVID": "OR330330S0240E0SN230", "FRSTDIVTYP": "SN", "FRSTDIVNO": "23"}, "geometry": {"type": "Polygon", "coordinates": [[[-119.85975, 42.687759], [-119.854791, 42.687781], [-119.849832, 42.687802], [-119.844873, 42.687823], [-119.844916, 42.691499], [-119.844959, 42.695175], [-119.845002, 42.698851], [-119.845024, 42.700689], [-119.845045, 42.702527], [-119.847533, 42.702518], [-119.85002, 42.70251], [-119.854995, 42.702492], [-119.85997, 42.702474], [-119.864945, 42.702457], [-119.864886, 42.698777], [-119.864827, 42.695097], [-119.864768, 42.691418], [-119.864709, 42.687738], [-119.85975, 42.687759]]]}}, {"type": "Feature", "properties": {"PLSSID": "OR330330S0240E0", "FRSTDIVID": "OR330330S0240E0SN240", "FRSTDIVTYP": "SN", "FRSTDIVNO": "24"}, "geometry": {"type": "Polygon", "coordinates": [[[-119.839938, 42.687855], [-119.835004, 42.687887], [-119.830069, 42.687919], [-119.825135, 42.687951], [-119.825126, 42.691632], [-119.825118, 42.695312], [-119.825142, 42.698994], [-119.825166, 42.702677], [-119.830136, 42.702639], [-119.835106, 42.702602], [-119.840076, 42.702565], [-119.845045, 42.702527], [-119.845024, 42.700689], [-119.845002, 42.698851], [-119.844959, 42.695175], [-119.844916, 42.691499], [-119.844873, 42.687823], [-119.839938, 42.687855]]]}}, {"type": "Feature", "properties": {"PLSSID": "OR330330S0240E0", "FRSTDIVID": "OR330330S0240E0SN250", "FRSTDIVTYP": "SN", "FRSTDIVNO": "25"}, "geometry": {"type": "Polygon", "coordinates": [[[-119.839962, 42.673147], [-119.835013, 42.673175], [-119.830064, 42.673203], [-119.825114, 42.673231], [-119.82512, 42.676911], [-119.825125, 42.680591], [-119.82513, 42.684271], [-119.825135, 42.687951], [-119.830069, 42.687919], [-119.835004, 42.687887], [-119.839938, 42.687855], [-119.844873, 42.687823], [-119.844882, 42.684147], [-119.844892, 42.680471], [-119.844902, 42.676795], [-119.844912, 42.673119], [-119.839962, 42.673147]]]}}, {"type": "Feature", "properties": {"PLSSID": "OR330330S0240E0", "FRSTDIVID": "OR330330S0240E0SN260", "FRSTDIVTYP": "SN", "FRSTDIVNO": "26"}, "geometry": {"type": "Polygon", "coordinates": [[[-119.859707, 42.673045], [-119.854775, 42.67307], [-119.849843, 42.673094], [-119.848857, 42.673099], [-119.844912, 42.673119], [-119.844902, 42.676795], [-119.844892, 42.680471], [-119.844882, 42.684147], [-119.844873, 42.687823], [-119.849832, 42.687802], [-119.854791, 42.687781], [-119.85975, 42.687759], [-119.864709, 42.687738], [-119.864691, 42.684059], [-119.864685, 42.682819], [-119.864674, 42.680379], [-119.864656, 42.6767], [-119.864639, 42.67302], [-119.859707, 42.673045]]]}}, {"type": "Feature", "properties": {"PLSSID": "OR330330S0240E0", "FRSTDIVID": "OR330330S0240E0SN270", "FRSTDIVTYP": "SN", "FRSTDIVNO": "27"}, "geometry": {"type": "Polygon", "coordinates": [[[-119.87952, 42.672944], [-119.876081, 42.672961], [-119.87456, 42.672969], [-119.869599, 42.672995], [-119.864639, 42.67302], [-119.864656, 42.6767], [-119.864674, 42.680379], [-119.864685, 42.682819], [-119.864691, 42.684059], [-119.864709, 42.687738], [-119.869659, 42.687717], [-119.87264, 42.687704], [-119.874608, 42.687696], [-119.876081, 42.687689], [-119.879558, 42.687674], [-119.884508, 42.687653], [-119.884501, 42.68397], [-119.884494, 42.680286], [-119.884487, 42.676602], [-119.884481, 42.672919], [-119.87952, 42.672944]]]}}, {"type": "Feature", "properties": {"PLSSID": "OR330330S0240E0", "FRSTDIVID": "OR330330S0240E0SN280", "FRSTDIVTYP": "SN", "FRSTDIVNO": "28"}, "geometry": {"type": "Polygon", "coordinates": [[[-119.899273, 42.672821], [-119.894342, 42.672854], [-119.889411, 42.672886], [-119.884481, 42.672919], [-119.884487, 42.676602], [-119.884494, 42.680286], [-119.884501, 42.68397], [-119.884508, 42.687653], [-119.889425, 42.687616], [-119.894343, 42.687579], [-119.89926, 42.687541], [-119.904177, 42.687504], [-119.904184, 42.683825], [-119.904191, 42.680146], [-119.904197, 42.676468], [-119.904204, 42.672789], [-119.899273, 42.672821]]]}}, {"type": "Feature", "properties": {"PLSSID": "OR330330S0240E0", "FRSTDIVID": "OR330330S0240E0SN290", "FRSTDIVTYP": "SN", "FRSTDIVNO": "29"}, "geometry": {"type": "Polygon", "coordinates": [[[-119.919081, 42.672724], [-119.914122, 42.672745], [-119.909163, 42.672767], [-119.904204, 42.672789], [-119.904197, 42.676468], [-119.904191, 42.680146], [-119.904184, 42.683825], [-119.904177, 42.687504], [-119.909131, 42.68749], [-119.914085, 42.687476], [-119.919038, 42.687462], [-119.923992, 42.687449], [-119.924004, 42.683762], [-119.924016, 42.680075], [-119.924028, 42.676388], [-119.924041, 42.672702], [-119.919081, 42.672724]]]}}, {"type": "Feature", "properties": {"PLSSID": "OR330330S0240E0", "FRSTDIVID": "OR330330S0240E0SN300", "FRSTDIVTYP": "SN", "FRSTDIVNO": "30"}, "geometry": {"type": "Polygon", "coordinates": [[[-119.93889, 42.672524], [-119.93394, 42.672584], [-119.92899, 42.672643], [-119.924041, 42.672702], [-119.924028, 42.676388], [-119.924016, 42.680075], [-119.924004, 42.683762], [-119.923992, 42.687449], [-119.92894, 42.687384], [-119.933888, 42.687319], [-119.938837, 42.687253], [-119.943194, 42.687196], [-119.943199, 42.68351], [-119.943203, 42.679824], [-119.943202, 42.676148], [-119.943202, 42.672472], [-119.93889, 42.672524]]]}}, {"type": "Feature", "properties": {"PLSSID": "OR330330S0240E0", "FRSTDIVID": "OR330330S0240E0SN310", "FRSTDIVTYP": "SN", "FRSTDIVNO": "31"}, "geometry": {"type": "Polygon", "coordinates": [[[-119.939964, 42.657824], [-119.934928, 42.657868], [-119.929891, 42.657912], [-119.924854, 42.657956], [-119.92465, 42.661643], [-119.924447, 42.665329], [-119.924244, 42.669015], [-119.924041, 42.672702], [-119.92899, 42.672643], [-119.93394, 42.672584], [-119.93889, 42.672524], [-119.943202, 42.672472], [-119.943202, 42.668815], [-119.943203, 42.665157], [-119.943806, 42.661471], [-119.944409, 42.657785], [-119.939964, 42.657824]]]}}, {"type": "Feature", "properties": {"PLSSID": "OR330330S0240E0", "FRSTDIVID": "OR330330S0240E0SN320", "FRSTDIVTYP": "SN", "FRSTDIVNO": "32"}, "geometry": {"type": "Polygon", "coordinates": [[[-119.919832, 42.65799], [-119.914811, 42.658024], [-119.90983, 42.658051], [-119.90485, 42.658077], [-119.904688, 42.661755], [-119.904527, 42.665433], [-119.904365, 42.669111], [-119.904204, 42.672789], [-119.909163, 42.672767], [-119.914122, 42.672745], [-119.919081, 42.672724], [-119.924041, 42.672702], [-119.924244, 42.669015], [-119.924447, 42.665329], [-119.92465, 42.661643], [-119.924854, 42.657956], [-119.919832, 42.65799]]]}}, {"type": "Feature", "properties": {"PLSSID": "OR330330S0240E0", "FRSTDIVID": "OR330330S0240E0SN330", "FRSTDIVTYP": "SN", "FRSTDIVNO": "33"}, "geometry": {"type": "Polygon", "coordinates": [[[-119.899869, 42.658104], [-119.894888, 42.65813], [-119.889905, 42.658159], [-119.884923, 42.658187], [-119.884812, 42.66187], [-119.884702, 42.665553], [-119.884591, 42.669236], [-119.884481, 42.672919], [-119.889411, 42.672886], [-119.894342, 42.672854], [-119.899273, 42.672821], [-119.904204, 42.672789], [-119.904365, 42.669111], [-119.904527, 42.665433], [-119.904688, 42.661755], [-119.90485, 42.658077], [-119.899869, 42.658104]]]}}, {"type": "Feature", "properties": {"PLSSID": "OR330330S0240E0", "FRSTDIVID": "OR330330S0240E0SN340", "FRSTDIVTYP": "SN", "FRSTDIVNO": "34"}, "geometry": {"type": "Polygon", "coordinates": [[[-119.87994, 42.658216], [-119.876081, 42.658238], [-119.874958, 42.658244], [-119.869975, 42.658273], [-119.864992, 42.658302], [-119.864904, 42.661981], [-119.864815, 42.665661], [-119.864727, 42.66934], [-119.864639, 42.67302], [-119.869599, 42.672995], [-119.87456, 42.672969], [-119.876081, 42.672961], [-119.87952, 42.672944], [-119.884481, 42.672919], [-119.884591, 42.669236], [-119.884702, 42.665553], [-119.884812, 42.66187], [-119.884923, 42.658187], [-119.87994, 42.658216]]]}}, {"type": "Feature", "properties": {"PLSSID": "OR330330S0240E0", "FRSTDIVID": "OR330330S0240E0SN350", "FRSTDIVTYP": "SN", "FRSTDIVNO": "35"}, "geometry": {"type": "Polygon", "coordinates": [[[-119.86001, 42.65833], [-119.855027, 42.658359], [-119.850044, 42.658387], [-119.845062, 42.658416], [-119.845024, 42.662092], [-119.844987, 42.665767], [-119.844949, 42.669443], [-119.844936, 42.670692], [-119.844912, 42.673119], [-119.848857, 42.673099], [-119.849843, 42.673094], [-119.854775, 42.67307], [-119.859707, 42.673045], [-119.864639, 42.67302], [-119.864727, 42.66934], [-119.864815, 42.665661], [-119.864904, 42.661981], [-119.864992, 42.658302], [-119.86001, 42.65833]]]}}, {"type": "Feature", "properties": {"PLSSID": "OR330330S0240E0", "FRSTDIVID": "OR330330S0240E0SN360", "FRSTDIVTYP": "SN", "FRSTDIVNO": "36"}, "geometry": {"type": "Polygon", "coordinates": [[[-119.840079, 42.658444], [-119.835097, 42.658473], [-119.830114, 42.658502], [-119.825131, 42.65853], [-119.825118, 42.662201], [-119.825104, 42.665872], [-119.825109, 42.669552], [-119.825114, 42.673231], [-119.830064, 42.673203], [-119.835013, 42.673175], [-119.839962, 42.673147], [-119.844912, 42.673119], [-119.844936, 42.670692], [-119.844949, 42.669443], [-119.844987, 42.665767], [-119.845024, 42.662092], [-119.845062, 42.658416], [-119.840079, 42.658444]]]}}, {"type": "Feature", "properties": {"PLSSID": "OR330330S0230E0", "FRSTDIVID": "OR330330S0230E0SN010", "FRSTDIVTYP": "SN", "FRSTDIVNO": "01"}, "geometry": {"type": "Polygon", "coordinates": [[[-119.958113, 42.731344], [-119.953117, 42.731363], [-119.94816, 42.731368], [-119.943204, 42.731373], [-119.943206, 42.735059], [-119.943209, 42.738745], [-119.943501, 42.742561], [-119.943792, 42.746376], [-119.948782, 42.74637], [-119.953772, 42.746364], [-119.958762, 42.746358], [-119.963752, 42.746352], [-119.963588, 42.742523], [-119.963429, 42.73879], [-119.963269, 42.735058], [-119.96311, 42.731325], [-119.958113, 42.731344]]]}}, {"type": "Feature", "properties": {"PLSSID": "OR330330S0230E0", "FRSTDIVID": "OR330330S0230E0SN120", "FRSTDIVTYP": "SN", "FRSTDIVNO": "12"}, "geometry": {"type": "Polygon", "coordinates": [[[-119.948144, 42.716576], [-119.943155, 42.716639], [-119.943164, 42.720319], [-119.943174, 42.723999], [-119.943189, 42.727686], [-119.943204, 42.731373], [-119.94816, 42.731368], [-119.953117, 42.731363], [-119.958113, 42.731344], [-119.96311, 42.731325], [-119.963108, 42.727628], [-119.963107, 42.723931], [-119.963128, 42.720259], [-119.96315, 42.716586], [-119.958142, 42.71655], [-119.953133, 42.716514], [-119.948144, 42.716576]]]}}, {"type": "Feature", "properties": {"PLSSID": "OR330330S0230E0", "FRSTDIVID": "OR330330S0230E0SN130", "FRSTDIVTYP": "SN", "FRSTDIVNO": "13"}, "geometry": {"type": "Polygon", "coordinates": [[[-119.943155, 42.716639], [-119.948144, 42.716576], [-119.953133, 42.716514], [-119.958142, 42.71655], [-119.96315, 42.716586], [-119.96313, 42.712894], [-119.96311, 42.709201], [-119.963102, 42.705526], [-119.963095, 42.701854], [-119.963095, 42.701852], [-119.963039, 42.701852], [-119.958082, 42.701873], [-119.95307, 42.701894], [-119.948134, 42.701908], [-119.943197, 42.701922], [-119.94319, 42.705606], [-119.943182, 42.70929], [-119.943168, 42.712964], [-119.943155, 42.716639]]]}}, {"type": "Feature", "properties": {"PLSSID": "OR330330S0230E0", "FRSTDIVID": "OR330330S0230E0SN240", "FRSTDIVTYP": "SN", "FRSTDIVNO": "24"}, "geometry": {"type": "Polygon", "coordinates": [[[-119.958107, 42.687101], [-119.953138, 42.687126], [-119.948166, 42.687161], [-119.943194, 42.687196], [-119.943181, 42.690874], [-119.943167, 42.694553], [-119.943182, 42.698238], [-119.943197, 42.701922], [-119.948134, 42.701908], [-119.95307, 42.701894], [-119.958082, 42.701873], [-119.963039, 42.701852], [-119.963095, 42.701852], [-119.963095, 42.701849], [-119.96309, 42.698153], [-119.963087, 42.694455], [-119.963082, 42.690765], [-119.963077, 42.687075], [-119.958107, 42.687101]]]}}, {"type": "Feature", "properties": {"PLSSID": "OR330330S0230E0", "FRSTDIVID": "OR330330S0230E0SN250", "FRSTDIVTYP": "SN", "FRSTDIVNO": "25"}, "geometry": {"type": "Polygon", "coordinates": [[[-119.958093, 42.672409], [-119.953112, 42.672436], [-119.948157, 42.672454], [-119.943202, 42.672472], [-119.943202, 42.676148], [-119.943203, 42.679824], [-119.943199, 42.68351], [-119.943194, 42.687196], [-119.948166, 42.687161], [-119.953138, 42.687126], [-119.958107, 42.687101], [-119.963077, 42.687075], [-119.96308, 42.683389], [-119.963084, 42.679703], [-119.963078, 42.676043], [-119.963073, 42.672383], [-119.958093, 42.672409]]]}}, {"type": "Feature", "properties": {"PLSSID": "OR330330S0230E0", "FRSTDIVID": "OR330330S0230E0SN360", "FRSTDIVTYP": "SN", "FRSTDIVNO": "36"}, "geometry": {"type": "Polygon", "coordinates": [[[-119.943806, 42.661471], [-119.943203, 42.665157], [-119.943202, 42.668815], [-119.943202, 42.672472], [-119.948157, 42.672454], [-119.953112, 42.672436], [-119.958093, 42.672409], [-119.963073, 42.672383], [-119.963118, 42.668692], [-119.963164, 42.665], [-119.962993, 42.661531], [-119.962822, 42.658062], [-119.957807, 42.658038], [-119.952792, 42.658013], [-119.948601, 42.657899], [-119.944409, 42.657785], [-119.943806, 42.661471]]]}}, {"type": "Feature", "properties": {"PLSSID": "OR330320S0290E0", "FRSTDIVID": "OR330320S0290E0SN030", "FRSTDIVTYP": "SN", "FRSTDIVNO": "03"}, "geometry": {"type": "Polygon", "coordinates": [[[-119.30136, 42.821695], [-119.296437, 42.821717], [-119.291515, 42.82174], [-119.286592, 42.821763], [-119.286561, 42.825395], [-119.28653, 42.829027], [-119.286504, 42.832654], [-119.286477, 42.836261], [-119.291413, 42.836248], [-119.29635, 42.836235], [-119.301286, 42.836223], [-119.306222, 42.83621], [-119.306239, 42.832555], [-119.306256, 42.82893], [-119.306269, 42.825301], [-119.306282, 42.821672], [-119.30136, 42.821695]]]}}, {"type": "Feature", "properties": {"PLSSID": "OR330320S0290E0", "FRSTDIVID": "OR330320S0290E0SN040", "FRSTDIVTYP": "SN", "FRSTDIVNO": "04"}, "geometry": {"type": "Polygon", "coordinates": [[[-119.320989, 42.821621], [-119.316086, 42.821638], [-119.311184, 42.821655], [-119.306282, 42.821672], [-119.306269, 42.825301], [-119.306256, 42.82893], [-119.306239, 42.832555], [-119.306222, 42.83621], [-119.311122, 42.836177], [-119.316021, 42.836144], [-119.32092, 42.836111], [-119.32582, 42.836078], [-119.325834, 42.832452], [-119.325848, 42.828834], [-119.325869, 42.825219], [-119.325891, 42.821604], [-119.320989, 42.821621]]]}}, {"type": "Feature", "properties": {"PLSSID": "OR330320S0290E0", "FRSTDIVID": "OR330320S0290E0SN050", "FRSTDIVTYP": "SN", "FRSTDIVNO": "05"}, "geometry": {"type": "Polygon", "coordinates": [[[-119.340615, 42.82158], [-119.335707, 42.821588], [-119.330799, 42.821596], [-119.325891, 42.821604], [-119.325869, 42.825219], [-119.325848, 42.828834], [-119.325834, 42.832452], [-119.32582, 42.836078], [-119.330748, 42.836072], [-119.335677, 42.836066], [-119.340605, 42.836061], [-119.345534, 42.836055], [-119.345535, 42.83244], [-119.345535, 42.828818], [-119.345529, 42.825195], [-119.345524, 42.821572], [-119.340615, 42.82158]]]}}, {"type": "Feature", "properties": {"PLSSID": "OR330320S0290E0", "FRSTDIVID": "OR330320S0290E0SN060", "FRSTDIVTYP": "SN", "FRSTDIVNO": "06"}, "geometry": {"type": "Polygon", "coordinates": [[[-119.360383, 42.821522], [-119.355443, 42.821541], [-119.350483, 42.821556], [-119.345524, 42.821572], [-119.345529, 42.825195], [-119.345535, 42.828818], [-119.345535, 42.83244], [-119.345534, 42.836055], [-119.350463, 42.83605], [-119.355391, 42.836044], [-119.36032, 42.836039], [-119.36525, 42.836033], [-119.365291, 42.836033], [-119.36529, 42.833623], [-119.365289, 42.8324], [-119.365288, 42.828768], [-119.365288, 42.827975], [-119.365286, 42.825135], [-119.365286, 42.824415], [-119.365285, 42.821503], [-119.360383, 42.821522]]]}}, {"type": "Feature", "properties": {"PLSSID": "OR330320S0290E0", "FRSTDIVID": "OR330320S0290E0SN070", "FRSTDIVTYP": "SN", "FRSTDIVNO": "07"}, "geometry": {"type": "Polygon", "coordinates": [[[-119.360367, 42.806981], [-119.355449, 42.806991], [-119.350531, 42.806997], [-119.345614, 42.807003], [-119.345591, 42.810645], [-119.345569, 42.814288], [-119.345546, 42.81793], [-119.345524, 42.821572], [-119.350483, 42.821556], [-119.355443, 42.821541], [-119.360383, 42.821522], [-119.365285, 42.821503], [-119.365285, 42.819673], [-119.365285, 42.81787], [-119.365286, 42.814976], [-119.365286, 42.814237], [-119.365286, 42.811908], [-119.365286, 42.810605], [-119.365287, 42.810202], [-119.365287, 42.806972], [-119.360367, 42.806981]]]}}, {"type": "Feature", "properties": {"PLSSID": "OR330320S0290E0", "FRSTDIVID": "OR330320S0290E0SN080", "FRSTDIVTYP": "SN", "FRSTDIVNO": "08"}, "geometry": {"type": "Polygon", "coordinates": [[[-119.340703, 42.807031], [-119.335793, 42.807058], [-119.330883, 42.807085], [-119.325972, 42.807112], [-119.325952, 42.810735], [-119.325931, 42.814358], [-119.325911, 42.817981], [-119.325891, 42.821604], [-119.330799, 42.821596], [-119.335707, 42.821588], [-119.340615, 42.82158], [-119.345524, 42.821572], [-119.345546, 42.81793], [-119.345569, 42.814288], [-119.345591, 42.810645], [-119.345614, 42.807003], [-119.340703, 42.807031]]]}}, {"type": "Feature", "properties": {"PLSSID": "OR330320S0290E0", "FRSTDIVID": "OR330320S0290E0SN090", "FRSTDIVTYP": "SN", "FRSTDIVNO": "09"}, "geometry": {"type": "Polygon", "coordinates": [[[-119.321048, 42.807119], [-119.316124, 42.807126], [-119.3112, 42.807132], [-119.306277, 42.807139], [-119.306278, 42.810772], [-119.306279, 42.814405], [-119.306281, 42.818039], [-119.306282, 42.821672], [-119.311184, 42.821655], [-119.316086, 42.821638], [-119.320989, 42.821621], [-119.325891, 42.821604], [-119.325911, 42.817981], [-119.325931, 42.814358], [-119.325952, 42.810735], [-119.325972, 42.807112], [-119.321048, 42.807119]]]}}, {"type": "Feature", "properties": {"PLSSID": "OR330320S0290E0", "FRSTDIVID": "OR330320S0290E0SN100", "FRSTDIVTYP": "SN", "FRSTDIVNO": "10"}, "geometry": {"type": "Polygon", "coordinates": [[[-119.301355, 42.807163], [-119.296434, 42.807186], [-119.291512, 42.80721], [-119.286591, 42.807234], [-119.286591, 42.810866], [-119.286591, 42.814499], [-119.286592, 42.818131], [-119.286592, 42.821763], [-119.291515, 42.82174], [-119.296437, 42.821717], [-119.30136, 42.821695], [-119.306282, 42.821672], [-119.306281, 42.818039], [-119.306279, 42.814405], [-119.306278, 42.810772], [-119.306277, 42.807139], [-119.301355, 42.807163]]]}}, {"type": "Feature", "properties": {"PLSSID": "OR330320S0290E0", "FRSTDIVID": "OR330320S0290E0SN150", "FRSTDIVTYP": "SN", "FRSTDIVNO": "15"}, "geometry": {"type": "Polygon", "coordinates": [[[-119.301288, 42.792668], [-119.296367, 42.79269], [-119.291447, 42.792713], [-119.286527, 42.792735], [-119.286543, 42.79636], [-119.286559, 42.799985], [-119.286575, 42.803609], [-119.286591, 42.807234], [-119.291512, 42.80721], [-119.296434, 42.807186], [-119.301355, 42.807163], [-119.306277, 42.807139], [-119.306259, 42.803515], [-119.306242, 42.799892], [-119.306225, 42.796269], [-119.306208, 42.792646], [-119.301288, 42.792668]]]}}, {"type": "Feature", "properties": {"PLSSID": "OR330320S0290E0", "FRSTDIVID": "OR330320S0290E0SN160", "FRSTDIVTYP": "SN", "FRSTDIVNO": "16"}, "geometry": {"type": "Polygon", "coordinates": [[[-119.320971, 42.792594], [-119.31605, 42.792611], [-119.311129, 42.792628], [-119.306208, 42.792646], [-119.306225, 42.796269], [-119.306242, 42.799892], [-119.306259, 42.803515], [-119.306277, 42.807139], [-119.3112, 42.807132], [-119.316124, 42.807126], [-119.321048, 42.807119], [-119.325972, 42.807112], [-119.325952, 42.803478], [-119.325932, 42.799844], [-119.325912, 42.79621], [-119.325893, 42.792576], [-119.320971, 42.792594]]]}}, {"type": "Feature", "properties": {"PLSSID": "OR330320S0290E0", "FRSTDIVID": "OR330320S0290E0SN170", "FRSTDIVTYP": "SN", "FRSTDIVNO": "17"}, "geometry": {"type": "Polygon", "coordinates": [[[-119.325912, 42.79621], [-119.325932, 42.799844], [-119.325952, 42.803478], [-119.325972, 42.807112], [-119.330883, 42.807085], [-119.335793, 42.807058], [-119.340703, 42.807031], [-119.345614, 42.807003], [-119.345711, 42.803413], [-119.345809, 42.799822], [-119.345907, 42.796231], [-119.346004, 42.792641], [-119.340976, 42.792624], [-119.335948, 42.792608], [-119.33092, 42.792592], [-119.325893, 42.792576], [-119.325912, 42.79621]]]}}, {"type": "Feature", "properties": {"PLSSID": "OR330320S0290E0", "FRSTDIVID": "OR330320S0290E0SN180", "FRSTDIVTYP": "SN", "FRSTDIVNO": "18"}, "geometry": {"type": "Polygon", "coordinates": [[[-119.360454, 42.792491], [-119.355598, 42.792529], [-119.350801, 42.792585], [-119.346004, 42.792641], [-119.345907, 42.796231], [-119.345809, 42.799822], [-119.345711, 42.803413], [-119.345614, 42.807003], [-119.350531, 42.806997], [-119.355449, 42.806991], [-119.360367, 42.806981], [-119.365287, 42.806972], [-119.365291, 42.805131], [-119.365295, 42.803342], [-119.365303, 42.79982], [-119.365303, 42.799713], [-119.365304, 42.799574], [-119.365311, 42.796083], [-119.365315, 42.794353], [-119.365319, 42.792454], [-119.360454, 42.792491]]]}}, {"type": "Feature", "properties": {"PLSSID": "OR330320S0290E0", "FRSTDIVID": "OR330320S0290E0SN190", "FRSTDIVTYP": "SN", "FRSTDIVNO": "19"}, "geometry": {"type": "Polygon", "coordinates": [[[-119.360404, 42.777952], [-119.355483, 42.777969], [-119.350558, 42.777993], [-119.345632, 42.778016], [-119.345725, 42.781672], [-119.345818, 42.785328], [-119.345911, 42.788984], [-119.346004, 42.792641], [-119.350801, 42.792585], [-119.355598, 42.792529], [-119.360454, 42.792491], [-119.365319, 42.792454], [-119.365327, 42.788824], [-119.365328, 42.788685], [-119.365336, 42.785195], [-119.365344, 42.781565], [-119.365352, 42.778024], [-119.365352, 42.777935], [-119.360404, 42.777952]]]}}, {"type": "Feature", "properties": {"PLSSID": "OR330320S0290E0", "FRSTDIVID": "OR330320S0290E0SN200", "FRSTDIVTYP": "SN", "FRSTDIVNO": "20"}, "geometry": {"type": "Polygon", "coordinates": [[[-119.340697, 42.778019], [-119.335763, 42.778021], [-119.330828, 42.778024], [-119.325894, 42.778027], [-119.325894, 42.781664], [-119.325893, 42.785302], [-119.325893, 42.788939], [-119.325893, 42.792576], [-119.33092, 42.792592], [-119.335948, 42.792608], [-119.340976, 42.792624], [-119.346004, 42.792641], [-119.345911, 42.788984], [-119.345818, 42.785328], [-119.345725, 42.781672], [-119.345632, 42.778016], [-119.340697, 42.778019]]]}}, {"type": "Feature", "properties": {"PLSSID": "OR330320S0290E0", "FRSTDIVID": "OR330320S0290E0SN210", "FRSTDIVTYP": "SN", "FRSTDIVNO": "21"}, "geometry": {"type": "Polygon", "coordinates": [[[-119.320965, 42.778064], [-119.316036, 42.778101], [-119.311107, 42.778138], [-119.306178, 42.778175], [-119.306185, 42.781792], [-119.306193, 42.78541], [-119.3062, 42.789028], [-119.306208, 42.792646], [-119.311129, 42.792628], [-119.31605, 42.792611], [-119.320971, 42.792594], [-119.325893, 42.792576], [-119.325893, 42.788939], [-119.325893, 42.785302], [-119.325894, 42.781664], [-119.325894, 42.778027], [-119.320965, 42.778064]]]}}, {"type": "Feature", "properties": {"PLSSID": "OR330320S0290E0", "FRSTDIVID": "OR330320S0290E0SN220", "FRSTDIVTYP": "SN", "FRSTDIVNO": "22"}, "geometry": {"type": "Polygon", "coordinates": [[[-119.301261, 42.778182], [-119.296343, 42.77819], [-119.291426, 42.778198], [-119.286509, 42.778206], [-119.286513, 42.781838], [-119.286518, 42.78547], [-119.286522, 42.789103], [-119.286527, 42.792735], [-119.291447, 42.792713], [-119.296367, 42.79269], [-119.301288, 42.792668], [-119.306208, 42.792646], [-119.3062, 42.789028], [-119.306193, 42.78541], [-119.306185, 42.781792], [-119.306178, 42.778175], [-119.301261, 42.778182]]]}}, {"type": "Feature", "properties": {"PLSSID": "OR330320S0290E0", "FRSTDIVID": "OR330320S0290E0SN270", "FRSTDIVTYP": "SN", "FRSTDIVNO": "27"}, "geometry": {"type": "Polygon", "coordinates": [[[-119.301277, 42.76365], [-119.296365, 42.763666], [-119.291453, 42.763682], [-119.286541, 42.763697], [-119.286533, 42.767325], [-119.286525, 42.770952], [-119.286517, 42.774579], [-119.286509, 42.778206], [-119.291426, 42.778198], [-119.296343, 42.77819], [-119.301261, 42.778182], [-119.306178, 42.778175], [-119.306181, 42.77454], [-119.306183, 42.770905], [-119.306186, 42.76727], [-119.306189, 42.763635], [-119.301277, 42.76365]]]}}, {"type": "Feature", "properties": {"PLSSID": "OR330320S0290E0", "FRSTDIVID": "OR330320S0290E0SN280", "FRSTDIVTYP": "SN", "FRSTDIVNO": "28"}, "geometry": {"type": "Polygon", "coordinates": [[[-119.320959, 42.763563], [-119.316036, 42.763587], [-119.311112, 42.763611], [-119.306189, 42.763635], [-119.306186, 42.76727], [-119.306183, 42.770905], [-119.306181, 42.77454], [-119.306178, 42.778175], [-119.311107, 42.778138], [-119.316036, 42.778101], [-119.320965, 42.778064], [-119.325894, 42.778027], [-119.325891, 42.774405], [-119.325888, 42.770783], [-119.325886, 42.767162], [-119.325883, 42.76354], [-119.320959, 42.763563]]]}}, {"type": "Feature", "properties": {"PLSSID": "OR330320S0290E0", "FRSTDIVID": "OR330320S0290E0SN290", "FRSTDIVTYP": "SN", "FRSTDIVNO": "29"}, "geometry": {"type": "Polygon", "coordinates": [[[-119.340617, 42.76353], [-119.335706, 42.763533], [-119.330794, 42.763536], [-119.325883, 42.76354], [-119.325886, 42.767162], [-119.325888, 42.770783], [-119.325891, 42.774405], [-119.325894, 42.778027], [-119.330828, 42.778024], [-119.335763, 42.778021], [-119.340697, 42.778019], [-119.345632, 42.778016], [-119.345606, 42.774393], [-119.34558, 42.770771], [-119.345554, 42.767149], [-119.345528, 42.763526], [-119.340617, 42.76353]]]}}, {"type": "Feature", "properties": {"PLSSID": "OR330320S0290E0", "FRSTDIVID": "OR330320S0290E0SN300", "FRSTDIVTYP": "SN", "FRSTDIVNO": "30"}, "geometry": {"type": "Polygon", "coordinates": [[[-119.365359, 42.763417], [-119.360383, 42.763438], [-119.355446, 42.763459], [-119.350487, 42.763493], [-119.345528, 42.763526], [-119.345554, 42.767149], [-119.34558, 42.770771], [-119.345606, 42.774393], [-119.345632, 42.778016], [-119.350558, 42.777993], [-119.355483, 42.777969], [-119.360404, 42.777952], [-119.365352, 42.777935], [-119.365352, 42.777824], [-119.36536, 42.774306], [-119.365364, 42.772554], [-119.365368, 42.770676], [-119.365376, 42.767047], [-119.365376, 42.767039], [-119.365384, 42.763417], [-119.365359, 42.763417]]]}}, {"type": "Feature", "properties": {"PLSSID": "OR330320S0290E0", "FRSTDIVID": "OR330320S0290E0SN310", "FRSTDIVTYP": "SN", "FRSTDIVNO": "31"}, "geometry": {"type": "Polygon", "coordinates": [[[-119.365288, 42.748964], [-119.360953, 42.748971], [-119.360313, 42.748972], [-119.356032, 42.74898], [-119.355392, 42.748981], [-119.351111, 42.748988], [-119.350471, 42.74899], [-119.346189, 42.748997], [-119.34555, 42.748998], [-119.345548, 42.749899], [-119.345544, 42.75263], [-119.345539, 42.756262], [-119.345533, 42.759894], [-119.345528, 42.763526], [-119.350487, 42.763493], [-119.355446, 42.763459], [-119.360383, 42.763438], [-119.365359, 42.763417], [-119.365384, 42.763417], [-119.365376, 42.759804], [-119.365371, 42.758009], [-119.365367, 42.75619], [-119.365358, 42.752577], [-119.365356, 42.751525], [-119.365352, 42.749892], [-119.36535, 42.748964], [-119.365288, 42.748964]]]}}, {"type": "Feature", "properties": {"PLSSID": "OR330320S0290E0", "FRSTDIVID": "OR330320S0290E0SN320", "FRSTDIVTYP": "SN", "FRSTDIVNO": "32"}, "geometry": {"type": "Polygon", "coordinates": [[[-119.341271, 42.749006], [-119.340628, 42.749007], [-119.336352, 42.749014], [-119.335707, 42.749015], [-119.331433, 42.749023], [-119.330786, 42.749024], [-119.326515, 42.749031], [-119.325865, 42.749033], [-119.325866, 42.749903], [-119.325869, 42.752659], [-119.325874, 42.756286], [-119.325879, 42.759913], [-119.325883, 42.76354], [-119.330794, 42.763536], [-119.335706, 42.763533], [-119.340617, 42.76353], [-119.345528, 42.763526], [-119.345533, 42.759894], [-119.345539, 42.756262], [-119.345544, 42.75263], [-119.345548, 42.749899], [-119.34555, 42.748998], [-119.341271, 42.749006]]]}}, {"type": "Feature", "properties": {"PLSSID": "OR330320S0290E0", "FRSTDIVID": "OR330320S0290E0SN330", "FRSTDIVTYP": "SN", "FRSTDIVNO": "33"}, "geometry": {"type": "Polygon", "coordinates": [[[-119.321599, 42.74904], [-119.320944, 42.749041], [-119.316683, 42.749049], [-119.316022, 42.74905], [-119.311767, 42.749057], [-119.311101, 42.749058], [-119.306852, 42.749066], [-119.306178, 42.749069], [-119.306179, 42.749903], [-119.306181, 42.75271], [-119.306183, 42.756352], [-119.306186, 42.759993], [-119.306189, 42.763635], [-119.311112, 42.763611], [-119.316036, 42.763587], [-119.320959, 42.763563], [-119.325883, 42.76354], [-119.325879, 42.759913], [-119.325874, 42.756286], [-119.325869, 42.752659], [-119.325866, 42.749903], [-119.325865, 42.749033], [-119.321599, 42.74904]]]}}, {"type": "Feature", "properties": {"PLSSID": "OR330320S0290E0", "FRSTDIVID": "OR330320S0290E0SN340", "FRSTDIVTYP": "SN", "FRSTDIVNO": "34"}, "geometry": {"type": "Polygon", "coordinates": [[[-119.301943, 42.749088], [-119.301243, 42.749091], [-119.297034, 42.74911], [-119.296308, 42.749113], [-119.292126, 42.749132], [-119.291372, 42.749135], [-119.287217, 42.749154], [-119.286437, 42.749157], [-119.286442, 42.749901], [-119.286463, 42.752792], [-119.286489, 42.756427], [-119.286515, 42.760062], [-119.286541, 42.763697], [-119.291453, 42.763682], [-119.296365, 42.763666], [-119.301277, 42.76365], [-119.306189, 42.763635], [-119.306186, 42.759993], [-119.306183, 42.756352], [-119.306181, 42.75271], [-119.306179, 42.749903], [-119.306178, 42.749069], [-119.301943, 42.749088]]]}}, {"type": "Feature", "properties": {"PLSSID": "OR330320S0280E0", "FRSTDIVID": "OR330320S0280E0SN010", "FRSTDIVTYP": "SN", "FRSTDIVNO": "01"}, "geometry": {"type": "Polygon", "coordinates": [[[-119.380013, 42.821496], [-119.376067, 42.821498], [-119.376063, 42.821498], [-119.375104, 42.821499], [-119.370194, 42.821501], [-119.365333, 42.821503], [-119.365285, 42.821503], [-119.365286, 42.824415], [-119.365286, 42.825135], [-119.365288, 42.827975], [-119.365288, 42.828768], [-119.365289, 42.8324], [-119.36529, 42.833623], [-119.365291, 42.836033], [-119.37022, 42.836036], [-119.375149, 42.836039], [-119.376063, 42.83604], [-119.376067, 42.83604], [-119.380079, 42.836043], [-119.385008, 42.836046], [-119.384987, 42.832418], [-119.384965, 42.828777], [-119.384944, 42.825135], [-119.384923, 42.821494], [-119.380013, 42.821496]]]}}, {"type": "Feature", "properties": {"PLSSID": "OR330320S0280E0", "FRSTDIVID": "OR330320S0280E0SN020", "FRSTDIVTYP": "SN", "FRSTDIVNO": "02"}, "geometry": {"type": "Polygon", "coordinates": [[[-119.384944, 42.825135], [-119.384965, 42.828777], [-119.384987, 42.832418], [-119.385008, 42.836046], [-119.389937, 42.836049], [-119.394867, 42.836052], [-119.399796, 42.836056], [-119.404725, 42.836059], [-119.404712, 42.832452], [-119.404699, 42.828824], [-119.404692, 42.825197], [-119.404686, 42.821569], [-119.399745, 42.821551], [-119.394804, 42.821532], [-119.389863, 42.821513], [-119.384923, 42.821494], [-119.384944, 42.825135]]]}}, {"type": "Feature", "properties": {"PLSSID": "OR330320S0280E0", "FRSTDIVID": "OR330320S0280E0SN030", "FRSTDIVTYP": "SN", "FRSTDIVNO": "03"}, "geometry": {"type": "Polygon", "coordinates": [[[-119.404692, 42.825197], [-119.404699, 42.828824], [-119.404712, 42.832452], [-119.404725, 42.836059], [-119.409655, 42.836062], [-119.414584, 42.836066], [-119.419513, 42.836069], [-119.424443, 42.836072], [-119.424446, 42.832489], [-119.424449, 42.828871], [-119.424452, 42.825253], [-119.424456, 42.821635], [-119.419513, 42.821619], [-119.414571, 42.821602], [-119.409628, 42.821586], [-119.404686, 42.821569], [-119.404692, 42.825197]]]}}, {"type": "Feature", "properties": {"PLSSID": "OR330320S0280E0", "FRSTDIVID": "OR330320S0280E0SN040", "FRSTDIVTYP": "SN", "FRSTDIVNO": "04"}, "geometry": {"type": "Polygon", "coordinates": [[[-119.439225, 42.821575], [-119.434302, 42.821595], [-119.429379, 42.821615], [-119.424456, 42.821635], [-119.424452, 42.825253], [-119.424449, 42.828871], [-119.424446, 42.832489], [-119.424443, 42.836072], [-119.429372, 42.836075], [-119.434301, 42.836079], [-119.439231, 42.836082], [-119.44416, 42.836085], [-119.444157, 42.83248], [-119.444154, 42.828838], [-119.444151, 42.825196], [-119.444148, 42.821554], [-119.439225, 42.821575]]]}}, {"type": "Feature", "properties": {"PLSSID": "OR330320S0280E0", "FRSTDIVID": "OR330320S0280E0SN050", "FRSTDIVTYP": "SN", "FRSTDIVNO": "05"}, "geometry": {"type": "Polygon", "coordinates": [[[-119.444151, 42.825196], [-119.444154, 42.828838], [-119.444157, 42.83248], [-119.44416, 42.836085], [-119.44909, 42.836088], [-119.454019, 42.836092], [-119.458948, 42.836095], [-119.463878, 42.836098], [-119.463875, 42.832493], [-119.463873, 42.828859], [-119.463872, 42.825228], [-119.46387, 42.821597], [-119.45894, 42.821587], [-119.454009, 42.821576], [-119.449079, 42.821565], [-119.444148, 42.821554], [-119.444151, 42.825196]]]}}, {"type": "Feature", "properties": {"PLSSID": "OR330320S0280E0", "FRSTDIVID": "OR330320S0280E0SN060", "FRSTDIVTYP": "SN", "FRSTDIVNO": "06"}, "geometry": {"type": "Polygon", "coordinates": [[[-119.478656, 42.821586], [-119.473725, 42.821593], [-119.468798, 42.821595], [-119.46387, 42.821597], [-119.463872, 42.825228], [-119.463873, 42.828859], [-119.463875, 42.832493], [-119.463878, 42.836098], [-119.468807, 42.836102], [-119.473736, 42.836105], [-119.478666, 42.836108], [-119.482907, 42.836111], [-119.482904, 42.832478], [-119.482901, 42.828845], [-119.482898, 42.825212], [-119.482894, 42.821579], [-119.478656, 42.821586]]]}}, {"type": "Feature", "properties": {"PLSSID": "OR330320S0280E0", "FRSTDIVID": "OR330320S0280E0SN070", "FRSTDIVTYP": "SN", "FRSTDIVNO": "07"}, "geometry": {"type": "Polygon", "coordinates": [[[-119.46383, 42.810737], [-119.463844, 42.814357], [-119.463857, 42.817977], [-119.46387, 42.821597], [-119.468798, 42.821595], [-119.473725, 42.821593], [-119.478656, 42.821586], [-119.482894, 42.821579], [-119.482871, 42.817972], [-119.482847, 42.814366], [-119.482823, 42.810759], [-119.4828, 42.807152], [-119.478569, 42.807141], [-119.473656, 42.80713], [-119.468736, 42.807123], [-119.463817, 42.807117], [-119.46383, 42.810737]]]}}, {"type": "Feature", "properties": {"PLSSID": "OR330320S0280E0", "FRSTDIVID": "OR330320S0280E0SN080", "FRSTDIVTYP": "SN", "FRSTDIVNO": "08"}, "geometry": {"type": "Polygon", "coordinates": [[[-119.458877, 42.807126], [-119.453936, 42.807135], [-119.448996, 42.807143], [-119.444056, 42.807152], [-119.444079, 42.810753], [-119.444102, 42.814353], [-119.444125, 42.817954], [-119.444148, 42.821554], [-119.449079, 42.821565], [-119.454009, 42.821576], [-119.45894, 42.821587], [-119.46387, 42.821597], [-119.463857, 42.817977], [-119.463844, 42.814357], [-119.46383, 42.810737], [-119.463817, 42.807117], [-119.458877, 42.807126]]]}}, {"type": "Feature", "properties": {"PLSSID": "OR330320S0280E0", "FRSTDIVID": "OR330320S0280E0SN090", "FRSTDIVTYP": "SN", "FRSTDIVNO": "09"}, "geometry": {"type": "Polygon", "coordinates": [[[-119.4244, 42.810688], [-119.424419, 42.814337], [-119.424437, 42.817986], [-119.424456, 42.821635], [-119.429379, 42.821615], [-119.434302, 42.821595], [-119.439225, 42.821575], [-119.444148, 42.821554], [-119.444125, 42.817954], [-119.444102, 42.814353], [-119.444079, 42.810753], [-119.444056, 42.807152], [-119.439137, 42.807124], [-119.434219, 42.807096], [-119.4293, 42.807068], [-119.424382, 42.807039], [-119.4244, 42.810688]]]}}, {"type": "Feature", "properties": {"PLSSID": "OR330320S0280E0", "FRSTDIVID": "OR330320S0280E0SN100", "FRSTDIVTYP": "SN", "FRSTDIVNO": "10"}, "geometry": {"type": "Polygon", "coordinates": [[[-119.419455, 42.807041], [-119.414527, 42.807042], [-119.4096, 42.807043], [-119.404672, 42.807044], [-119.404676, 42.810675], [-119.404679, 42.814307], [-119.404682, 42.817938], [-119.404686, 42.821569], [-119.409628, 42.821586], [-119.414571, 42.821602], [-119.419513, 42.821619], [-119.424456, 42.821635], [-119.424437, 42.817986], [-119.424419, 42.814337], [-119.4244, 42.810688], [-119.424382, 42.807039], [-119.419455, 42.807041]]]}}, {"type": "Feature", "properties": {"PLSSID": "OR330320S0280E0", "FRSTDIVID": "OR330320S0280E0SN110", "FRSTDIVTYP": "SN", "FRSTDIVNO": "11"}, "geometry": {"type": "Polygon", "coordinates": [[[-119.384958, 42.810627], [-119.384946, 42.81425], [-119.384934, 42.817872], [-119.384923, 42.821494], [-119.389863, 42.821513], [-119.394804, 42.821532], [-119.399745, 42.821551], [-119.404686, 42.821569], [-119.404682, 42.817938], [-119.404679, 42.814307], [-119.404676, 42.810675], [-119.404672, 42.807044], [-119.399747, 42.807034], [-119.394821, 42.807025], [-119.389896, 42.807015], [-119.38497, 42.807005], [-119.384958, 42.810627]]]}}, {"type": "Feature", "properties": {"PLSSID": "OR330320S0280E0", "FRSTDIVID": "OR330320S0280E0SN120", "FRSTDIVTYP": "SN", "FRSTDIVNO": "12"}, "geometry": {"type": "Polygon", "coordinates": [[[-119.365287, 42.810202], [-119.365286, 42.810605], [-119.365286, 42.811908], [-119.365286, 42.814237], [-119.365286, 42.814976], [-119.365285, 42.81787], [-119.365285, 42.819673], [-119.365285, 42.821503], [-119.365333, 42.821503], [-119.370194, 42.821501], [-119.375104, 42.821499], [-119.376063, 42.821498], [-119.376067, 42.821498], [-119.380013, 42.821496], [-119.384923, 42.821494], [-119.384934, 42.817872], [-119.384946, 42.81425], [-119.384958, 42.810627], [-119.38497, 42.807005], [-119.38005, 42.806997], [-119.376067, 42.80699], [-119.376063, 42.80699], [-119.375129, 42.806988], [-119.370208, 42.80698], [-119.365339, 42.806972], [-119.365287, 42.806972], [-119.365287, 42.810202]]]}}, {"type": "Feature", "properties": {"PLSSID": "OR330320S0280E0", "FRSTDIVID": "OR330320S0280E0SN130", "FRSTDIVTYP": "SN", "FRSTDIVNO": "13"}, "geometry": {"type": "Polygon", "coordinates": [[[-119.365315, 42.794353], [-119.365311, 42.796083], [-119.365304, 42.799574], [-119.365303, 42.799713], [-119.365303, 42.79982], [-119.365295, 42.803342], [-119.365291, 42.805131], [-119.365287, 42.806972], [-119.365339, 42.806972], [-119.370208, 42.80698], [-119.375129, 42.806988], [-119.376063, 42.80699], [-119.376067, 42.80699], [-119.38005, 42.806997], [-119.38497, 42.807005], [-119.384971, 42.803379], [-119.384971, 42.799753], [-119.384971, 42.796128], [-119.384971, 42.792502], [-119.380058, 42.79249], [-119.376066, 42.79248], [-119.376063, 42.79248], [-119.375145, 42.792478], [-119.370232, 42.792466], [-119.365346, 42.792454], [-119.365319, 42.792454], [-119.365315, 42.794353]]]}}, {"type": "Feature", "properties": {"PLSSID": "OR330320S0280E0", "FRSTDIVID": "OR330320S0280E0SN140", "FRSTDIVTYP": "SN", "FRSTDIVNO": "14"}, "geometry": {"type": "Polygon", "coordinates": [[[-119.384971, 42.796128], [-119.384971, 42.799753], [-119.384971, 42.803379], [-119.38497, 42.807005], [-119.389896, 42.807015], [-119.394821, 42.807025], [-119.399747, 42.807034], [-119.404672, 42.807044], [-119.404677, 42.803419], [-119.404682, 42.799793], [-119.404686, 42.796167], [-119.404691, 42.792542], [-119.399761, 42.792532], [-119.394831, 42.792522], [-119.389901, 42.792512], [-119.384971, 42.792502], [-119.384971, 42.796128]]]}}, {"type": "Feature", "properties": {"PLSSID": "OR330320S0280E0", "FRSTDIVID": "OR330320S0280E0SN150", "FRSTDIVTYP": "SN", "FRSTDIVNO": "15"}, "geometry": {"type": "Polygon", "coordinates": [[[-119.404686, 42.796167], [-119.404682, 42.799793], [-119.404677, 42.803419], [-119.404672, 42.807044], [-119.4096, 42.807043], [-119.414527, 42.807042], [-119.419455, 42.807041], [-119.424382, 42.807039], [-119.424384, 42.803416], [-119.424386, 42.799792], [-119.424388, 42.796169], [-119.42439, 42.792545], [-119.419465, 42.792544], [-119.41454, 42.792543], [-119.409616, 42.792543], [-119.404691, 42.792542], [-119.404686, 42.796167]]]}}, {"type": "Feature", "properties": {"PLSSID": "OR330320S0280E0", "FRSTDIVID": "OR330320S0280E0SN160", "FRSTDIVTYP": "SN", "FRSTDIVNO": "16"}, "geometry": {"type": "Polygon", "coordinates": [[[-119.424388, 42.796169], [-119.424386, 42.799792], [-119.424384, 42.803416], [-119.424382, 42.807039], [-119.4293, 42.807068], [-119.434219, 42.807096], [-119.439137, 42.807124], [-119.444056, 42.807152], [-119.444043, 42.803502], [-119.444031, 42.799852], [-119.444019, 42.796202], [-119.444007, 42.792553], [-119.439102, 42.792551], [-119.434198, 42.792549], [-119.429294, 42.792547], [-119.42439, 42.792545], [-119.424388, 42.796169]]]}}, {"type": "Feature", "properties": {"PLSSID": "OR330320S0280E0", "FRSTDIVID": "OR330320S0280E0SN170", "FRSTDIVTYP": "SN", "FRSTDIVNO": "17"}, "geometry": {"type": "Polygon", "coordinates": [[[-119.444019, 42.796202], [-119.444031, 42.799852], [-119.444043, 42.803502], [-119.444056, 42.807152], [-119.448996, 42.807143], [-119.453936, 42.807135], [-119.458877, 42.807126], [-119.463817, 42.807117], [-119.46382, 42.803485], [-119.463823, 42.799853], [-119.463825, 42.796221], [-119.463828, 42.792589], [-119.458873, 42.79258], [-119.453917, 42.792571], [-119.448962, 42.792562], [-119.444007, 42.792553], [-119.444019, 42.796202]]]}}, {"type": "Feature", "properties": {"PLSSID": "OR330320S0280E0", "FRSTDIVID": "OR330320S0280E0SN180", "FRSTDIVTYP": "SN", "FRSTDIVNO": "18"}, "geometry": {"type": "Polygon", "coordinates": [[[-119.463825, 42.796221], [-119.463823, 42.799853], [-119.46382, 42.803485], [-119.463817, 42.807117], [-119.468736, 42.807123], [-119.473656, 42.80713], [-119.478569, 42.807141], [-119.4828, 42.807152], [-119.482825, 42.803542], [-119.482851, 42.799933], [-119.482877, 42.796323], [-119.482902, 42.792713], [-119.478622, 42.792686], [-119.473691, 42.792654], [-119.468759, 42.792621], [-119.463828, 42.792589], [-119.463825, 42.796221]]]}}, {"type": "Feature", "properties": {"PLSSID": "OR330320S0280E0", "FRSTDIVID": "OR330320S0280E0SN190", "FRSTDIVTYP": "SN", "FRSTDIVNO": "19"}, "geometry": {"type": "Polygon", "coordinates": [[[-119.463797, 42.781757], [-119.463807, 42.785368], [-119.463818, 42.788978], [-119.463828, 42.792589], [-119.468759, 42.792621], [-119.473691, 42.792654], [-119.478622, 42.792686], [-119.482902, 42.792713], [-119.482895, 42.789093], [-119.482887, 42.785472], [-119.48288, 42.781851], [-119.482873, 42.77823], [-119.478569, 42.778208], [-119.473644, 42.778184], [-119.468715, 42.778165], [-119.463786, 42.778146], [-119.463797, 42.781757]]]}}, {"type": "Feature", "properties": {"PLSSID": "OR330320S0280E0", "FRSTDIVID": "OR330320S0280E0SN200", "FRSTDIVTYP": "SN", "FRSTDIVNO": "20"}, "geometry": {"type": "Polygon", "coordinates": [[[-119.444011, 42.781737], [-119.444009, 42.785342], [-119.444008, 42.788947], [-119.444007, 42.792553], [-119.448962, 42.792562], [-119.453917, 42.792571], [-119.458873, 42.79258], [-119.463828, 42.792589], [-119.463818, 42.788978], [-119.463807, 42.785368], [-119.463797, 42.781757], [-119.463786, 42.778146], [-119.458843, 42.778142], [-119.453899, 42.778139], [-119.448956, 42.778135], [-119.444012, 42.778132], [-119.444011, 42.781737]]]}}, {"type": "Feature", "properties": {"PLSSID": "OR330320S0280E0", "FRSTDIVID": "OR330320S0280E0SN210", "FRSTDIVTYP": "SN", "FRSTDIVNO": "21"}, "geometry": {"type": "Polygon", "coordinates": [[[-119.424412, 42.781711], [-119.424404, 42.785322], [-119.424397, 42.788934], [-119.42439, 42.792545], [-119.429294, 42.792547], [-119.434198, 42.792549], [-119.439102, 42.792551], [-119.444007, 42.792553], [-119.444008, 42.788947], [-119.444009, 42.785342], [-119.444011, 42.781737], [-119.444012, 42.778132], [-119.439114, 42.778124], [-119.434216, 42.778116], [-119.429318, 42.778108], [-119.424419, 42.778099], [-119.424412, 42.781711]]]}}, {"type": "Feature", "properties": {"PLSSID": "OR330320S0280E0", "FRSTDIVID": "OR330320S0280E0SN220", "FRSTDIVTYP": "SN", "FRSTDIVNO": "22"}, "geometry": {"type": "Polygon", "coordinates": [[[-119.404734, 42.78168], [-119.40472, 42.7853], [-119.404705, 42.788921], [-119.404691, 42.792542], [-119.409616, 42.792543], [-119.41454, 42.792543], [-119.419465, 42.792544], [-119.42439, 42.792545], [-119.424397, 42.788934], [-119.424404, 42.785322], [-119.424412, 42.781711], [-119.424419, 42.778099], [-119.419501, 42.778089], [-119.414583, 42.778079], [-119.409666, 42.778069], [-119.404748, 42.778059], [-119.404734, 42.78168]]]}}, {"type": "Feature", "properties": {"PLSSID": "OR330320S0280E0", "FRSTDIVID": "OR330320S0280E0SN230", "FRSTDIVTYP": "SN", "FRSTDIVNO": "23"}, "geometry": {"type": "Polygon", "coordinates": [[[-119.385033, 42.781643], [-119.385012, 42.785263], [-119.384991, 42.788882], [-119.384971, 42.792502], [-119.389901, 42.792512], [-119.394831, 42.792522], [-119.399761, 42.792532], [-119.404691, 42.792542], [-119.404705, 42.788921], [-119.40472, 42.7853], [-119.404734, 42.78168], [-119.404748, 42.778059], [-119.399824, 42.77805], [-119.394901, 42.778041], [-119.389977, 42.778033], [-119.385053, 42.778024], [-119.385033, 42.781643]]]}}, {"type": "Feature", "properties": {"PLSSID": "OR330320S0280E0", "FRSTDIVID": "OR330320S0280E0SN240", "FRSTDIVTYP": "SN", "FRSTDIVNO": "24"}, "geometry": {"type": "Polygon", "coordinates": [[[-119.365352, 42.778024], [-119.365344, 42.781565], [-119.365336, 42.785195], [-119.365328, 42.788685], [-119.365327, 42.788824], [-119.365319, 42.792454], [-119.365346, 42.792454], [-119.370232, 42.792466], [-119.375145, 42.792478], [-119.376063, 42.79248], [-119.376066, 42.79248], [-119.380058, 42.79249], [-119.384971, 42.792502], [-119.384991, 42.788882], [-119.385012, 42.785263], [-119.385033, 42.781643], [-119.385053, 42.778024], [-119.380128, 42.778002], [-119.376064, 42.777983], [-119.375202, 42.777979], [-119.370277, 42.777957], [-119.365354, 42.777936], [-119.365352, 42.777935], [-119.365352, 42.778024]]]}}, {"type": "Feature", "properties": {"PLSSID": "OR330320S0280E0", "FRSTDIVID": "OR330320S0280E0SN250", "FRSTDIVTYP": "SN", "FRSTDIVNO": "25"}, "geometry": {"type": "Polygon", "coordinates": [[[-119.365376, 42.767039], [-119.365376, 42.767047], [-119.365368, 42.770676], [-119.365364, 42.772554], [-119.36536, 42.774306], [-119.365352, 42.777824], [-119.365352, 42.777935], [-119.365354, 42.777936], [-119.370277, 42.777957], [-119.375202, 42.777979], [-119.376064, 42.777983], [-119.380128, 42.778002], [-119.385053, 42.778024], [-119.385067, 42.774408], [-119.385082, 42.770791], [-119.385096, 42.767176], [-119.38511, 42.76356], [-119.380179, 42.763524], [-119.376064, 42.763494], [-119.375247, 42.763488], [-119.370316, 42.763453], [-119.365384, 42.763417], [-119.365376, 42.767039]]]}}, {"type": "Feature", "properties": {"PLSSID": "OR330320S0280E0", "FRSTDIVID": "OR330320S0280E0SN260", "FRSTDIVTYP": "SN", "FRSTDIVNO": "26"}, "geometry": {"type": "Polygon", "coordinates": [[[-119.399805, 42.763462], [-119.394907, 42.763494], [-119.390009, 42.763527], [-119.38511, 42.76356], [-119.385096, 42.767176], [-119.385082, 42.770791], [-119.385067, 42.774408], [-119.385053, 42.778024], [-119.389977, 42.778033], [-119.394901, 42.778041], [-119.399824, 42.77805], [-119.404748, 42.778059], [-119.404737, 42.774402], [-119.404726, 42.770744], [-119.404715, 42.767087], [-119.404704, 42.763429], [-119.399805, 42.763462]]]}}, {"type": "Feature", "properties": {"PLSSID": "OR330320S0280E0", "FRSTDIVID": "OR330320S0280E0SN270", "FRSTDIVTYP": "SN", "FRSTDIVNO": "27"}, "geometry": {"type": "Polygon", "coordinates": [[[-119.404715, 42.767087], [-119.404726, 42.770744], [-119.404737, 42.774402], [-119.404748, 42.778059], [-119.409666, 42.778069], [-119.414583, 42.778079], [-119.419501, 42.778089], [-119.424419, 42.778099], [-119.42443, 42.774465], [-119.42444, 42.77083], [-119.424451, 42.767196], [-119.424461, 42.763561], [-119.419522, 42.763528], [-119.414582, 42.763495], [-119.409643, 42.763462], [-119.404704, 42.763429], [-119.404715, 42.767087]]]}}, {"type": "Feature", "properties": {"PLSSID": "OR330320S0280E0", "FRSTDIVID": "OR330320S0280E0SN280", "FRSTDIVTYP": "SN", "FRSTDIVNO": "28"}, "geometry": {"type": "Polygon", "coordinates": [[[-119.424451, 42.767196], [-119.42444, 42.77083], [-119.42443, 42.774465], [-119.424419, 42.778099], [-119.429318, 42.778108], [-119.434216, 42.778116], [-119.439114, 42.778124], [-119.444012, 42.778132], [-119.44405, 42.774502], [-119.444088, 42.770872], [-119.444125, 42.767242], [-119.444163, 42.763612], [-119.439237, 42.7636], [-119.434312, 42.763587], [-119.429387, 42.763574], [-119.424461, 42.763561], [-119.424451, 42.767196]]]}}, {"type": "Feature", "properties": {"PLSSID": "OR330320S0280E0", "FRSTDIVID": "OR330320S0280E0SN290", "FRSTDIVTYP": "SN", "FRSTDIVNO": "29"}, "geometry": {"type": "Polygon", "coordinates": [[[-119.444125, 42.767242], [-119.444088, 42.770872], [-119.44405, 42.774502], [-119.444012, 42.778132], [-119.448956, 42.778135], [-119.453899, 42.778139], [-119.458843, 42.778142], [-119.463786, 42.778146], [-119.463786, 42.774523], [-119.463787, 42.770901], [-119.463787, 42.767278], [-119.463787, 42.763656], [-119.458881, 42.763645], [-119.453975, 42.763634], [-119.449069, 42.763623], [-119.444163, 42.763612], [-119.444125, 42.767242]]]}}, {"type": "Feature", "properties": {"PLSSID": "OR330320S0280E0", "FRSTDIVID": "OR330320S0280E0SN300", "FRSTDIVTYP": "SN", "FRSTDIVNO": "30"}, "geometry": {"type": "Polygon", "coordinates": [[[-119.463787, 42.767278], [-119.463787, 42.770901], [-119.463786, 42.774523], [-119.463786, 42.778146], [-119.468715, 42.778165], [-119.473644, 42.778184], [-119.478569, 42.778208], [-119.482873, 42.77823], [-119.482865, 42.774609], [-119.482858, 42.770988], [-119.482851, 42.767367], [-119.482843, 42.763746], [-119.478532, 42.763723], [-119.473616, 42.763699], [-119.468702, 42.763677], [-119.463787, 42.763656], [-119.463787, 42.767278]]]}}, {"type": "Feature", "properties": {"PLSSID": "OR330320S0280E0", "FRSTDIVID": "OR330320S0280E0SN310", "FRSTDIVTYP": "SN", "FRSTDIVNO": "31"}, "geometry": {"type": "Polygon", "coordinates": [[[-119.463776, 42.7499], [-119.463778, 42.752764], [-119.463781, 42.756395], [-119.463784, 42.760025], [-119.463787, 42.763656], [-119.468702, 42.763677], [-119.473616, 42.763699], [-119.478532, 42.763723], [-119.482843, 42.763746], [-119.48285, 42.760097], [-119.482856, 42.756448], [-119.482863, 42.752799], [-119.482868, 42.749894], [-119.482869, 42.74915], [-119.478526, 42.749148], [-119.473608, 42.749146], [-119.468692, 42.74914], [-119.463775, 42.749134], [-119.463776, 42.7499]]]}}, {"type": "Feature", "properties": {"PLSSID": "OR330320S0280E0", "FRSTDIVID": "OR330320S0280E0SN320", "FRSTDIVTYP": "SN", "FRSTDIVNO": "32"}, "geometry": {"type": "Polygon", "coordinates": [[[-119.444103, 42.749903], [-119.444115, 42.752702], [-119.444131, 42.756338], [-119.444147, 42.759975], [-119.444163, 42.763612], [-119.449069, 42.763623], [-119.453975, 42.763634], [-119.458881, 42.763645], [-119.463787, 42.763656], [-119.463784, 42.760025], [-119.463781, 42.756395], [-119.463778, 42.752764], [-119.463776, 42.7499], [-119.463775, 42.749134], [-119.45886, 42.749118], [-119.453945, 42.749102], [-119.449022, 42.749083], [-119.4441, 42.749065], [-119.444103, 42.749903]]]}}, {"type": "Feature", "properties": {"PLSSID": "OR330320S0280E0", "FRSTDIVID": "OR330320S0280E0SN330", "FRSTDIVTYP": "SN", "FRSTDIVNO": "33"}, "geometry": {"type": "Polygon", "coordinates": [[[-119.424425, 42.749902], [-119.424432, 42.752676], [-119.424442, 42.756305], [-119.424452, 42.759933], [-119.424461, 42.763561], [-119.429387, 42.763574], [-119.434312, 42.763587], [-119.439237, 42.7636], [-119.444163, 42.763612], [-119.444147, 42.759975], [-119.444131, 42.756338], [-119.444115, 42.752702], [-119.444103, 42.749903], [-119.4441, 42.749065], [-119.439189, 42.74906], [-119.434278, 42.749055], [-119.42935, 42.749052], [-119.424422, 42.749048], [-119.424425, 42.749902]]]}}, {"type": "Feature", "properties": {"PLSSID": "OR330320S0280E0", "FRSTDIVID": "OR330320S0280E0SN340", "FRSTDIVTYP": "SN", "FRSTDIVNO": "34"}, "geometry": {"type": "Polygon", "coordinates": [[[-119.404715, 42.749898], [-119.404713, 42.752627], [-119.404709, 42.756228], [-119.404707, 42.759829], [-119.404704, 42.763429], [-119.409643, 42.763462], [-119.414582, 42.763495], [-119.419522, 42.763528], [-119.424461, 42.763561], [-119.424452, 42.759933], [-119.424442, 42.756305], [-119.424432, 42.752676], [-119.424425, 42.749902], [-119.424422, 42.749048], [-119.419498, 42.749044], [-119.414573, 42.749039], [-119.409644, 42.749033], [-119.404716, 42.749027], [-119.404715, 42.749898]]]}}, {"type": "Feature", "properties": {"PLSSID": "OR330320S0280E0", "FRSTDIVID": "OR330320S0280E0SN350", "FRSTDIVTYP": "SN", "FRSTDIVNO": "35"}, "geometry": {"type": "Polygon", "coordinates": [[[-119.385029, 42.748995], [-119.385034, 42.749891], [-119.385049, 42.752619], [-119.385069, 42.756266], [-119.38509, 42.759913], [-119.38511, 42.76356], [-119.390009, 42.763527], [-119.394907, 42.763494], [-119.399805, 42.763462], [-119.404704, 42.763429], [-119.404707, 42.759829], [-119.404709, 42.756228], [-119.404713, 42.752627], [-119.404715, 42.749898], [-119.404716, 42.749027], [-119.39979, 42.749012], [-119.394865, 42.748998], [-119.389947, 42.748985], [-119.385029, 42.748972], [-119.385029, 42.748995]]]}}, {"type": "Feature", "properties": {"PLSSID": "OR330320S0280E0", "FRSTDIVID": "OR330320S0280E0SN360", "FRSTDIVTYP": "SN", "FRSTDIVNO": "36"}, "geometry": {"type": "Polygon", "coordinates": [[[-119.365352, 42.749892], [-119.365356, 42.751525], [-119.365358, 42.752577], [-119.365367, 42.75619], [-119.365371, 42.758009], [-119.365376, 42.759804], [-119.365384, 42.763417], [-119.370316, 42.763453], [-119.375247, 42.763488], [-119.376064, 42.763494], [-119.380179, 42.763524], [-119.38511, 42.76356], [-119.38509, 42.759913], [-119.385069, 42.756266], [-119.385049, 42.752619], [-119.385034, 42.749891], [-119.385029, 42.748995], [-119.385029, 42.748972], [-119.380113, 42.748971], [-119.376064, 42.748969], [-119.375197, 42.748969], [-119.370276, 42.748967], [-119.370273, 42.748966], [-119.36535, 42.748964], [-119.365352, 42.749892]]]}}, {"type": "Feature", "properties": {"PLSSID": "OR330320S0270E0", "FRSTDIVID": "OR330320S0270E0SN010", "FRSTDIVTYP": "SN", "FRSTDIVNO": "01"}, "geometry": {"type": "Polygon", "coordinates": [[[-119.501072, 42.821574], [-119.497664, 42.821575], [-119.492741, 42.821576], [-119.487818, 42.821578], [-119.482894, 42.821579], [-119.482898, 42.825212], [-119.482901, 42.828845], [-119.482904, 42.832478], [-119.482907, 42.836111], [-119.487829, 42.836118], [-119.492751, 42.836124], [-119.497673, 42.836131], [-119.500134, 42.836135], [-119.501072, 42.836136], [-119.502595, 42.836138], [-119.502592, 42.832475], [-119.502591, 42.830655], [-119.50259, 42.828835], [-119.502588, 42.825204], [-119.502586, 42.821573], [-119.501072, 42.821574]]]}}, {"type": "Feature", "properties": {"PLSSID": "OR330320S0270E0", "FRSTDIVID": "OR330320S0270E0SN020", "FRSTDIVTYP": "SN", "FRSTDIVNO": "02"}, "geometry": {"type": "Polygon", "coordinates": [[[-119.517356, 42.821545], [-119.512433, 42.821555], [-119.50751, 42.821564], [-119.502586, 42.821573], [-119.502588, 42.825204], [-119.50259, 42.828835], [-119.502591, 42.830655], [-119.502592, 42.832475], [-119.502595, 42.836138], [-119.507517, 42.836145], [-119.512439, 42.836151], [-119.517361, 42.836158], [-119.522283, 42.836165], [-119.522283, 42.832401], [-119.522283, 42.82878], [-119.522281, 42.825158], [-119.522279, 42.821536], [-119.517356, 42.821545]]]}}, {"type": "Feature", "properties": {"PLSSID": "OR330320S0270E0", "FRSTDIVID": "OR330320S0270E0SN030", "FRSTDIVTYP": "SN", "FRSTDIVNO": "03"}, "geometry": {"type": "Polygon", "coordinates": [[[-119.522281, 42.825158], [-119.522283, 42.82878], [-119.522283, 42.832401], [-119.522283, 42.836165], [-119.527217, 42.836177], [-119.532152, 42.836188], [-119.537087, 42.8362], [-119.542022, 42.836212], [-119.542012, 42.832438], [-119.542002, 42.828844], [-119.542002, 42.82521], [-119.542002, 42.821576], [-119.537071, 42.821566], [-119.532141, 42.821556], [-119.52721, 42.821546], [-119.522279, 42.821536], [-119.522281, 42.825158]]]}}, {"type": "Feature", "properties": {"PLSSID": "OR330320S0270E0", "FRSTDIVID": "OR330320S0270E0SN040", "FRSTDIVTYP": "SN", "FRSTDIVNO": "04"}, "geometry": {"type": "Polygon", "coordinates": [[[-119.556759, 42.821525], [-119.55184, 42.821542], [-119.546921, 42.821559], [-119.542002, 42.821576], [-119.542002, 42.82521], [-119.542002, 42.828844], [-119.542012, 42.832438], [-119.542022, 42.836212], [-119.546957, 42.836224], [-119.551891, 42.836235], [-119.556826, 42.836247], [-119.561761, 42.836259], [-119.561739, 42.832368], [-119.561719, 42.828748], [-119.561698, 42.825128], [-119.561678, 42.821508], [-119.556759, 42.821525]]]}}, {"type": "Feature", "properties": {"PLSSID": "OR330320S0270E0", "FRSTDIVID": "OR330320S0270E0SN050", "FRSTDIVTYP": "SN", "FRSTDIVNO": "05"}, "geometry": {"type": "Polygon", "coordinates": [[[-119.57663, 42.821467], [-119.571646, 42.821481], [-119.566662, 42.821495], [-119.561678, 42.821508], [-119.561698, 42.825128], [-119.561719, 42.828748], [-119.561739, 42.832368], [-119.561761, 42.836259], [-119.566696, 42.836271], [-119.57163, 42.836282], [-119.576565, 42.836294], [-119.5815, 42.836306], [-119.581529, 42.832316], [-119.581554, 42.828696], [-119.581584, 42.825074], [-119.581613, 42.821453], [-119.57663, 42.821467]]]}}, {"type": "Feature", "properties": {"PLSSID": "OR330320S0270E0", "FRSTDIVID": "OR330320S0270E0SN060", "FRSTDIVTYP": "SN", "FRSTDIVNO": "06"}, "geometry": {"type": "Polygon", "coordinates": [[[-119.581584, 42.825074], [-119.581554, 42.828696], [-119.581529, 42.832316], [-119.5815, 42.836306], [-119.586435, 42.836318], [-119.59137, 42.836329], [-119.596304, 42.836341], [-119.599946, 42.83635], [-119.599961, 42.832692], [-119.599962, 42.832353], [-119.599976, 42.829037], [-119.599976, 42.829035], [-119.599976, 42.829032], [-119.599977, 42.828729], [-119.599991, 42.825379], [-119.599992, 42.825105], [-119.600006, 42.821724], [-119.600007, 42.821481], [-119.59645, 42.821475], [-119.591507, 42.821466], [-119.58656, 42.82146], [-119.581613, 42.821453], [-119.581584, 42.825074]]]}}, {"type": "Feature", "properties": {"PLSSID": "OR330320S0270E0", "FRSTDIVID": "OR330320S0270E0SN070", "FRSTDIVTYP": "SN", "FRSTDIVNO": "07"}, "geometry": {"type": "Polygon", "coordinates": [[[-119.59639, 42.806941], [-119.591485, 42.806946], [-119.58658, 42.806951], [-119.581674, 42.806956], [-119.581659, 42.81058], [-119.581644, 42.814204], [-119.581629, 42.817829], [-119.581613, 42.821453], [-119.58656, 42.82146], [-119.591507, 42.821466], [-119.59645, 42.821475], [-119.600007, 42.821481], [-119.599986, 42.818057], [-119.599985, 42.817845], [-119.599965, 42.814389], [-119.599964, 42.814209], [-119.599944, 42.810722], [-119.599943, 42.810574], [-119.599923, 42.807054], [-119.599922, 42.806938], [-119.59639, 42.806941]]]}}, {"type": "Feature", "properties": {"PLSSID": "OR330320S0270E0", "FRSTDIVID": "OR330320S0270E0SN080", "FRSTDIVTYP": "SN", "FRSTDIVNO": "08"}, "geometry": {"type": "Polygon", "coordinates": [[[-119.576706, 42.806967], [-119.571737, 42.806979], [-119.566768, 42.806991], [-119.5618, 42.807003], [-119.561769, 42.810629], [-119.561739, 42.814255], [-119.561709, 42.817882], [-119.561678, 42.821508], [-119.566662, 42.821495], [-119.571646, 42.821481], [-119.57663, 42.821467], [-119.581613, 42.821453], [-119.581629, 42.817829], [-119.581644, 42.814204], [-119.581659, 42.81058], [-119.581674, 42.806956], [-119.576706, 42.806967]]]}}, {"type": "Feature", "properties": {"PLSSID": "OR330320S0270E0", "FRSTDIVID": "OR330320S0270E0SN090", "FRSTDIVTYP": "SN", "FRSTDIVNO": "09"}, "geometry": {"type": "Polygon", "coordinates": [[[-119.556859, 42.807018], [-119.551917, 42.807033], [-119.546976, 42.807048], [-119.542035, 42.807063], [-119.542027, 42.810691], [-119.542018, 42.814319], [-119.54201, 42.817948], [-119.542002, 42.821576], [-119.546921, 42.821559], [-119.55184, 42.821542], [-119.556759, 42.821525], [-119.561678, 42.821508], [-119.561709, 42.817882], [-119.561739, 42.814255], [-119.561769, 42.810629], [-119.5618, 42.807003], [-119.556859, 42.807018]]]}}, {"type": "Feature", "properties": {"PLSSID": "OR330320S0270E0", "FRSTDIVID": "OR330320S0270E0SN100", "FRSTDIVTYP": "SN", "FRSTDIVNO": "10"}, "geometry": {"type": "Polygon", "coordinates": [[[-119.5223, 42.810659], [-119.522293, 42.814285], [-119.522286, 42.81791], [-119.522279, 42.821536], [-119.52721, 42.821546], [-119.532141, 42.821556], [-119.537071, 42.821566], [-119.542002, 42.821576], [-119.54201, 42.817948], [-119.542018, 42.814319], [-119.542027, 42.810691], [-119.542035, 42.807063], [-119.537103, 42.807056], [-119.532171, 42.807048], [-119.527239, 42.807041], [-119.522307, 42.807034], [-119.5223, 42.810659]]]}}, {"type": "Feature", "properties": {"PLSSID": "OR330320S0270E0", "FRSTDIVID": "OR330320S0270E0SN110", "FRSTDIVTYP": "SN", "FRSTDIVNO": "11"}, "geometry": {"type": "Polygon", "coordinates": [[[-119.517383, 42.80705], [-119.512459, 42.807066], [-119.507536, 42.807082], [-119.502612, 42.807098], [-119.502606, 42.810717], [-119.502599, 42.814336], [-119.502593, 42.817954], [-119.502586, 42.821573], [-119.50751, 42.821564], [-119.512433, 42.821555], [-119.517356, 42.821545], [-119.522279, 42.821536], [-119.522286, 42.81791], [-119.522293, 42.814285], [-119.5223, 42.810659], [-119.522307, 42.807034], [-119.517383, 42.80705]]]}}, {"type": "Feature", "properties": {"PLSSID": "OR330320S0270E0", "FRSTDIVID": "OR330320S0270E0SN120", "FRSTDIVTYP": "SN", "FRSTDIVNO": "12"}, "geometry": {"type": "Polygon", "coordinates": [[[-119.501072, 42.807102], [-119.497659, 42.807111], [-119.492706, 42.807125], [-119.487753, 42.807138], [-119.4828, 42.807152], [-119.482823, 42.810759], [-119.482847, 42.814366], [-119.482871, 42.817972], [-119.482894, 42.821579], [-119.487818, 42.821578], [-119.492741, 42.821576], [-119.497664, 42.821575], [-119.501072, 42.821574], [-119.502586, 42.821573], [-119.502593, 42.817954], [-119.502599, 42.814336], [-119.502606, 42.810717], [-119.502612, 42.807098], [-119.501072, 42.807102]]]}}, {"type": "Feature", "properties": {"PLSSID": "OR330320S0270E0", "FRSTDIVID": "OR330320S0270E0SN130", "FRSTDIVTYP": "SN", "FRSTDIVNO": "13"}, "geometry": {"type": "Polygon", "coordinates": [[[-119.501071, 42.792655], [-119.497749, 42.792665], [-119.4928, 42.792681], [-119.487851, 42.792697], [-119.482902, 42.792713], [-119.482877, 42.796323], [-119.482851, 42.799933], [-119.482825, 42.803542], [-119.4828, 42.807152], [-119.487753, 42.807138], [-119.492706, 42.807125], [-119.497659, 42.807111], [-119.501072, 42.807102], [-119.502612, 42.807098], [-119.502634, 42.803486], [-119.502655, 42.799874], [-119.502677, 42.796261], [-119.502699, 42.792649], [-119.501071, 42.792655]]]}}, {"type": "Feature", "properties": {"PLSSID": "OR330320S0270E0", "FRSTDIVID": "OR330320S0270E0SN140", "FRSTDIVTYP": "SN", "FRSTDIVNO": "14"}, "geometry": {"type": "Polygon", "coordinates": [[[-119.517502, 42.792581], [-119.512568, 42.792604], [-119.507633, 42.792627], [-119.502699, 42.792649], [-119.502677, 42.796261], [-119.502655, 42.799874], [-119.502634, 42.803486], [-119.502612, 42.807098], [-119.507536, 42.807082], [-119.512459, 42.807066], [-119.517383, 42.80705], [-119.522307, 42.807034], [-119.522339, 42.803415], [-119.522372, 42.799796], [-119.522404, 42.796177], [-119.522437, 42.792559], [-119.517502, 42.792581]]]}}, {"type": "Feature", "properties": {"PLSSID": "OR330320S0270E0", "FRSTDIVID": "OR330320S0270E0SN150", "FRSTDIVTYP": "SN", "FRSTDIVNO": "15"}, "geometry": {"type": "Polygon", "coordinates": [[[-119.537185, 42.792544], [-119.532269, 42.792549], [-119.527353, 42.792554], [-119.522437, 42.792559], [-119.522404, 42.796177], [-119.522372, 42.799796], [-119.522339, 42.803415], [-119.522307, 42.807034], [-119.527239, 42.807041], [-119.532171, 42.807048], [-119.537103, 42.807056], [-119.542035, 42.807063], [-119.542052, 42.803432], [-119.542068, 42.799801], [-119.542085, 42.79617], [-119.542101, 42.792539], [-119.537185, 42.792544]]]}}, {"type": "Feature", "properties": {"PLSSID": "OR330320S0270E0", "FRSTDIVID": "OR330320S0270E0SN160", "FRSTDIVTYP": "SN", "FRSTDIVNO": "16"}, "geometry": {"type": "Polygon", "coordinates": [[[-119.556925, 42.792487], [-119.551984, 42.792504], [-119.547043, 42.792522], [-119.542101, 42.792539], [-119.542085, 42.79617], [-119.542068, 42.799801], [-119.542052, 42.803432], [-119.542035, 42.807063], [-119.546976, 42.807048], [-119.551917, 42.807033], [-119.556859, 42.807018], [-119.5618, 42.807003], [-119.561816, 42.803369], [-119.561833, 42.799736], [-119.561849, 42.796103], [-119.561866, 42.79247], [-119.556925, 42.792487]]]}}, {"type": "Feature", "properties": {"PLSSID": "OR330320S0270E0", "FRSTDIVID": "OR330320S0270E0SN170", "FRSTDIVTYP": "SN", "FRSTDIVNO": "17"}, "geometry": {"type": "Polygon", "coordinates": [[[-119.576719, 42.792408], [-119.571768, 42.792428], [-119.566817, 42.792449], [-119.561866, 42.79247], [-119.561849, 42.796103], [-119.561833, 42.799736], [-119.561816, 42.803369], [-119.5618, 42.807003], [-119.566768, 42.806991], [-119.571737, 42.806979], [-119.576706, 42.806967], [-119.581674, 42.806956], [-119.581673, 42.803314], [-119.581672, 42.799671], [-119.581671, 42.796029], [-119.58167, 42.792387], [-119.576719, 42.792408]]]}}, {"type": "Feature", "properties": {"PLSSID": "OR330320S0270E0", "FRSTDIVID": "OR330320S0270E0SN180", "FRSTDIVTYP": "SN", "FRSTDIVNO": "18"}, "geometry": {"type": "Polygon", "coordinates": [[[-119.596307, 42.792383], [-119.591428, 42.792384], [-119.586549, 42.792386], [-119.58167, 42.792387], [-119.581671, 42.796029], [-119.581672, 42.799671], [-119.581673, 42.803314], [-119.581674, 42.806956], [-119.58658, 42.806951], [-119.591485, 42.806946], [-119.59639, 42.806941], [-119.599922, 42.806938], [-119.599901, 42.803384], [-119.599901, 42.803299], [-119.59988, 42.799715], [-119.599879, 42.79966], [-119.599858, 42.796048], [-119.599858, 42.796035], [-119.599858, 42.796021], [-119.599837, 42.792382], [-119.596307, 42.792383]]]}}, {"type": "Feature", "properties": {"PLSSID": "OR330320S0270E0", "FRSTDIVID": "OR330320S0270E0SN190", "FRSTDIVTYP": "SN", "FRSTDIVNO": "19"}, "geometry": {"type": "Polygon", "coordinates": [[[-119.596198, 42.777831], [-119.591316, 42.777838], [-119.586434, 42.777845], [-119.581553, 42.777852], [-119.581582, 42.781486], [-119.581611, 42.785119], [-119.581641, 42.788753], [-119.58167, 42.792387], [-119.586549, 42.792386], [-119.591428, 42.792384], [-119.596307, 42.792383], [-119.599837, 42.792382], [-119.599816, 42.788743], [-119.599795, 42.785104], [-119.599773, 42.781465], [-119.599752, 42.777826], [-119.596198, 42.777831]]]}}, {"type": "Feature", "properties": {"PLSSID": "OR330320S0270E0", "FRSTDIVID": "OR330320S0270E0SN200", "FRSTDIVTYP": "SN", "FRSTDIVNO": "20"}, "geometry": {"type": "Polygon", "coordinates": [[[-119.57662, 42.777865], [-119.571687, 42.777878], [-119.566754, 42.777892], [-119.561821, 42.777905], [-119.561832, 42.781546], [-119.561843, 42.785187], [-119.561854, 42.788829], [-119.561866, 42.79247], [-119.566817, 42.792449], [-119.571768, 42.792428], [-119.576719, 42.792408], [-119.58167, 42.792387], [-119.581641, 42.788753], [-119.581611, 42.785119], [-119.581582, 42.781486], [-119.581553, 42.777852], [-119.57662, 42.777865]]]}}, {"type": "Feature", "properties": {"PLSSID": "OR330320S0270E0", "FRSTDIVID": "OR330320S0270E0SN210", "FRSTDIVTYP": "SN", "FRSTDIVNO": "21"}, "geometry": {"type": "Polygon", "coordinates": [[[-119.556887, 42.777926], [-119.551952, 42.777947], [-119.547018, 42.777968], [-119.542083, 42.777989], [-119.542088, 42.781626], [-119.542092, 42.785264], [-119.542097, 42.788902], [-119.542101, 42.792539], [-119.547043, 42.792522], [-119.551984, 42.792504], [-119.556925, 42.792487], [-119.561866, 42.79247], [-119.561854, 42.788829], [-119.561843, 42.785187], [-119.561832, 42.781546], [-119.561821, 42.777905], [-119.556887, 42.777926]]]}}, {"type": "Feature", "properties": {"PLSSID": "OR330320S0270E0", "FRSTDIVID": "OR330320S0270E0SN220", "FRSTDIVTYP": "SN", "FRSTDIVNO": "22"}, "geometry": {"type": "Polygon", "coordinates": [[[-119.537155, 42.778001], [-119.532226, 42.778014], [-119.527297, 42.778026], [-119.522368, 42.778038], [-119.522385, 42.781669], [-119.522403, 42.785299], [-119.52242, 42.788929], [-119.522437, 42.792559], [-119.527353, 42.792554], [-119.532269, 42.792549], [-119.537185, 42.792544], [-119.542101, 42.792539], [-119.542097, 42.788902], [-119.542092, 42.785264], [-119.542088, 42.781626], [-119.542083, 42.777989], [-119.537155, 42.778001]]]}}, {"type": "Feature", "properties": {"PLSSID": "OR330320S0270E0", "FRSTDIVID": "OR330320S0270E0SN230", "FRSTDIVTYP": "SN", "FRSTDIVNO": "23"}, "geometry": {"type": "Polygon", "coordinates": [[[-119.517437, 42.778059], [-119.512506, 42.778081], [-119.507574, 42.778101], [-119.502643, 42.778122], [-119.502657, 42.781754], [-119.50267, 42.785386], [-119.502684, 42.789018], [-119.502699, 42.792649], [-119.507633, 42.792627], [-119.512568, 42.792604], [-119.517502, 42.792581], [-119.522437, 42.792559], [-119.52242, 42.788929], [-119.522403, 42.785299], [-119.522385, 42.781669], [-119.522368, 42.778038], [-119.517437, 42.778059]]]}}, {"type": "Feature", "properties": {"PLSSID": "OR330320S0270E0", "FRSTDIVID": "OR330320S0270E0SN240", "FRSTDIVTYP": "SN", "FRSTDIVNO": "24"}, "geometry": {"type": "Polygon", "coordinates": [[[-119.501071, 42.778131], [-119.4977, 42.778149], [-119.492757, 42.778176], [-119.487815, 42.778203], [-119.482873, 42.77823], [-119.48288, 42.781851], [-119.482887, 42.785472], [-119.482895, 42.789093], [-119.482902, 42.792713], [-119.487851, 42.792697], [-119.4928, 42.792681], [-119.497749, 42.792665], [-119.501071, 42.792655], [-119.502699, 42.792649], [-119.502684, 42.789018], [-119.50267, 42.785386], [-119.502657, 42.781754], [-119.502643, 42.778122], [-119.501071, 42.778131]]]}}, {"type": "Feature", "properties": {"PLSSID": "OR330320S0270E0", "FRSTDIVID": "OR330320S0270E0SN250", "FRSTDIVTYP": "SN", "FRSTDIVNO": "25"}, "geometry": {"type": "Polygon", "coordinates": [[[-119.50107, 42.763613], [-119.497666, 42.763638], [-119.492725, 42.763674], [-119.487784, 42.76371], [-119.482843, 42.763746], [-119.482851, 42.767367], [-119.482858, 42.770988], [-119.482865, 42.774609], [-119.482873, 42.77823], [-119.487815, 42.778203], [-119.492757, 42.778176], [-119.4977, 42.778149], [-119.501071, 42.778131], [-119.502643, 42.778122], [-119.502634, 42.774492], [-119.502625, 42.770862], [-119.502616, 42.767232], [-119.502607, 42.763602], [-119.50107, 42.763613]]]}}, {"type": "Feature", "properties": {"PLSSID": "OR330320S0270E0", "FRSTDIVID": "OR330320S0270E0SN260", "FRSTDIVTYP": "SN", "FRSTDIVNO": "26"}, "geometry": {"type": "Polygon", "coordinates": [[[-119.517385, 42.76352], [-119.512459, 42.763547], [-119.507533, 42.763575], [-119.502607, 42.763602], [-119.502616, 42.767232], [-119.502625, 42.770862], [-119.502634, 42.774492], [-119.502643, 42.778122], [-119.507574, 42.778101], [-119.512506, 42.778081], [-119.517437, 42.778059], [-119.522368, 42.778038], [-119.522354, 42.774402], [-119.52234, 42.770766], [-119.522326, 42.767129], [-119.522312, 42.763492], [-119.517385, 42.76352]]]}}, {"type": "Feature", "properties": {"PLSSID": "OR330320S0270E0", "FRSTDIVID": "OR330320S0270E0SN270", "FRSTDIVTYP": "SN", "FRSTDIVNO": "27"}, "geometry": {"type": "Polygon", "coordinates": [[[-119.537094, 42.76344], [-119.532167, 42.763458], [-119.527239, 42.763475], [-119.522312, 42.763492], [-119.522326, 42.767129], [-119.52234, 42.770766], [-119.522354, 42.774402], [-119.522368, 42.778038], [-119.527297, 42.778026], [-119.532226, 42.778014], [-119.537155, 42.778001], [-119.542083, 42.777989], [-119.542068, 42.774347], [-119.542053, 42.770706], [-119.542037, 42.767065], [-119.542022, 42.763423], [-119.537094, 42.76344]]]}}, {"type": "Feature", "properties": {"PLSSID": "OR330320S0270E0", "FRSTDIVID": "OR330320S0270E0SN280", "FRSTDIVTYP": "SN", "FRSTDIVNO": "28"}, "geometry": {"type": "Polygon", "coordinates": [[[-119.556854, 42.763369], [-119.55191, 42.763387], [-119.546966, 42.763405], [-119.542022, 42.763423], [-119.542037, 42.767065], [-119.542053, 42.770706], [-119.542068, 42.774347], [-119.542083, 42.777989], [-119.547018, 42.777968], [-119.551952, 42.777947], [-119.556887, 42.777926], [-119.561821, 42.777905], [-119.561815, 42.774267], [-119.561809, 42.770628], [-119.561803, 42.76699], [-119.561797, 42.763352], [-119.556854, 42.763369]]]}}, {"type": "Feature", "properties": {"PLSSID": "OR330320S0270E0", "FRSTDIVID": "OR330320S0270E0SN290", "FRSTDIVTYP": "SN", "FRSTDIVNO": "29"}, "geometry": {"type": "Polygon", "coordinates": [[[-119.576592, 42.76333], [-119.571661, 42.763337], [-119.566729, 42.763344], [-119.561797, 42.763352], [-119.561803, 42.76699], [-119.561809, 42.770628], [-119.561815, 42.774267], [-119.561821, 42.777905], [-119.566754, 42.777892], [-119.571687, 42.777878], [-119.57662, 42.777865], [-119.581553, 42.777852], [-119.581545, 42.77422], [-119.581538, 42.770587], [-119.581531, 42.766955], [-119.581524, 42.763323], [-119.576592, 42.76333]]]}}, {"type": "Feature", "properties": {"PLSSID": "OR330320S0270E0", "FRSTDIVID": "OR330320S0270E0SN300", "FRSTDIVTYP": "SN", "FRSTDIVNO": "30"}, "geometry": {"type": "Polygon", "coordinates": [[[-119.596095, 42.763301], [-119.591238, 42.763308], [-119.586381, 42.763315], [-119.581524, 42.763323], [-119.581531, 42.766955], [-119.581538, 42.770587], [-119.581545, 42.77422], [-119.581553, 42.777852], [-119.586434, 42.777845], [-119.591316, 42.777838], [-119.596198, 42.777831], [-119.599752, 42.777826], [-119.599748, 42.774194], [-119.599745, 42.770561], [-119.599741, 42.766928], [-119.599737, 42.763295], [-119.596095, 42.763301]]]}}, {"type": "Feature", "properties": {"PLSSID": "OR330320S0270E0", "FRSTDIVID": "OR330320S0270E0SN310", "FRSTDIVTYP": "SN", "FRSTDIVNO": "31"}, "geometry": {"type": "Polygon", "coordinates": [[[-119.581242, 42.749901], [-119.581295, 42.752401], [-119.581371, 42.756041], [-119.581448, 42.759682], [-119.581524, 42.763323], [-119.586381, 42.763315], [-119.591238, 42.763308], [-119.596095, 42.763301], [-119.599737, 42.763295], [-119.599734, 42.759663], [-119.59973, 42.75603], [-119.599726, 42.752397], [-119.599724, 42.749896], [-119.599723, 42.748764], [-119.595969, 42.748763], [-119.591052, 42.748762], [-119.586135, 42.748761], [-119.581219, 42.74876], [-119.581242, 42.749901]]]}}, {"type": "Feature", "properties": {"PLSSID": "OR330320S0270E0", "FRSTDIVID": "OR330320S0270E0SN320", "FRSTDIVTYP": "SN", "FRSTDIVNO": "32"}, "geometry": {"type": "Polygon", "coordinates": [[[-119.576303, 42.748767], [-119.571388, 42.748774], [-119.566473, 42.748781], [-119.561558, 42.748789], [-119.561576, 42.749902], [-119.561618, 42.752429], [-119.561677, 42.75607], [-119.561737, 42.759711], [-119.561797, 42.763352], [-119.566729, 42.763344], [-119.571661, 42.763337], [-119.576592, 42.76333], [-119.581524, 42.763323], [-119.581448, 42.759682], [-119.581371, 42.756041], [-119.581295, 42.752401], [-119.581242, 42.749901], [-119.581219, 42.74876], [-119.576303, 42.748767]]]}}, {"type": "Feature", "properties": {"PLSSID": "OR330320S0270E0", "FRSTDIVID": "OR330320S0270E0SN330", "FRSTDIVTYP": "SN", "FRSTDIVNO": "33"}, "geometry": {"type": "Polygon", "coordinates": [[[-119.556643, 42.748796], [-119.551728, 42.748803], [-119.546812, 42.74881], [-119.541897, 42.748817], [-119.541906, 42.7499], [-119.541928, 42.752469], [-119.541959, 42.75612], [-119.541991, 42.759772], [-119.542022, 42.763423], [-119.546966, 42.763405], [-119.55191, 42.763387], [-119.556854, 42.763369], [-119.561797, 42.763352], [-119.561737, 42.759711], [-119.561677, 42.75607], [-119.561618, 42.752429], [-119.561576, 42.749902], [-119.561558, 42.748789], [-119.556643, 42.748796]]]}}, {"type": "Feature", "properties": {"PLSSID": "OR330320S0270E0", "FRSTDIVID": "OR330320S0270E0SN340", "FRSTDIVTYP": "SN", "FRSTDIVNO": "34"}, "geometry": {"type": "Polygon", "coordinates": [[[-119.53782, 42.748838], [-119.537001, 42.748842], [-119.532104, 42.748867], [-119.527179, 42.748901], [-119.522253, 42.748936], [-119.522257, 42.749895], [-119.522268, 42.752575], [-119.522282, 42.756214], [-119.522297, 42.759853], [-119.522312, 42.763492], [-119.527239, 42.763475], [-119.532167, 42.763458], [-119.537094, 42.76344], [-119.542022, 42.763423], [-119.541991, 42.759772], [-119.541959, 42.75612], [-119.541928, 42.752469], [-119.541906, 42.7499], [-119.541897, 42.748817], [-119.53782, 42.748838]]]}}, {"type": "Feature", "properties": {"PLSSID": "OR330320S0270E0", "FRSTDIVID": "OR330320S0270E0SN350", "FRSTDIVTYP": "SN", "FRSTDIVNO": "35"}, "geometry": {"type": "Polygon", "coordinates": [[[-119.517327, 42.748971], [-119.512402, 42.749007], [-119.507485, 42.749031], [-119.502568, 42.749056], [-119.50257, 42.749886], [-119.502577, 42.752693], [-119.502587, 42.756329], [-119.502597, 42.759966], [-119.502607, 42.763602], [-119.507533, 42.763575], [-119.512459, 42.763547], [-119.517385, 42.76352], [-119.522312, 42.763492], [-119.522297, 42.759853], [-119.522282, 42.756214], [-119.522268, 42.752575], [-119.522257, 42.749895], [-119.522253, 42.748936], [-119.517327, 42.748971]]]}}, {"type": "Feature", "properties": {"PLSSID": "OR330320S0270E0", "FRSTDIVID": "OR330320S0270E0SN360", "FRSTDIVTYP": "SN", "FRSTDIVNO": "36"}, "geometry": {"type": "Polygon", "coordinates": [[[-119.501069, 42.749066], [-119.497639, 42.749087], [-119.492711, 42.749117], [-119.48779, 42.749133], [-119.482869, 42.74915], [-119.482868, 42.749894], [-119.482863, 42.752799], [-119.482856, 42.756448], [-119.48285, 42.760097], [-119.482843, 42.763746], [-119.487784, 42.76371], [-119.492725, 42.763674], [-119.497666, 42.763638], [-119.50107, 42.763613], [-119.502607, 42.763602], [-119.502597, 42.759966], [-119.502587, 42.756329], [-119.502577, 42.752693], [-119.50257, 42.749886], [-119.502568, 42.749056], [-119.501069, 42.749066]]]}}, {"type": "Feature", "properties": {"PLSSID": "OR330320S0260E0", "FRSTDIVID": "OR330320S0260E0SN010", "FRSTDIVTYP": "SN", "FRSTDIVNO": "01"}, "geometry": {"type": "Polygon", "coordinates": [[[-119.614767, 42.821649], [-119.609846, 42.821674], [-119.604926, 42.821699], [-119.600006, 42.821724], [-119.599992, 42.825105], [-119.599991, 42.825379], [-119.599977, 42.828729], [-119.599976, 42.829032], [-119.599976, 42.829035], [-119.599976, 42.829037], [-119.599962, 42.832353], [-119.599961, 42.832692], [-119.599946, 42.83635], [-119.604883, 42.836357], [-119.60982, 42.836365], [-119.614757, 42.836372], [-119.619694, 42.83638], [-119.619682, 42.832694], [-119.61967, 42.828984], [-119.619679, 42.825304], [-119.619687, 42.821624], [-119.614767, 42.821649]]]}}, {"type": "Feature", "properties": {"PLSSID": "OR330320S0260E0", "FRSTDIVID": "OR330320S0260E0SN020", "FRSTDIVTYP": "SN", "FRSTDIVNO": "02"}, "geometry": {"type": "Polygon", "coordinates": [[[-119.63441, 42.821497], [-119.629502, 42.821539], [-119.626076, 42.821569], [-119.624595, 42.821582], [-119.619687, 42.821624], [-119.619679, 42.825304], [-119.61967, 42.828984], [-119.619682, 42.832694], [-119.619694, 42.83638], [-119.624631, 42.836387], [-119.626076, 42.83639], [-119.629568, 42.836395], [-119.634505, 42.836402], [-119.639442, 42.83641], [-119.639412, 42.83271], [-119.63938, 42.828958], [-119.639349, 42.825206], [-119.639318, 42.821454], [-119.63441, 42.821497]]]}}, {"type": "Feature", "properties": {"PLSSID": "OR330320S0260E0", "FRSTDIVID": "OR330320S0260E0SN030", "FRSTDIVTYP": "SN", "FRSTDIVNO": "03"}, "geometry": {"type": "Polygon", "coordinates": [[[-119.639349, 42.825206], [-119.63938, 42.828958], [-119.639412, 42.83271], [-119.639442, 42.83641], [-119.644379, 42.836417], [-119.649316, 42.836425], [-119.654253, 42.836433], [-119.65919, 42.83644], [-119.659237, 42.832726], [-119.659284, 42.829012], [-119.659361, 42.825311], [-119.659439, 42.821609], [-119.654409, 42.82157], [-119.649378, 42.821532], [-119.644348, 42.821493], [-119.639318, 42.821454], [-119.639349, 42.825206]]]}}, {"type": "Feature", "properties": {"PLSSID": "OR330320S0260E0", "FRSTDIVID": "OR330320S0260E0SN040", "FRSTDIVTYP": "SN", "FRSTDIVNO": "04"}, "geometry": {"type": "Polygon", "coordinates": [[[-119.659361, 42.825311], [-119.659284, 42.829012], [-119.659237, 42.832726], [-119.65919, 42.83644], [-119.664097, 42.836438], [-119.669004, 42.836435], [-119.673911, 42.836433], [-119.678818, 42.83643], [-119.67892, 42.832716], [-119.67902, 42.829061], [-119.67912, 42.825405], [-119.679221, 42.82175], [-119.674275, 42.821715], [-119.66933, 42.82168], [-119.664384, 42.821644], [-119.659439, 42.821609], [-119.659361, 42.825311]]]}}, {"type": "Feature", "properties": {"PLSSID": "OR330320S0260E0", "FRSTDIVID": "OR330320S0260E0SN050", "FRSTDIVTYP": "SN", "FRSTDIVNO": "05"}, "geometry": {"type": "Polygon", "coordinates": [[[-119.693757, 42.821731], [-119.688912, 42.821737], [-119.684066, 42.821744], [-119.679221, 42.82175], [-119.67912, 42.825405], [-119.67902, 42.829061], [-119.67892, 42.832716], [-119.678818, 42.83643], [-119.683725, 42.836428], [-119.688631, 42.836425], [-119.693538, 42.836423], [-119.698445, 42.83642], [-119.698503, 42.832673], [-119.698561, 42.829022], [-119.698582, 42.825373], [-119.698603, 42.821725], [-119.693757, 42.821731]]]}}, {"type": "Feature", "properties": {"PLSSID": "OR330320S0260E0", "FRSTDIVID": "OR330320S0260E0SN060", "FRSTDIVTYP": "SN", "FRSTDIVNO": "06"}, "geometry": {"type": "Polygon", "coordinates": [[[-119.698582, 42.825373], [-119.698561, 42.829022], [-119.698503, 42.832673], [-119.698445, 42.83642], [-119.703352, 42.836418], [-119.705928, 42.836416], [-119.705919, 42.833925], [-119.705919, 42.832752], [-119.705919, 42.830291], [-119.705919, 42.82908], [-119.705919, 42.826657], [-119.705919, 42.825408], [-119.705919, 42.823023], [-119.705918, 42.821737], [-119.703483, 42.821729], [-119.698603, 42.821725], [-119.698582, 42.825373]]]}}, {"type": "Feature", "properties": {"PLSSID": "OR330320S0260E0", "FRSTDIVID": "OR330320S0260E0SN070", "FRSTDIVTYP": "SN", "FRSTDIVNO": "07"}, "geometry": {"type": "Polygon", "coordinates": [[[-119.698711, 42.810744], [-119.698675, 42.814404], [-119.698639, 42.818064], [-119.698603, 42.821725], [-119.703483, 42.821729], [-119.705918, 42.821737], [-119.705918, 42.819389], [-119.705918, 42.818086], [-119.705918, 42.815755], [-119.705918, 42.814434], [-119.705918, 42.812122], [-119.705918, 42.810781], [-119.705918, 42.808488], [-119.705918, 42.80713], [-119.703547, 42.807115], [-119.698747, 42.807084], [-119.698711, 42.810744]]]}}, {"type": "Feature", "properties": {"PLSSID": "OR330320S0260E0", "FRSTDIVID": "OR330320S0260E0SN080", "FRSTDIVTYP": "SN", "FRSTDIVNO": "08"}, "geometry": {"type": "Polygon", "coordinates": [[[-119.679505, 42.810671], [-119.679411, 42.814364], [-119.679316, 42.818057], [-119.679221, 42.82175], [-119.684066, 42.821744], [-119.688912, 42.821737], [-119.693757, 42.821731], [-119.698603, 42.821725], [-119.698639, 42.818064], [-119.698675, 42.814404], [-119.698711, 42.810744], [-119.698747, 42.807084], [-119.69396, 42.807058], [-119.689174, 42.807031], [-119.684387, 42.807005], [-119.6796, 42.806978], [-119.679505, 42.810671]]]}}, {"type": "Feature", "properties": {"PLSSID": "OR330320S0260E0", "FRSTDIVID": "OR330320S0260E0SN090", "FRSTDIVTYP": "SN", "FRSTDIVNO": "09"}, "geometry": {"type": "Polygon", "coordinates": [[[-119.660044, 42.810596], [-119.659842, 42.814267], [-119.659641, 42.817938], [-119.659439, 42.821609], [-119.664384, 42.821644], [-119.66933, 42.82168], [-119.674275, 42.821715], [-119.679221, 42.82175], [-119.679316, 42.818057], [-119.679411, 42.814364], [-119.679505, 42.810671], [-119.6796, 42.806978], [-119.674762, 42.806965], [-119.669923, 42.806952], [-119.665085, 42.806939], [-119.660246, 42.806925], [-119.660044, 42.810596]]]}}, {"type": "Feature", "properties": {"PLSSID": "OR330320S0260E0", "FRSTDIVID": "OR330320S0260E0SN100", "FRSTDIVTYP": "SN", "FRSTDIVNO": "10"}, "geometry": {"type": "Polygon", "coordinates": [[[-119.639169, 42.810514], [-119.639219, 42.814161], [-119.639268, 42.817807], [-119.639318, 42.821454], [-119.644348, 42.821493], [-119.649378, 42.821532], [-119.654409, 42.82157], [-119.659439, 42.821609], [-119.659641, 42.817938], [-119.659842, 42.814267], [-119.660044, 42.810596], [-119.660246, 42.806925], [-119.654964, 42.806911], [-119.649683, 42.806896], [-119.644401, 42.806882], [-119.639119, 42.806867], [-119.639169, 42.810514]]]}}, {"type": "Feature", "properties": {"PLSSID": "OR330320S0260E0", "FRSTDIVID": "OR330320S0260E0SN110", "FRSTDIVTYP": "SN", "FRSTDIVNO": "11"}, "geometry": {"type": "Polygon", "coordinates": [[[-119.634245, 42.806901], [-119.62937, 42.806935], [-119.626076, 42.806958], [-119.624495, 42.806969], [-119.61962, 42.807003], [-119.619637, 42.810659], [-119.619653, 42.814314], [-119.61967, 42.817969], [-119.619687, 42.821624], [-119.624595, 42.821582], [-119.626076, 42.821569], [-119.629502, 42.821539], [-119.63441, 42.821497], [-119.639318, 42.821454], [-119.639268, 42.817807], [-119.639219, 42.814161], [-119.639169, 42.810514], [-119.639119, 42.806867], [-119.634245, 42.806901]]]}}, {"type": "Feature", "properties": {"PLSSID": "OR330320S0260E0", "FRSTDIVID": "OR330320S0260E0SN120", "FRSTDIVTYP": "SN", "FRSTDIVNO": "12"}, "geometry": {"type": "Polygon", "coordinates": [[[-119.614695, 42.807016], [-119.609771, 42.807029], [-119.604847, 42.807042], [-119.599923, 42.807054], [-119.599943, 42.810574], [-119.599944, 42.810722], [-119.599964, 42.814209], [-119.599965, 42.814389], [-119.599985, 42.817845], [-119.599986, 42.818057], [-119.600007, 42.821481], [-119.600006, 42.821724], [-119.604926, 42.821699], [-119.609846, 42.821674], [-119.614767, 42.821649], [-119.619687, 42.821624], [-119.61967, 42.817969], [-119.619653, 42.814314], [-119.619637, 42.810659], [-119.61962, 42.807003], [-119.614695, 42.807016]]]}}, {"type": "Feature", "properties": {"PLSSID": "OR330320S0260E0", "FRSTDIVID": "OR330320S0260E0SN130", "FRSTDIVTYP": "SN", "FRSTDIVNO": "13"}, "geometry": {"type": "Polygon", "coordinates": [[[-119.599858, 42.796021], [-119.599858, 42.796035], [-119.599858, 42.796048], [-119.599879, 42.79966], [-119.59988, 42.799715], [-119.599901, 42.803299], [-119.599901, 42.803384], [-119.599922, 42.806938], [-119.599923, 42.807054], [-119.604847, 42.807042], [-119.609771, 42.807029], [-119.614695, 42.807016], [-119.61962, 42.807003], [-119.619642, 42.803369], [-119.619663, 42.799734], [-119.619685, 42.796099], [-119.619706, 42.792464], [-119.614739, 42.792444], [-119.609772, 42.792423], [-119.604804, 42.792403], [-119.599837, 42.792382], [-119.599858, 42.796021]]]}}, {"type": "Feature", "properties": {"PLSSID": "OR330320S0260E0", "FRSTDIVID": "OR330320S0260E0SN140", "FRSTDIVTYP": "SN", "FRSTDIVNO": "14"}, "geometry": {"type": "Polygon", "coordinates": [[[-119.634586, 42.792419], [-119.629626, 42.792434], [-119.626076, 42.792445], [-119.624666, 42.792449], [-119.619706, 42.792464], [-119.619685, 42.796099], [-119.619663, 42.799734], [-119.619642, 42.803369], [-119.61962, 42.807003], [-119.624495, 42.806969], [-119.626076, 42.806958], [-119.62937, 42.806935], [-119.634245, 42.806901], [-119.639119, 42.806867], [-119.639226, 42.803251], [-119.639332, 42.799635], [-119.639439, 42.79602], [-119.639545, 42.792404], [-119.634586, 42.792419]]]}}, {"type": "Feature", "properties": {"PLSSID": "OR330320S0260E0", "FRSTDIVID": "OR330320S0260E0SN150", "FRSTDIVTYP": "SN", "FRSTDIVNO": "15"}, "geometry": {"type": "Polygon", "coordinates": [[[-119.654746, 42.792388], [-119.649679, 42.792394], [-119.644612, 42.792399], [-119.639545, 42.792404], [-119.639439, 42.79602], [-119.639332, 42.799635], [-119.639226, 42.803251], [-119.639119, 42.806867], [-119.644401, 42.806882], [-119.649683, 42.806896], [-119.654964, 42.806911], [-119.660246, 42.806925], [-119.660138, 42.80329], [-119.660029, 42.799654], [-119.659921, 42.796018], [-119.659813, 42.792383], [-119.654746, 42.792388]]]}}, {"type": "Feature", "properties": {"PLSSID": "OR330320S0260E0", "FRSTDIVID": "OR330320S0260E0SN160", "FRSTDIVTYP": "SN", "FRSTDIVNO": "16"}, "geometry": {"type": "Polygon", "coordinates": [[[-119.675017, 42.792364], [-119.669949, 42.79237], [-119.664881, 42.792377], [-119.659813, 42.792383], [-119.659921, 42.796018], [-119.660029, 42.799654], [-119.660138, 42.80329], [-119.660246, 42.806925], [-119.665085, 42.806939], [-119.669923, 42.806952], [-119.674762, 42.806965], [-119.6796, 42.806978], [-119.679721, 42.803323], [-119.679843, 42.799668], [-119.679964, 42.796013], [-119.680085, 42.792358], [-119.675017, 42.792364]]]}}, {"type": "Feature", "properties": {"PLSSID": "OR330320S0260E0", "FRSTDIVID": "OR330320S0260E0SN170", "FRSTDIVTYP": "SN", "FRSTDIVNO": "17"}, "geometry": {"type": "Polygon", "coordinates": [[[-119.679964, 42.796013], [-119.679843, 42.799668], [-119.679721, 42.803323], [-119.6796, 42.806978], [-119.684387, 42.807005], [-119.689174, 42.807031], [-119.69396, 42.807058], [-119.698747, 42.807084], [-119.698774, 42.803425], [-119.698802, 42.799765], [-119.698829, 42.796106], [-119.698857, 42.792446], [-119.694163, 42.792424], [-119.68947, 42.792402], [-119.684778, 42.79238], [-119.680085, 42.792358], [-119.679964, 42.796013]]]}}, {"type": "Feature", "properties": {"PLSSID": "OR330320S0260E0", "FRSTDIVID": "OR330320S0260E0SN180", "FRSTDIVTYP": "SN", "FRSTDIVNO": "18"}, "geometry": {"type": "Polygon", "coordinates": [[[-119.698829, 42.796106], [-119.698802, 42.799765], [-119.698774, 42.803425], [-119.698747, 42.807084], [-119.703547, 42.807115], [-119.705918, 42.80713], [-119.705992, 42.80482], [-119.705997, 42.803441], [-119.706006, 42.801169], [-119.706011, 42.799774], [-119.706019, 42.797518], [-119.706024, 42.796106], [-119.706032, 42.793867], [-119.706038, 42.79244], [-119.703661, 42.792452], [-119.698857, 42.792446], [-119.698829, 42.796106]]]}}, {"type": "Feature", "properties": {"PLSSID": "OR330320S0260E0", "FRSTDIVID": "OR330320S0260E0SN190", "FRSTDIVTYP": "SN", "FRSTDIVNO": "19"}, "geometry": {"type": "Polygon", "coordinates": [[[-119.7037, 42.777867], [-119.698684, 42.777924], [-119.698727, 42.781554], [-119.69877, 42.785185], [-119.698813, 42.788815], [-119.698857, 42.792446], [-119.703661, 42.792452], [-119.706038, 42.79244], [-119.706006, 42.79021], [-119.706013, 42.788776], [-119.706023, 42.78658], [-119.706029, 42.785132], [-119.706039, 42.78295], [-119.706045, 42.781488], [-119.706055, 42.779321], [-119.706062, 42.777843], [-119.7037, 42.777867]]]}}, {"type": "Feature", "properties": {"PLSSID": "OR330320S0260E0", "FRSTDIVID": "OR330320S0260E0SN200", "FRSTDIVTYP": "SN", "FRSTDIVNO": "20"}, "geometry": {"type": "Polygon", "coordinates": [[[-119.6936, 42.778004], [-119.688515, 42.778084], [-119.68343, 42.778164], [-119.678346, 42.778244], [-119.678781, 42.781772], [-119.679215, 42.785301], [-119.67965, 42.78883], [-119.680085, 42.792358], [-119.684778, 42.79238], [-119.68947, 42.792402], [-119.694163, 42.792424], [-119.698857, 42.792446], [-119.698813, 42.788815], [-119.69877, 42.785185], [-119.698727, 42.781554], [-119.698684, 42.777924], [-119.6936, 42.778004]]]}}, {"type": "Feature", "properties": {"PLSSID": "OR330320S0260E0", "FRSTDIVID": "OR330320S0260E0SN210", "FRSTDIVTYP": "SN", "FRSTDIVNO": "21"}, "geometry": {"type": "Polygon", "coordinates": [[[-119.659423, 42.781523], [-119.659553, 42.785143], [-119.659683, 42.788763], [-119.659813, 42.792383], [-119.664881, 42.792377], [-119.669949, 42.79237], [-119.675017, 42.792364], [-119.680085, 42.792358], [-119.67965, 42.78883], [-119.679215, 42.785301], [-119.678781, 42.781772], [-119.678346, 42.778244], [-119.673583, 42.778159], [-119.668819, 42.778073], [-119.664056, 42.777988], [-119.659293, 42.777903], [-119.659423, 42.781523]]]}}, {"type": "Feature", "properties": {"PLSSID": "OR330320S0260E0", "FRSTDIVID": "OR330320S0260E0SN220", "FRSTDIVTYP": "SN", "FRSTDIVNO": "22"}, "geometry": {"type": "Polygon", "coordinates": [[[-119.639541, 42.78152], [-119.639542, 42.785148], [-119.639544, 42.788776], [-119.639545, 42.792404], [-119.644612, 42.792399], [-119.649679, 42.792394], [-119.654746, 42.792388], [-119.659813, 42.792383], [-119.659683, 42.788763], [-119.659553, 42.785143], [-119.659423, 42.781523], [-119.659293, 42.777903], [-119.654355, 42.7779], [-119.649416, 42.777897], [-119.644478, 42.777895], [-119.63954, 42.777892], [-119.639541, 42.78152]]]}}, {"type": "Feature", "properties": {"PLSSID": "OR330320S0260E0", "FRSTDIVID": "OR330320S0260E0SN230", "FRSTDIVTYP": "SN", "FRSTDIVNO": "23"}, "geometry": {"type": "Polygon", "coordinates": [[[-119.634624, 42.777917], [-119.629707, 42.777942], [-119.626075, 42.77796], [-119.624792, 42.777967], [-119.619876, 42.777992], [-119.619833, 42.78161], [-119.619791, 42.785228], [-119.619749, 42.788846], [-119.619706, 42.792464], [-119.624666, 42.792449], [-119.626076, 42.792445], [-119.629626, 42.792434], [-119.634586, 42.792419], [-119.639545, 42.792404], [-119.639544, 42.788776], [-119.639542, 42.785148], [-119.639541, 42.78152], [-119.63954, 42.777892], [-119.634624, 42.777917]]]}}, {"type": "Feature", "properties": {"PLSSID": "OR330320S0260E0", "FRSTDIVID": "OR330320S0260E0SN240", "FRSTDIVTYP": "SN", "FRSTDIVNO": "24"}, "geometry": {"type": "Polygon", "coordinates": [[[-119.599773, 42.781465], [-119.599795, 42.785104], [-119.599816, 42.788743], [-119.599837, 42.792382], [-119.604804, 42.792403], [-119.609772, 42.792423], [-119.614739, 42.792444], [-119.619706, 42.792464], [-119.619749, 42.788846], [-119.619791, 42.785228], [-119.619833, 42.78161], [-119.619876, 42.777992], [-119.614845, 42.77795], [-119.609814, 42.777909], [-119.604783, 42.777868], [-119.599752, 42.777826], [-119.599773, 42.781465]]]}}, {"type": "Feature", "properties": {"PLSSID": "OR330320S0260E0", "FRSTDIVID": "OR330320S0260E0SN250", "FRSTDIVTYP": "SN", "FRSTDIVNO": "25"}, "geometry": {"type": "Polygon", "coordinates": [[[-119.614644, 42.763277], [-119.609675, 42.763283], [-119.604706, 42.763289], [-119.599737, 42.763295], [-119.599741, 42.766928], [-119.599745, 42.770561], [-119.599748, 42.774194], [-119.599752, 42.777826], [-119.604783, 42.777868], [-119.609814, 42.777909], [-119.614845, 42.77795], [-119.619876, 42.777992], [-119.61981, 42.774311], [-119.619744, 42.770631], [-119.619679, 42.766951], [-119.619613, 42.76327], [-119.614644, 42.763277]]]}}, {"type": "Feature", "properties": {"PLSSID": "OR330320S0260E0", "FRSTDIVID": "OR330320S0260E0SN260", "FRSTDIVTYP": "SN", "FRSTDIVNO": "26"}, "geometry": {"type": "Polygon", "coordinates": [[[-119.634542, 42.763204], [-119.629566, 42.763226], [-119.626074, 42.763242], [-119.624589, 42.763248], [-119.619613, 42.76327], [-119.619679, 42.766951], [-119.619744, 42.770631], [-119.61981, 42.774311], [-119.619876, 42.777992], [-119.624792, 42.777967], [-119.626075, 42.77796], [-119.629707, 42.777942], [-119.634624, 42.777917], [-119.63954, 42.777892], [-119.639534, 42.774215], [-119.639529, 42.770537], [-119.639524, 42.766859], [-119.639518, 42.763181], [-119.634542, 42.763204]]]}}, {"type": "Feature", "properties": {"PLSSID": "OR330320S0260E0", "FRSTDIVID": "OR330320S0260E0SN270", "FRSTDIVTYP": "SN", "FRSTDIVNO": "27"}, "geometry": {"type": "Polygon", "coordinates": [[[-119.639524, 42.766859], [-119.639529, 42.770537], [-119.639534, 42.774215], [-119.63954, 42.777892], [-119.644478, 42.777895], [-119.649416, 42.777897], [-119.654355, 42.7779], [-119.659293, 42.777903], [-119.659266, 42.774257], [-119.659239, 42.770612], [-119.659212, 42.766966], [-119.659185, 42.763321], [-119.654268, 42.763286], [-119.649352, 42.763251], [-119.644435, 42.763216], [-119.639518, 42.763181], [-119.639524, 42.766859]]]}}, {"type": "Feature", "properties": {"PLSSID": "OR330320S0260E0", "FRSTDIVID": "OR330320S0260E0SN280", "FRSTDIVTYP": "SN", "FRSTDIVNO": "28"}, "geometry": {"type": "Polygon", "coordinates": [[[-119.659212, 42.766966], [-119.659239, 42.770612], [-119.659266, 42.774257], [-119.659293, 42.777903], [-119.664056, 42.777988], [-119.668819, 42.778073], [-119.673583, 42.778159], [-119.678346, 42.778244], [-119.678452, 42.774537], [-119.678559, 42.770831], [-119.678666, 42.767124], [-119.678773, 42.763418], [-119.673876, 42.763394], [-119.668979, 42.763369], [-119.664082, 42.763345], [-119.659185, 42.763321], [-119.659212, 42.766966]]]}}, {"type": "Feature", "properties": {"PLSSID": "OR330320S0260E0", "FRSTDIVID": "OR330320S0260E0SN290", "FRSTDIVTYP": "SN", "FRSTDIVNO": "29"}, "geometry": {"type": "Polygon", "coordinates": [[[-119.693693, 42.763384], [-119.68872, 42.763395], [-119.683746, 42.763407], [-119.678773, 42.763418], [-119.678666, 42.767124], [-119.678559, 42.770831], [-119.678452, 42.774537], [-119.678346, 42.778244], [-119.68343, 42.778164], [-119.688515, 42.778084], [-119.6936, 42.778004], [-119.698684, 42.777924], [-119.69868, 42.774286], [-119.698675, 42.770648], [-119.69867, 42.767011], [-119.698666, 42.763373], [-119.693693, 42.763384]]]}}, {"type": "Feature", "properties": {"PLSSID": "OR330320S0260E0", "FRSTDIVID": "OR330320S0260E0SN300", "FRSTDIVTYP": "SN", "FRSTDIVNO": "30"}, "geometry": {"type": "Polygon", "coordinates": [[[-119.70366, 42.763363], [-119.698666, 42.763373], [-119.69867, 42.767011], [-119.698675, 42.770648], [-119.69868, 42.774286], [-119.698684, 42.777924], [-119.7037, 42.777867], [-119.706062, 42.777843], [-119.706047, 42.775695], [-119.706038, 42.774216], [-119.706024, 42.772073], [-119.706014, 42.770589], [-119.706, 42.76845], [-119.70599, 42.766962], [-119.705976, 42.764827], [-119.705967, 42.763335], [-119.70366, 42.763363]]]}}, {"type": "Feature", "properties": {"PLSSID": "OR330320S0260E0", "FRSTDIVID": "OR330320S0260E0SN310", "FRSTDIVTYP": "SN", "FRSTDIVNO": "31"}, "geometry": {"type": "Polygon", "coordinates": [[[-119.698666, 42.749901], [-119.698666, 42.752439], [-119.698666, 42.756084], [-119.698666, 42.759728], [-119.698666, 42.763373], [-119.70366, 42.763363], [-119.705967, 42.763335], [-119.705953, 42.761205], [-119.705943, 42.759701], [-119.705929, 42.757582], [-119.705919, 42.756065], [-119.705905, 42.75396], [-119.705895, 42.75243], [-119.705881, 42.750338], [-119.705879, 42.7499], [-119.705871, 42.748797], [-119.703603, 42.748796], [-119.698666, 42.748794], [-119.698666, 42.749901]]]}}, {"type": "Feature", "properties": {"PLSSID": "OR330320S0260E0", "FRSTDIVID": "OR330320S0260E0SN320", "FRSTDIVTYP": "SN", "FRSTDIVNO": "32"}, "geometry": {"type": "Polygon", "coordinates": [[[-119.678908, 42.749901], [-119.678882, 42.752446], [-119.678846, 42.756103], [-119.678809, 42.75976], [-119.678773, 42.763418], [-119.683746, 42.763407], [-119.68872, 42.763395], [-119.693693, 42.763384], [-119.698666, 42.763373], [-119.698666, 42.759728], [-119.698666, 42.756084], [-119.698666, 42.752439], [-119.698666, 42.749901], [-119.698666, 42.748794], [-119.693729, 42.748793], [-119.688793, 42.748791], [-119.683856, 42.74879], [-119.678919, 42.748788], [-119.678908, 42.749901]]]}}, {"type": "Feature", "properties": {"PLSSID": "OR330320S0260E0", "FRSTDIVID": "OR330320S0260E0SN330", "FRSTDIVTYP": "SN", "FRSTDIVNO": "33"}, "geometry": {"type": "Polygon", "coordinates": [[[-119.659173, 42.749898], [-119.659175, 42.752417], [-119.659178, 42.756051], [-119.659182, 42.759686], [-119.659185, 42.763321], [-119.664082, 42.763345], [-119.668979, 42.763369], [-119.673876, 42.763394], [-119.678773, 42.763418], [-119.678809, 42.75976], [-119.678846, 42.756103], [-119.678882, 42.752446], [-119.678908, 42.749901], [-119.678919, 42.748788], [-119.673982, 42.748787], [-119.669045, 42.748785], [-119.664108, 42.748784], [-119.659172, 42.748782], [-119.659173, 42.749898]]]}}, {"type": "Feature", "properties": {"PLSSID": "OR330320S0260E0", "FRSTDIVID": "OR330320S0260E0SN340", "FRSTDIVTYP": "SN", "FRSTDIVNO": "34"}, "geometry": {"type": "Polygon", "coordinates": [[[-119.639406, 42.749891], [-119.639432, 42.752342], [-119.639471, 42.755979], [-119.639495, 42.75958], [-119.639518, 42.763181], [-119.644435, 42.763216], [-119.649352, 42.763251], [-119.654268, 42.763286], [-119.659185, 42.763321], [-119.659182, 42.759686], [-119.659178, 42.756051], [-119.659175, 42.752417], [-119.659173, 42.749898], [-119.659172, 42.748782], [-119.654235, 42.74878], [-119.649298, 42.748779], [-119.644346, 42.748742], [-119.639394, 42.748705], [-119.639406, 42.749891]]]}}, {"type": "Feature", "properties": {"PLSSID": "OR330320S0260E0", "FRSTDIVID": "OR330320S0260E0SN350", "FRSTDIVTYP": "SN", "FRSTDIVNO": "35"}, "geometry": {"type": "Polygon", "coordinates": [[[-119.619672, 42.749888], [-119.619661, 42.752395], [-119.619645, 42.75602], [-119.619629, 42.759645], [-119.619613, 42.76327], [-119.624589, 42.763248], [-119.626074, 42.763242], [-119.629566, 42.763226], [-119.634542, 42.763204], [-119.639518, 42.763181], [-119.639495, 42.75958], [-119.639471, 42.755979], [-119.639432, 42.752342], [-119.639406, 42.749891], [-119.639394, 42.748705], [-119.634472, 42.748824], [-119.62955, 42.748943], [-119.626073, 42.748882], [-119.624614, 42.748856], [-119.619677, 42.748769], [-119.619672, 42.749888]]]}}, {"type": "Feature", "properties": {"PLSSID": "OR330320S0260E0", "FRSTDIVID": "OR330320S0260E0SN360", "FRSTDIVTYP": "SN", "FRSTDIVNO": "36"}, "geometry": {"type": "Polygon", "coordinates": [[[-119.599724, 42.749896], [-119.599726, 42.752397], [-119.59973, 42.75603], [-119.599734, 42.759663], [-119.599737, 42.763295], [-119.604706, 42.763289], [-119.609675, 42.763283], [-119.614644, 42.763277], [-119.619613, 42.76327], [-119.619629, 42.759645], [-119.619645, 42.75602], [-119.619661, 42.752395], [-119.619672, 42.749888], [-119.619677, 42.748769], [-119.614689, 42.748768], [-119.6097, 42.748767], [-119.604711, 42.748766], [-119.599723, 42.748764], [-119.599724, 42.749896]]]}}, {"type": "Feature", "properties": {"PLSSID": "OR330320S0250E0", "FRSTDIVID": "OR330320S0250E0SN010", "FRSTDIVTYP": "SN", "FRSTDIVNO": "01"}, "geometry": {"type": "Polygon", "coordinates": [[[-119.720894, 42.819359], [-119.715902, 42.819369], [-119.71091, 42.819379], [-119.705918, 42.819389], [-119.705918, 42.821737], [-119.705919, 42.823023], [-119.705919, 42.825408], [-119.705919, 42.826657], [-119.705919, 42.82908], [-119.705919, 42.830291], [-119.705919, 42.832752], [-119.705919, 42.833925], [-119.710876, 42.833937], [-119.71091, 42.833938], [-119.715837, 42.83395], [-119.715907, 42.83395], [-119.720799, 42.833963], [-119.720903, 42.833963], [-119.72576, 42.833976], [-119.725899, 42.833976], [-119.725896, 42.830276], [-119.725892, 42.826633], [-119.725889, 42.822991], [-119.725886, 42.819349], [-119.720894, 42.819359]]]}}, {"type": "Feature", "properties": {"PLSSID": "OR330320S0250E0", "FRSTDIVID": "OR330320S0250E0SN020", "FRSTDIVTYP": "SN", "FRSTDIVNO": "02"}, "geometry": {"type": "Polygon", "coordinates": [[[-119.725889, 42.822991], [-119.725892, 42.826633], [-119.725896, 42.830276], [-119.725899, 42.833976], [-119.730715, 42.833991], [-119.73088, 42.833991], [-119.73567, 42.834005], [-119.735861, 42.834006], [-119.740625, 42.83402], [-119.740842, 42.834021], [-119.74558, 42.834035], [-119.745823, 42.834036], [-119.745815, 42.830323], [-119.745807, 42.826698], [-119.745805, 42.823069], [-119.745803, 42.81944], [-119.740824, 42.819417], [-119.735844, 42.819394], [-119.730865, 42.819372], [-119.725886, 42.819349], [-119.725889, 42.822991]]]}}, {"type": "Feature", "properties": {"PLSSID": "OR330320S0250E0", "FRSTDIVID": "OR330320S0250E0SN030", "FRSTDIVTYP": "SN", "FRSTDIVNO": "03"}, "geometry": {"type": "Polygon", "coordinates": [[[-119.745805, 42.823069], [-119.745807, 42.826698], [-119.745815, 42.830323], [-119.745823, 42.834036], [-119.750499, 42.834071], [-119.750777, 42.834073], [-119.75108, 42.834076], [-119.755416, 42.83411], [-119.755731, 42.834111], [-119.760333, 42.834147], [-119.760685, 42.834149], [-119.76525, 42.834184], [-119.765639, 42.834187], [-119.765658, 42.830453], [-119.765677, 42.826808], [-119.765685, 42.823166], [-119.765692, 42.819524], [-119.76072, 42.819503], [-119.755748, 42.819482], [-119.75108, 42.819463], [-119.750775, 42.819461], [-119.745803, 42.81944], [-119.745805, 42.823069]]]}}, {"type": "Feature", "properties": {"PLSSID": "OR330320S0250E0", "FRSTDIVID": "OR330320S0250E0SN040", "FRSTDIVTYP": "SN", "FRSTDIVNO": "04"}, "geometry": {"type": "Polygon", "coordinates": [[[-119.765685, 42.823166], [-119.765677, 42.826808], [-119.765658, 42.830453], [-119.765639, 42.834187], [-119.770167, 42.834222], [-119.770584, 42.834225], [-119.775084, 42.834259], [-119.775528, 42.834263], [-119.780001, 42.834297], [-119.780472, 42.834301], [-119.784918, 42.834335], [-119.785395, 42.83434], [-119.785439, 42.830623], [-119.785483, 42.826956], [-119.785527, 42.823288], [-119.78557, 42.819621], [-119.780601, 42.819597], [-119.775631, 42.819572], [-119.770662, 42.819548], [-119.765692, 42.819524], [-119.765685, 42.823166]]]}}, {"type": "Feature", "properties": {"PLSSID": "OR330320S0250E0", "FRSTDIVID": "OR330320S0250E0SN050", "FRSTDIVTYP": "SN", "FRSTDIVNO": "05"}, "geometry": {"type": "Polygon", "coordinates": [[[-119.785527, 42.823288], [-119.785483, 42.826956], [-119.785439, 42.830623], [-119.785395, 42.83434], [-119.789858, 42.834347], [-119.790387, 42.834348], [-119.794825, 42.834355], [-119.795378, 42.834356], [-119.799791, 42.834363], [-119.80037, 42.834364], [-119.804758, 42.834371], [-119.805362, 42.834372], [-119.805382, 42.830687], [-119.805403, 42.827034], [-119.805413, 42.823381], [-119.805423, 42.819728], [-119.800459, 42.819701], [-119.795496, 42.819675], [-119.790533, 42.819648], [-119.78557, 42.819621], [-119.785527, 42.823288]]]}}, {"type": "Feature", "properties": {"PLSSID": "OR330320S0250E0", "FRSTDIVID": "OR330320S0250E0SN060", "FRSTDIVTYP": "SN", "FRSTDIVNO": "06"}, "geometry": {"type": "Polygon", "coordinates": [[[-119.805413, 42.823381], [-119.805403, 42.827034], [-119.805382, 42.830687], [-119.805362, 42.834372], [-119.809725, 42.83438], [-119.810328, 42.83438], [-119.814692, 42.834388], [-119.815295, 42.834389], [-119.819659, 42.834396], [-119.820262, 42.834397], [-119.825408, 42.834405], [-119.825417, 42.831465], [-119.825419, 42.830759], [-119.825429, 42.827789], [-119.825431, 42.827113], [-119.825441, 42.824085], [-119.825443, 42.823467], [-119.825452, 42.820381], [-119.825454, 42.819821], [-119.820331, 42.819797], [-119.815354, 42.819774], [-119.810388, 42.819751], [-119.805423, 42.819728], [-119.805413, 42.823381]]]}}, {"type": "Feature", "properties": {"PLSSID": "OR330320S0250E0", "FRSTDIVID": "OR330320S0250E0SN070", "FRSTDIVTYP": "SN", "FRSTDIVNO": "07"}, "geometry": {"type": "Polygon", "coordinates": [[[-119.805371, 42.808768], [-119.805388, 42.812421], [-119.805405, 42.816075], [-119.805423, 42.819728], [-119.810388, 42.819751], [-119.815354, 42.819774], [-119.820331, 42.819797], [-119.825454, 42.819821], [-119.825464, 42.81671], [-119.825466, 42.816175], [-119.825476, 42.81304], [-119.825477, 42.812529], [-119.825487, 42.809364], [-119.825489, 42.808883], [-119.825499, 42.805688], [-119.825495, 42.805238], [-119.820357, 42.805207], [-119.815356, 42.805176], [-119.810355, 42.805145], [-119.805354, 42.805115], [-119.805371, 42.808768]]]}}, {"type": "Feature", "properties": {"PLSSID": "OR330320S0250E0", "FRSTDIVID": "OR330320S0250E0SN080", "FRSTDIVTYP": "SN", "FRSTDIVNO": "08"}, "geometry": {"type": "Polygon", "coordinates": [[[-119.785552, 42.808688], [-119.785558, 42.812332], [-119.785564, 42.815977], [-119.78557, 42.819621], [-119.790533, 42.819648], [-119.795496, 42.819675], [-119.800459, 42.819701], [-119.805423, 42.819728], [-119.805405, 42.816075], [-119.805388, 42.812421], [-119.805371, 42.808768], [-119.805354, 42.805115], [-119.800402, 42.805097], [-119.79545, 42.805079], [-119.790498, 42.805061], [-119.785546, 42.805043], [-119.785552, 42.808688]]]}}, {"type": "Feature", "properties": {"PLSSID": "OR330320S0250E0", "FRSTDIVID": "OR330320S0250E0SN090", "FRSTDIVTYP": "SN", "FRSTDIVNO": "09"}, "geometry": {"type": "Polygon", "coordinates": [[[-119.765703, 42.8086], [-119.765699, 42.812241], [-119.765696, 42.815883], [-119.765692, 42.819524], [-119.770662, 42.819548], [-119.775631, 42.819572], [-119.780601, 42.819597], [-119.78557, 42.819621], [-119.785564, 42.815977], [-119.785558, 42.812332], [-119.785552, 42.808688], [-119.785546, 42.805043], [-119.780586, 42.805022], [-119.775626, 42.805001], [-119.770666, 42.80498], [-119.765706, 42.804958], [-119.765703, 42.8086]]]}}, {"type": "Feature", "properties": {"PLSSID": "OR330320S0250E0", "FRSTDIVID": "OR330320S0250E0SN100", "FRSTDIVTYP": "SN", "FRSTDIVNO": "10"}, "geometry": {"type": "Polygon", "coordinates": [[[-119.745846, 42.808525], [-119.745831, 42.812164], [-119.745817, 42.815802], [-119.745803, 42.81944], [-119.750775, 42.819461], [-119.75108, 42.819463], [-119.755748, 42.819482], [-119.76072, 42.819503], [-119.765692, 42.819524], [-119.765696, 42.815883], [-119.765699, 42.812241], [-119.765703, 42.8086], [-119.765706, 42.804958], [-119.760744, 42.804941], [-119.755783, 42.804923], [-119.75108, 42.804906], [-119.750822, 42.804905], [-119.74586, 42.804887], [-119.745846, 42.808525]]]}}, {"type": "Feature", "properties": {"PLSSID": "OR330320S0250E0", "FRSTDIVID": "OR330320S0250E0SN110", "FRSTDIVTYP": "SN", "FRSTDIVNO": "11"}, "geometry": {"type": "Polygon", "coordinates": [[[-119.72593, 42.808426], [-119.725916, 42.812067], [-119.725901, 42.815708], [-119.725886, 42.819349], [-119.730865, 42.819372], [-119.735844, 42.819394], [-119.740824, 42.819417], [-119.745803, 42.81944], [-119.745817, 42.815802], [-119.745831, 42.812164], [-119.745846, 42.808525], [-119.74586, 42.804887], [-119.740881, 42.804862], [-119.735903, 42.804836], [-119.730924, 42.804811], [-119.725945, 42.804786], [-119.72593, 42.808426]]]}}, {"type": "Feature", "properties": {"PLSSID": "OR330320S0250E0", "FRSTDIVID": "OR330320S0250E0SN120", "FRSTDIVTYP": "SN", "FRSTDIVNO": "12"}, "geometry": {"type": "Polygon", "coordinates": [[[-119.720957, 42.804794], [-119.715969, 42.804803], [-119.71098, 42.804812], [-119.705992, 42.80482], [-119.705918, 42.80713], [-119.705918, 42.808488], [-119.705918, 42.810781], [-119.705918, 42.812122], [-119.705918, 42.814434], [-119.705918, 42.815755], [-119.705918, 42.818086], [-119.705918, 42.819389], [-119.71091, 42.819379], [-119.715902, 42.819369], [-119.720894, 42.819359], [-119.725886, 42.819349], [-119.725901, 42.815708], [-119.725916, 42.812067], [-119.72593, 42.808426], [-119.725945, 42.804786], [-119.720957, 42.804794]]]}}, {"type": "Feature", "properties": {"PLSSID": "OR330320S0250E0", "FRSTDIVID": "OR330320S0250E0SN130", "FRSTDIVTYP": "SN", "FRSTDIVNO": "13"}, "geometry": {"type": "Polygon", "coordinates": [[[-119.721024, 42.790185], [-119.716018, 42.790194], [-119.711012, 42.790202], [-119.706006, 42.79021], [-119.706038, 42.79244], [-119.706032, 42.793867], [-119.706024, 42.796106], [-119.706019, 42.797518], [-119.706011, 42.799774], [-119.706006, 42.801169], [-119.705997, 42.803441], [-119.705992, 42.80482], [-119.71098, 42.804812], [-119.715969, 42.804803], [-119.720957, 42.804794], [-119.725945, 42.804786], [-119.725966, 42.801134], [-119.725988, 42.797481], [-119.726009, 42.793829], [-119.72603, 42.790177], [-119.721024, 42.790185]]]}}, {"type": "Feature", "properties": {"PLSSID": "OR330320S0250E0", "FRSTDIVID": "OR330320S0250E0SN140", "FRSTDIVTYP": "SN", "FRSTDIVNO": "14"}, "geometry": {"type": "Polygon", "coordinates": [[[-119.726009, 42.793829], [-119.725988, 42.797481], [-119.725966, 42.801134], [-119.725945, 42.804786], [-119.730924, 42.804811], [-119.735903, 42.804836], [-119.740881, 42.804862], [-119.74586, 42.804887], [-119.745866, 42.801241], [-119.745871, 42.797595], [-119.745877, 42.793948], [-119.745883, 42.790302], [-119.74092, 42.790271], [-119.735957, 42.79024], [-119.730994, 42.790208], [-119.72603, 42.790177], [-119.726009, 42.793829]]]}}, {"type": "Feature", "properties": {"PLSSID": "OR330320S0250E0", "FRSTDIVID": "OR330320S0250E0SN150", "FRSTDIVTYP": "SN", "FRSTDIVNO": "15"}, "geometry": {"type": "Polygon", "coordinates": [[[-119.745877, 42.793948], [-119.745871, 42.797595], [-119.745866, 42.801241], [-119.74586, 42.804887], [-119.750822, 42.804905], [-119.75108, 42.804906], [-119.755783, 42.804923], [-119.760744, 42.804941], [-119.765706, 42.804958], [-119.765706, 42.801315], [-119.765705, 42.797671], [-119.765705, 42.794028], [-119.765705, 42.790384], [-119.760749, 42.790364], [-119.755794, 42.790343], [-119.75108, 42.790324], [-119.750838, 42.790323], [-119.745883, 42.790302], [-119.745877, 42.793948]]]}}, {"type": "Feature", "properties": {"PLSSID": "OR330320S0250E0", "FRSTDIVID": "OR330320S0250E0SN160", "FRSTDIVTYP": "SN", "FRSTDIVNO": "16"}, "geometry": {"type": "Polygon", "coordinates": [[[-119.765705, 42.794028], [-119.765705, 42.797671], [-119.765706, 42.801315], [-119.765706, 42.804958], [-119.770666, 42.80498], [-119.775626, 42.805001], [-119.780586, 42.805022], [-119.785546, 42.805043], [-119.785552, 42.801402], [-119.785559, 42.797761], [-119.785565, 42.79412], [-119.785572, 42.790479], [-119.780605, 42.790455], [-119.775638, 42.790431], [-119.770672, 42.790408], [-119.765705, 42.790384], [-119.765705, 42.794028]]]}}, {"type": "Feature", "properties": {"PLSSID": "OR330320S0250E0", "FRSTDIVID": "OR330320S0250E0SN170", "FRSTDIVTYP": "SN", "FRSTDIVNO": "17"}, "geometry": {"type": "Polygon", "coordinates": [[[-119.785565, 42.79412], [-119.785559, 42.797761], [-119.785552, 42.801402], [-119.785546, 42.805043], [-119.790498, 42.805061], [-119.79545, 42.805079], [-119.800402, 42.805097], [-119.805354, 42.805115], [-119.805347, 42.801484], [-119.805341, 42.797854], [-119.805334, 42.794224], [-119.805328, 42.790593], [-119.800389, 42.790565], [-119.79545, 42.790536], [-119.790511, 42.790507], [-119.785572, 42.790479], [-119.785565, 42.79412]]]}}, {"type": "Feature", "properties": {"PLSSID": "OR330320S0250E0", "FRSTDIVID": "OR330320S0250E0SN180", "FRSTDIVTYP": "SN", "FRSTDIVNO": "18"}, "geometry": {"type": "Polygon", "coordinates": [[[-119.805334, 42.794224], [-119.805341, 42.797854], [-119.805347, 42.801484], [-119.805354, 42.805115], [-119.810355, 42.805145], [-119.815356, 42.805176], [-119.820357, 42.805207], [-119.825495, 42.805238], [-119.825466, 42.802034], [-119.825462, 42.801601], [-119.825433, 42.798381], [-119.825429, 42.797963], [-119.8254, 42.794726], [-119.825397, 42.794325], [-119.825367, 42.79107], [-119.825364, 42.790688], [-119.820228, 42.790664], [-119.815261, 42.79064], [-119.810295, 42.790617], [-119.805328, 42.790593], [-119.805334, 42.794224]]]}}, {"type": "Feature", "properties": {"PLSSID": "OR330320S0250E0", "FRSTDIVID": "OR330320S0250E0SN190", "FRSTDIVTYP": "SN", "FRSTDIVNO": "19"}, "geometry": {"type": "Polygon", "coordinates": [[[-119.80534, 42.779684], [-119.805336, 42.783321], [-119.805332, 42.786957], [-119.805328, 42.790593], [-119.810295, 42.790617], [-119.815261, 42.79064], [-119.820228, 42.790664], [-119.825364, 42.790688], [-119.825334, 42.787408], [-119.825331, 42.78705], [-119.825301, 42.783746], [-119.825298, 42.783413], [-119.825268, 42.780068], [-119.825265, 42.779775], [-119.825235, 42.77639], [-119.825233, 42.776138], [-119.820129, 42.776115], [-119.815201, 42.776092], [-119.810272, 42.77607], [-119.805343, 42.776048], [-119.80534, 42.779684]]]}}, {"type": "Feature", "properties": {"PLSSID": "OR330320S0250E0", "FRSTDIVID": "OR330320S0250E0SN200", "FRSTDIVTYP": "SN", "FRSTDIVNO": "20"}, "geometry": {"type": "Polygon", "coordinates": [[[-119.785511, 42.779573], [-119.785531, 42.783209], [-119.785551, 42.786844], [-119.785572, 42.790479], [-119.790511, 42.790507], [-119.79545, 42.790536], [-119.800389, 42.790565], [-119.805328, 42.790593], [-119.805332, 42.786957], [-119.805336, 42.783321], [-119.80534, 42.779684], [-119.805343, 42.776048], [-119.80038, 42.776021], [-119.795417, 42.775993], [-119.790454, 42.775966], [-119.785491, 42.775938], [-119.785511, 42.779573]]]}}, {"type": "Feature", "properties": {"PLSSID": "OR330320S0250E0", "FRSTDIVID": "OR330320S0250E0SN210", "FRSTDIVTYP": "SN", "FRSTDIVNO": "21"}, "geometry": {"type": "Polygon", "coordinates": [[[-119.765667, 42.77947], [-119.76568, 42.783108], [-119.765692, 42.786746], [-119.765705, 42.790384], [-119.770672, 42.790408], [-119.775638, 42.790431], [-119.780605, 42.790455], [-119.785572, 42.790479], [-119.785551, 42.786844], [-119.785531, 42.783209], [-119.785511, 42.779573], [-119.785491, 42.775938], [-119.780532, 42.775912], [-119.775572, 42.775885], [-119.770613, 42.775859], [-119.765654, 42.775832], [-119.765667, 42.77947]]]}}, {"type": "Feature", "properties": {"PLSSID": "OR330320S0250E0", "FRSTDIVID": "OR330320S0250E0SN220", "FRSTDIVTYP": "SN", "FRSTDIVNO": "22"}, "geometry": {"type": "Polygon", "coordinates": [[[-119.745866, 42.779374], [-119.745871, 42.783017], [-119.745877, 42.786659], [-119.745883, 42.790302], [-119.750838, 42.790323], [-119.75108, 42.790324], [-119.755794, 42.790343], [-119.760749, 42.790364], [-119.765705, 42.790384], [-119.765692, 42.786746], [-119.76568, 42.783108], [-119.765667, 42.77947], [-119.765654, 42.775832], [-119.760706, 42.775807], [-119.755757, 42.775782], [-119.751079, 42.775758], [-119.750809, 42.775757], [-119.745861, 42.775732], [-119.745866, 42.779374]]]}}, {"type": "Feature", "properties": {"PLSSID": "OR330320S0250E0", "FRSTDIVID": "OR330320S0250E0SN230", "FRSTDIVTYP": "SN", "FRSTDIVNO": "23"}, "geometry": {"type": "Polygon", "coordinates": [[[-119.726002, 42.779301], [-119.726012, 42.782926], [-119.726021, 42.786552], [-119.72603, 42.790177], [-119.730994, 42.790208], [-119.735957, 42.79024], [-119.74092, 42.790271], [-119.745883, 42.790302], [-119.745877, 42.786659], [-119.745871, 42.783017], [-119.745866, 42.779374], [-119.745861, 42.775732], [-119.740893, 42.775718], [-119.735926, 42.775703], [-119.73096, 42.775689], [-119.725993, 42.775675], [-119.726002, 42.779301]]]}}, {"type": "Feature", "properties": {"PLSSID": "OR330320S0250E0", "FRSTDIVID": "OR330320S0250E0SN240", "FRSTDIVTYP": "SN", "FRSTDIVNO": "24"}, "geometry": {"type": "Polygon", "coordinates": [[[-119.721007, 42.77568], [-119.716021, 42.775685], [-119.711034, 42.77569], [-119.706047, 42.775695], [-119.706062, 42.777843], [-119.706055, 42.779321], [-119.706045, 42.781488], [-119.706039, 42.78295], [-119.706029, 42.785132], [-119.706023, 42.78658], [-119.706013, 42.788776], [-119.706006, 42.79021], [-119.711012, 42.790202], [-119.716018, 42.790194], [-119.721024, 42.790185], [-119.72603, 42.790177], [-119.726021, 42.786552], [-119.726012, 42.782926], [-119.726002, 42.779301], [-119.725993, 42.775675], [-119.721007, 42.77568]]]}}, {"type": "Feature", "properties": {"PLSSID": "OR330320S0250E0", "FRSTDIVID": "OR330320S0250E0SN250", "FRSTDIVTYP": "SN", "FRSTDIVNO": "25"}, "geometry": {"type": "Polygon", "coordinates": [[[-119.720985, 42.761168], [-119.715974, 42.76118], [-119.710963, 42.761193], [-119.705953, 42.761205], [-119.705967, 42.763335], [-119.705976, 42.764827], [-119.70599, 42.766962], [-119.706, 42.76845], [-119.706014, 42.770589], [-119.706024, 42.772073], [-119.706038, 42.774216], [-119.706047, 42.775695], [-119.711034, 42.77569], [-119.716021, 42.775685], [-119.721007, 42.77568], [-119.725993, 42.775675], [-119.725994, 42.772045], [-119.725994, 42.768415], [-119.725995, 42.764786], [-119.725996, 42.761156], [-119.720985, 42.761168]]]}}, {"type": "Feature", "properties": {"PLSSID": "OR330320S0250E0", "FRSTDIVID": "OR330320S0250E0SN260", "FRSTDIVTYP": "SN", "FRSTDIVNO": "26"}, "geometry": {"type": "Polygon", "coordinates": [[[-119.725995, 42.764786], [-119.725994, 42.768415], [-119.725994, 42.772045], [-119.725993, 42.775675], [-119.73096, 42.775689], [-119.735926, 42.775703], [-119.740893, 42.775718], [-119.745861, 42.775732], [-119.745836, 42.772108], [-119.745811, 42.768484], [-119.745787, 42.764861], [-119.745762, 42.761237], [-119.740821, 42.761217], [-119.735879, 42.761197], [-119.730937, 42.761176], [-119.725996, 42.761156], [-119.725995, 42.764786]]]}}, {"type": "Feature", "properties": {"PLSSID": "OR330320S0250E0", "FRSTDIVID": "OR330320S0250E0SN270", "FRSTDIVTYP": "SN", "FRSTDIVNO": "27"}, "geometry": {"type": "Polygon", "coordinates": [[[-119.745787, 42.764861], [-119.745811, 42.768484], [-119.745836, 42.772108], [-119.745861, 42.775732], [-119.750809, 42.775757], [-119.751079, 42.775758], [-119.755757, 42.775782], [-119.760706, 42.775807], [-119.765654, 42.775832], [-119.765631, 42.772201], [-119.765609, 42.76857], [-119.765586, 42.764939], [-119.765563, 42.761308], [-119.760613, 42.76129], [-119.755663, 42.761273], [-119.751079, 42.761256], [-119.750712, 42.761255], [-119.745762, 42.761237], [-119.745787, 42.764861]]]}}, {"type": "Feature", "properties": {"PLSSID": "OR330320S0250E0", "FRSTDIVID": "OR330320S0250E0SN280", "FRSTDIVTYP": "SN", "FRSTDIVNO": "28"}, "geometry": {"type": "Polygon", "coordinates": [[[-119.765586, 42.764939], [-119.765609, 42.76857], [-119.765631, 42.772201], [-119.765654, 42.775832], [-119.770613, 42.775859], [-119.775572, 42.775885], [-119.780532, 42.775912], [-119.785491, 42.775938], [-119.785467, 42.772305], [-119.785443, 42.768671], [-119.785419, 42.765037], [-119.785395, 42.761404], [-119.780437, 42.76138], [-119.775479, 42.761356], [-119.770521, 42.761332], [-119.765563, 42.761308], [-119.765586, 42.764939]]]}}, {"type": "Feature", "properties": {"PLSSID": "OR330320S0250E0", "FRSTDIVID": "OR330320S0250E0SN290", "FRSTDIVTYP": "SN", "FRSTDIVNO": "29"}, "geometry": {"type": "Polygon", "coordinates": [[[-119.785419, 42.765037], [-119.785443, 42.768671], [-119.785467, 42.772305], [-119.785491, 42.775938], [-119.790454, 42.775966], [-119.795417, 42.775993], [-119.80038, 42.776021], [-119.805343, 42.776048], [-119.805306, 42.772418], [-119.805268, 42.768788], [-119.80523, 42.765158], [-119.805192, 42.761528], [-119.800243, 42.761497], [-119.795293, 42.761466], [-119.790344, 42.761435], [-119.785395, 42.761404], [-119.785419, 42.765037]]]}}, {"type": "Feature", "properties": {"PLSSID": "OR330320S0250E0", "FRSTDIVID": "OR330320S0250E0SN300", "FRSTDIVTYP": "SN", "FRSTDIVNO": "30"}, "geometry": {"type": "Polygon", "coordinates": [[[-119.80523, 42.765158], [-119.805268, 42.768788], [-119.805306, 42.772418], [-119.805343, 42.776048], [-119.810272, 42.77607], [-119.815201, 42.776092], [-119.820129, 42.776115], [-119.825233, 42.776138], [-119.825219, 42.772714], [-119.825218, 42.772497], [-119.825204, 42.769037], [-119.825203, 42.768857], [-119.825189, 42.76537], [-119.825188, 42.765216], [-119.825174, 42.761704], [-119.825173, 42.761576], [-119.820017, 42.761564], [-119.815075, 42.761552], [-119.810134, 42.76154], [-119.805192, 42.761528], [-119.80523, 42.765158]]]}}, {"type": "Feature", "properties": {"PLSSID": "OR330320S0250E0", "FRSTDIVID": "OR330320S0250E0SN310", "FRSTDIVTYP": "SN", "FRSTDIVNO": "31"}, "geometry": {"type": "Polygon", "coordinates": [[[-119.80512, 42.7499], [-119.805124, 42.750597], [-119.805147, 42.754241], [-119.80517, 42.757884], [-119.805192, 42.761528], [-119.810134, 42.76154], [-119.815075, 42.761552], [-119.820017, 42.761564], [-119.825173, 42.761576], [-119.825159, 42.758031], [-119.825158, 42.757936], [-119.825144, 42.754359], [-119.825143, 42.754295], [-119.825129, 42.750687], [-119.825129, 42.750671], [-119.825129, 42.750655], [-119.825126, 42.7499], [-119.825114, 42.747015], [-119.819995, 42.747012], [-119.815024, 42.747009], [-119.810063, 42.746982], [-119.805102, 42.746954], [-119.80512, 42.7499]]]}}, {"type": "Feature", "properties": {"PLSSID": "OR330320S0250E0", "FRSTDIVID": "OR330320S0250E0SN320", "FRSTDIVTYP": "SN", "FRSTDIVNO": "32"}, "geometry": {"type": "Polygon", "coordinates": [[[-119.785306, 42.749897], [-119.785311, 42.750501], [-119.785339, 42.754135], [-119.785367, 42.757769], [-119.785395, 42.761404], [-119.790344, 42.761435], [-119.795293, 42.761466], [-119.800243, 42.761497], [-119.805192, 42.761528], [-119.80517, 42.757884], [-119.805147, 42.754241], [-119.805124, 42.750597], [-119.80512, 42.7499], [-119.805102, 42.746954], [-119.800152, 42.74693], [-119.795201, 42.746907], [-119.790242, 42.746887], [-119.785283, 42.746867], [-119.785306, 42.749897]]]}}, {"type": "Feature", "properties": {"PLSSID": "OR330320S0250E0", "FRSTDIVID": "OR330320S0250E0SN330", "FRSTDIVTYP": "SN", "FRSTDIVNO": "33"}, "geometry": {"type": "Polygon", "coordinates": [[[-119.765483, 42.74989], [-119.765487, 42.750408], [-119.765512, 42.754042], [-119.765538, 42.757675], [-119.765563, 42.761308], [-119.770521, 42.761332], [-119.775479, 42.761356], [-119.780437, 42.76138], [-119.785395, 42.761404], [-119.785367, 42.757769], [-119.785339, 42.754135], [-119.785311, 42.750501], [-119.785306, 42.749897], [-119.785283, 42.746867], [-119.780325, 42.746843], [-119.775366, 42.74682], [-119.770414, 42.746798], [-119.765461, 42.746775], [-119.765483, 42.74989]]]}}, {"type": "Feature", "properties": {"PLSSID": "OR330320S0250E0", "FRSTDIVID": "OR330320S0250E0SN340", "FRSTDIVTYP": "SN", "FRSTDIVNO": "34"}, "geometry": {"type": "Polygon", "coordinates": [[[-119.745663, 42.749886], [-119.745667, 42.750328], [-119.745699, 42.753964], [-119.74573, 42.757601], [-119.745762, 42.761237], [-119.750712, 42.761255], [-119.751079, 42.761256], [-119.755663, 42.761273], [-119.760613, 42.76129], [-119.765563, 42.761308], [-119.765538, 42.757675], [-119.765512, 42.754042], [-119.765487, 42.750408], [-119.765483, 42.74989], [-119.765461, 42.746775], [-119.760479, 42.746743], [-119.755497, 42.74671], [-119.751078, 42.746701], [-119.750566, 42.746701], [-119.745635, 42.746691], [-119.745663, 42.749886]]]}}, {"type": "Feature", "properties": {"PLSSID": "OR330320S0250E0", "FRSTDIVID": "OR330320S0250E0SN350", "FRSTDIVTYP": "SN", "FRSTDIVNO": "35"}, "geometry": {"type": "Polygon", "coordinates": [[[-119.725872, 42.749895], [-119.725876, 42.750262], [-119.725916, 42.753894], [-119.725956, 42.757525], [-119.725996, 42.761156], [-119.730937, 42.761176], [-119.735879, 42.761197], [-119.740821, 42.761217], [-119.745762, 42.761237], [-119.74573, 42.757601], [-119.745699, 42.753964], [-119.745667, 42.750328], [-119.745663, 42.749886], [-119.745635, 42.746691], [-119.740639, 42.746664], [-119.735643, 42.746636], [-119.73074, 42.746634], [-119.725836, 42.746631], [-119.725872, 42.749895]]]}}, {"type": "Feature", "properties": {"PLSSID": "OR330320S0250E0", "FRSTDIVID": "OR330320S0250E0SN360", "FRSTDIVTYP": "SN", "FRSTDIVNO": "36"}, "geometry": {"type": "Polygon", "coordinates": [[[-119.705871, 42.748797], [-119.705879, 42.7499], [-119.705881, 42.750338], [-119.705895, 42.75243], [-119.705905, 42.75396], [-119.705919, 42.756065], [-119.705929, 42.757582], [-119.705943, 42.759701], [-119.705953, 42.761205], [-119.710963, 42.761193], [-119.715974, 42.76118], [-119.720985, 42.761168], [-119.725996, 42.761156], [-119.725956, 42.757525], [-119.725916, 42.753894], [-119.725876, 42.750262], [-119.725872, 42.749895], [-119.725836, 42.746631], [-119.720873, 42.746623], [-119.71591, 42.746614], [-119.710964, 42.746613], [-119.706019, 42.746611], [-119.705871, 42.748797]]]}}, {"type": "Feature", "properties": {"PLSSID": "OR330320S0240E0", "FRSTDIVID": "OR330320S0240E0SN010", "FRSTDIVTYP": "SN", "FRSTDIVNO": "01"}, "geometry": {"type": "Polygon", "coordinates": [[[-119.840397, 42.820312], [-119.835415, 42.820335], [-119.830434, 42.820358], [-119.825452, 42.820381], [-119.825443, 42.823467], [-119.825441, 42.824085], [-119.825431, 42.827113], [-119.825429, 42.827789], [-119.825419, 42.830759], [-119.825417, 42.831465], [-119.825408, 42.834405], [-119.825463, 42.835098], [-119.830464, 42.83509], [-119.835466, 42.835082], [-119.840467, 42.835074], [-119.845469, 42.835067], [-119.845447, 42.831389], [-119.845425, 42.827681], [-119.845402, 42.823985], [-119.845379, 42.820289], [-119.840397, 42.820312]]]}}, {"type": "Feature", "properties": {"PLSSID": "OR330320S0240E0", "FRSTDIVID": "OR330320S0240E0SN020", "FRSTDIVTYP": "SN", "FRSTDIVNO": "02"}, "geometry": {"type": "Polygon", "coordinates": [[[-119.860321, 42.820238], [-119.85534, 42.820255], [-119.85036, 42.820272], [-119.845379, 42.820289], [-119.845402, 42.823985], [-119.845425, 42.827681], [-119.845447, 42.831389], [-119.845469, 42.835067], [-119.85047, 42.835059], [-119.855472, 42.835051], [-119.860473, 42.835043], [-119.865475, 42.835035], [-119.865429, 42.831375], [-119.865382, 42.827641], [-119.865341, 42.823931], [-119.865301, 42.820221], [-119.860321, 42.820238]]]}}, {"type": "Feature", "properties": {"PLSSID": "OR330320S0240E0", "FRSTDIVID": "OR330320S0240E0SN030", "FRSTDIVTYP": "SN", "FRSTDIVNO": "03"}, "geometry": {"type": "Polygon", "coordinates": [[[-119.88029, 42.820205], [-119.876083, 42.82021], [-119.875294, 42.820211], [-119.870298, 42.820216], [-119.865301, 42.820221], [-119.865341, 42.823931], [-119.865382, 42.827641], [-119.865429, 42.831375], [-119.865475, 42.835035], [-119.870476, 42.835027], [-119.875478, 42.835019], [-119.876083, 42.835019], [-119.880479, 42.835012], [-119.885481, 42.835004], [-119.885431, 42.831394], [-119.885381, 42.827672], [-119.885334, 42.823936], [-119.885287, 42.8202], [-119.88029, 42.820205]]]}}, {"type": "Feature", "properties": {"PLSSID": "OR330320S0240E0", "FRSTDIVID": "OR330320S0240E0SN040", "FRSTDIVTYP": "SN", "FRSTDIVNO": "04"}, "geometry": {"type": "Polygon", "coordinates": [[[-119.900215, 42.820166], [-119.895239, 42.820178], [-119.890263, 42.820189], [-119.885287, 42.8202], [-119.885334, 42.823936], [-119.885381, 42.827672], [-119.885431, 42.831394], [-119.885481, 42.835004], [-119.890482, 42.834996], [-119.895484, 42.834988], [-119.900485, 42.83498], [-119.905487, 42.834972], [-119.905394, 42.831363], [-119.9053, 42.827608], [-119.905246, 42.823882], [-119.905191, 42.820155], [-119.900215, 42.820166]]]}}, {"type": "Feature", "properties": {"PLSSID": "OR330320S0240E0", "FRSTDIVID": "OR330320S0240E0SN050", "FRSTDIVTYP": "SN", "FRSTDIVNO": "05"}, "geometry": {"type": "Polygon", "coordinates": [[[-119.905246, 42.823882], [-119.9053, 42.827608], [-119.905394, 42.831363], [-119.905487, 42.834972], [-119.910327, 42.834953], [-119.915167, 42.834934], [-119.920007, 42.834914], [-119.924847, 42.834895], [-119.924902, 42.831328], [-119.924958, 42.827606], [-119.924979, 42.823885], [-119.925, 42.820164], [-119.920048, 42.820162], [-119.915095, 42.82016], [-119.910143, 42.820157], [-119.905191, 42.820155], [-119.905246, 42.823882]]]}}, {"type": "Feature", "properties": {"PLSSID": "OR330320S0240E0", "FRSTDIVID": "OR330320S0240E0SN060", "FRSTDIVTYP": "SN", "FRSTDIVNO": "06"}, "geometry": {"type": "Polygon", "coordinates": [[[-119.940032, 42.820072], [-119.935014, 42.820103], [-119.930007, 42.820133], [-119.925, 42.820164], [-119.924979, 42.823885], [-119.924958, 42.827606], [-119.924902, 42.831328], [-119.924847, 42.834895], [-119.929687, 42.834875], [-119.934527, 42.834856], [-119.939367, 42.834836], [-119.943598, 42.834819], [-119.943599, 42.831135], [-119.9436, 42.82745], [-119.943609, 42.823749], [-119.943618, 42.820049], [-119.940032, 42.820072]]]}}, {"type": "Feature", "properties": {"PLSSID": "OR330320S0240E0", "FRSTDIVID": "OR330320S0240E0SN070", "FRSTDIVTYP": "SN", "FRSTDIVNO": "07"}, "geometry": {"type": "Polygon", "coordinates": [[[-119.939995, 42.805281], [-119.934986, 42.805292], [-119.929987, 42.805302], [-119.924988, 42.805312], [-119.924991, 42.809025], [-119.924994, 42.812738], [-119.924997, 42.816451], [-119.925, 42.820164], [-119.930007, 42.820133], [-119.935014, 42.820103], [-119.940032, 42.820072], [-119.943618, 42.820049], [-119.943617, 42.816343], [-119.943615, 42.812637], [-119.943605, 42.808955], [-119.943594, 42.805273], [-119.939995, 42.805281]]]}}, {"type": "Feature", "properties": {"PLSSID": "OR330320S0240E0", "FRSTDIVID": "OR330320S0240E0SN080", "FRSTDIVTYP": "SN", "FRSTDIVNO": "08"}, "geometry": {"type": "Polygon", "coordinates": [[[-119.905134, 42.809009], [-119.905153, 42.812724], [-119.905172, 42.81644], [-119.905191, 42.820155], [-119.910143, 42.820157], [-119.915095, 42.82016], [-119.920048, 42.820162], [-119.925, 42.820164], [-119.924997, 42.816451], [-119.924994, 42.812738], [-119.924991, 42.809025], [-119.924988, 42.805312], [-119.92002, 42.805307], [-119.915052, 42.805302], [-119.910084, 42.805298], [-119.905115, 42.805293], [-119.905134, 42.809009]]]}}, {"type": "Feature", "properties": {"PLSSID": "OR330320S0240E0", "FRSTDIVID": "OR330320S0240E0SN090", "FRSTDIVTYP": "SN", "FRSTDIVNO": "09"}, "geometry": {"type": "Polygon", "coordinates": [[[-119.885225, 42.80889], [-119.885246, 42.81266], [-119.885266, 42.81643], [-119.885287, 42.8202], [-119.890263, 42.820189], [-119.895239, 42.820178], [-119.900215, 42.820166], [-119.905191, 42.820155], [-119.905172, 42.81644], [-119.905153, 42.812724], [-119.905134, 42.809009], [-119.905115, 42.805293], [-119.900137, 42.80525], [-119.895159, 42.805206], [-119.890182, 42.805163], [-119.885204, 42.80512], [-119.885225, 42.80889]]]}}, {"type": "Feature", "properties": {"PLSSID": "OR330320S0240E0", "FRSTDIVID": "OR330320S0240E0SN100", "FRSTDIVTYP": "SN", "FRSTDIVNO": "10"}, "geometry": {"type": "Polygon", "coordinates": [[[-119.88022, 42.805189], [-119.876083, 42.805247], [-119.875235, 42.805259], [-119.87025, 42.805328], [-119.865265, 42.805398], [-119.865274, 42.809104], [-119.865283, 42.81281], [-119.865292, 42.816516], [-119.865301, 42.820221], [-119.870298, 42.820216], [-119.875294, 42.820211], [-119.876083, 42.82021], [-119.88029, 42.820205], [-119.885287, 42.8202], [-119.885266, 42.81643], [-119.885246, 42.81266], [-119.885225, 42.80889], [-119.885204, 42.80512], [-119.88022, 42.805189]]]}}, {"type": "Feature", "properties": {"PLSSID": "OR330320S0240E0", "FRSTDIVID": "OR330320S0240E0SN110", "FRSTDIVTYP": "SN", "FRSTDIVNO": "11"}, "geometry": {"type": "Polygon", "coordinates": [[[-119.86027, 42.805442], [-119.855274, 42.805485], [-119.850279, 42.805529], [-119.845283, 42.805572], [-119.845307, 42.809251], [-119.845331, 42.81293], [-119.845355, 42.816609], [-119.845379, 42.820289], [-119.85036, 42.820272], [-119.85534, 42.820255], [-119.860321, 42.820238], [-119.865301, 42.820221], [-119.865292, 42.816516], [-119.865283, 42.81281], [-119.865274, 42.809104], [-119.865265, 42.805398], [-119.86027, 42.805442]]]}}, {"type": "Feature", "properties": {"PLSSID": "OR330320S0240E0", "FRSTDIVID": "OR330320S0240E0SN120", "FRSTDIVTYP": "SN", "FRSTDIVNO": "12"}, "geometry": {"type": "Polygon", "coordinates": [[[-119.840293, 42.805601], [-119.835302, 42.80563], [-119.830401, 42.805659], [-119.825499, 42.805688], [-119.825489, 42.808883], [-119.825487, 42.809364], [-119.825477, 42.812529], [-119.825476, 42.81304], [-119.825466, 42.816175], [-119.825464, 42.81671], [-119.825454, 42.819821], [-119.825452, 42.820381], [-119.830434, 42.820358], [-119.835415, 42.820335], [-119.840397, 42.820312], [-119.845379, 42.820289], [-119.845355, 42.816609], [-119.845331, 42.81293], [-119.845307, 42.809251], [-119.845283, 42.805572], [-119.840293, 42.805601]]]}}, {"type": "Feature", "properties": {"PLSSID": "OR330320S0240E0", "FRSTDIVID": "OR330320S0240E0SN130", "FRSTDIVTYP": "SN", "FRSTDIVNO": "13"}, "geometry": {"type": "Polygon", "coordinates": [[[-119.840279, 42.790937], [-119.835308, 42.790981], [-119.830338, 42.791025], [-119.825367, 42.79107], [-119.825397, 42.794325], [-119.8254, 42.794726], [-119.825429, 42.797963], [-119.825433, 42.798381], [-119.825462, 42.801601], [-119.825466, 42.802034], [-119.825495, 42.805238], [-119.825499, 42.805688], [-119.830401, 42.805659], [-119.835302, 42.80563], [-119.840293, 42.805601], [-119.845283, 42.805572], [-119.845275, 42.801902], [-119.845267, 42.798232], [-119.845259, 42.794562], [-119.84525, 42.790892], [-119.840279, 42.790937]]]}}, {"type": "Feature", "properties": {"PLSSID": "OR330320S0240E0", "FRSTDIVID": "OR330320S0240E0SN140", "FRSTDIVTYP": "SN", "FRSTDIVNO": "14"}, "geometry": {"type": "Polygon", "coordinates": [[[-119.860241, 42.790786], [-119.855244, 42.790822], [-119.850247, 42.790857], [-119.84525, 42.790892], [-119.845259, 42.794562], [-119.845267, 42.798232], [-119.845275, 42.801902], [-119.845283, 42.805572], [-119.850279, 42.805529], [-119.855274, 42.805485], [-119.86027, 42.805442], [-119.865265, 42.805398], [-119.865259, 42.801736], [-119.865252, 42.798074], [-119.865245, 42.794413], [-119.865237, 42.790751], [-119.860241, 42.790786]]]}}, {"type": "Feature", "properties": {"PLSSID": "OR330320S0240E0", "FRSTDIVID": "OR330320S0240E0SN150", "FRSTDIVTYP": "SN", "FRSTDIVNO": "15"}, "geometry": {"type": "Polygon", "coordinates": [[[-119.880168, 42.79062], [-119.876082, 42.790656], [-119.875191, 42.790664], [-119.870214, 42.790707], [-119.865237, 42.790751], [-119.865245, 42.794413], [-119.865252, 42.798074], [-119.865259, 42.801736], [-119.865265, 42.805398], [-119.87025, 42.805328], [-119.875235, 42.805259], [-119.876083, 42.805247], [-119.88022, 42.805189], [-119.885204, 42.80512], [-119.885189, 42.801484], [-119.885174, 42.797848], [-119.88516, 42.794212], [-119.885145, 42.790576], [-119.880168, 42.79062]]]}}, {"type": "Feature", "properties": {"PLSSID": "OR330320S0240E0", "FRSTDIVID": "OR330320S0240E0SN160", "FRSTDIVTYP": "SN", "FRSTDIVNO": "16"}, "geometry": {"type": "Polygon", "coordinates": [[[-119.90012, 42.790533], [-119.895128, 42.790548], [-119.890136, 42.790562], [-119.885145, 42.790576], [-119.88516, 42.794212], [-119.885174, 42.797848], [-119.885189, 42.801484], [-119.885204, 42.80512], [-119.890182, 42.805163], [-119.895159, 42.805206], [-119.900137, 42.80525], [-119.905115, 42.805293], [-119.905114, 42.8016], [-119.905113, 42.797906], [-119.905112, 42.794212], [-119.905111, 42.790519], [-119.90012, 42.790533]]]}}, {"type": "Feature", "properties": {"PLSSID": "OR330320S0240E0", "FRSTDIVID": "OR330320S0240E0SN170", "FRSTDIVTYP": "SN", "FRSTDIVNO": "17"}, "geometry": {"type": "Polygon", "coordinates": [[[-119.919932, 42.790445], [-119.914992, 42.79047], [-119.910052, 42.790494], [-119.905111, 42.790519], [-119.905112, 42.794212], [-119.905113, 42.797906], [-119.905114, 42.8016], [-119.905115, 42.805293], [-119.910084, 42.805298], [-119.915052, 42.805302], [-119.92002, 42.805307], [-119.924988, 42.805312], [-119.924959, 42.801589], [-119.92493, 42.797866], [-119.924901, 42.794143], [-119.924873, 42.79042], [-119.919932, 42.790445]]]}}, {"type": "Feature", "properties": {"PLSSID": "OR330320S0240E0", "FRSTDIVID": "OR330320S0240E0SN180", "FRSTDIVTYP": "SN", "FRSTDIVNO": "18"}, "geometry": {"type": "Polygon", "coordinates": [[[-119.940067, 42.790378], [-119.935002, 42.790392], [-119.929937, 42.790406], [-119.924873, 42.79042], [-119.924901, 42.794143], [-119.92493, 42.797866], [-119.924959, 42.801589], [-119.924988, 42.805312], [-119.929987, 42.805302], [-119.934986, 42.805292], [-119.939995, 42.805281], [-119.943594, 42.805273], [-119.943626, 42.80155], [-119.943659, 42.797826], [-119.943714, 42.794097], [-119.94377, 42.790367], [-119.940067, 42.790378]]]}}, {"type": "Feature", "properties": {"PLSSID": "OR330320S0240E0", "FRSTDIVID": "OR330320S0240E0SN190", "FRSTDIVTYP": "SN", "FRSTDIVNO": "19"}, "geometry": {"type": "Polygon", "coordinates": [[[-119.939888, 42.775606], [-119.934912, 42.775645], [-119.929942, 42.775684], [-119.924971, 42.775724], [-119.924947, 42.779398], [-119.924922, 42.783072], [-119.924897, 42.786746], [-119.924873, 42.79042], [-119.929937, 42.790406], [-119.935002, 42.790392], [-119.940067, 42.790378], [-119.94377, 42.790367], [-119.943771, 42.786676], [-119.943772, 42.782985], [-119.943704, 42.779281], [-119.943636, 42.775576], [-119.939888, 42.775606]]]}}, {"type": "Feature", "properties": {"PLSSID": "OR330320S0240E0", "FRSTDIVID": "OR330320S0240E0SN200", "FRSTDIVTYP": "SN", "FRSTDIVNO": "20"}, "geometry": {"type": "Polygon", "coordinates": [[[-119.920038, 42.77578], [-119.915105, 42.775837], [-119.910172, 42.775893], [-119.90524, 42.77595], [-119.905207, 42.779592], [-119.905175, 42.783235], [-119.905143, 42.786877], [-119.905111, 42.790519], [-119.910052, 42.790494], [-119.914992, 42.79047], [-119.919932, 42.790445], [-119.924873, 42.79042], [-119.924897, 42.786746], [-119.924922, 42.783072], [-119.924947, 42.779398], [-119.924971, 42.775724], [-119.920038, 42.77578]]]}}, {"type": "Feature", "properties": {"PLSSID": "OR330320S0240E0", "FRSTDIVID": "OR330320S0240E0SN210", "FRSTDIVTYP": "SN", "FRSTDIVNO": "21"}, "geometry": {"type": "Polygon", "coordinates": [[[-119.88512, 42.779523], [-119.885128, 42.783208], [-119.885136, 42.786892], [-119.885145, 42.790576], [-119.890136, 42.790562], [-119.895128, 42.790548], [-119.90012, 42.790533], [-119.905111, 42.790519], [-119.905143, 42.786877], [-119.905175, 42.783235], [-119.905207, 42.779592], [-119.90524, 42.77595], [-119.900208, 42.775922], [-119.895176, 42.775895], [-119.890144, 42.775867], [-119.885112, 42.775839], [-119.88512, 42.779523]]]}}, {"type": "Feature", "properties": {"PLSSID": "OR330320S0240E0", "FRSTDIVID": "OR330320S0240E0SN220", "FRSTDIVTYP": "SN", "FRSTDIVNO": "22"}, "geometry": {"type": "Polygon", "coordinates": [[[-119.880129, 42.775898], [-119.876082, 42.775946], [-119.875146, 42.775957], [-119.870162, 42.776016], [-119.865179, 42.776075], [-119.865194, 42.779744], [-119.865208, 42.783413], [-119.865223, 42.787082], [-119.865237, 42.790751], [-119.870214, 42.790707], [-119.875191, 42.790664], [-119.876082, 42.790656], [-119.880168, 42.79062], [-119.885145, 42.790576], [-119.885136, 42.786892], [-119.885128, 42.783208], [-119.88512, 42.779523], [-119.885112, 42.775839], [-119.880129, 42.775898]]]}}, {"type": "Feature", "properties": {"PLSSID": "OR330320S0240E0", "FRSTDIVID": "OR330320S0240E0SN230", "FRSTDIVTYP": "SN", "FRSTDIVNO": "23"}, "geometry": {"type": "Polygon", "coordinates": [[[-119.860181, 42.776109], [-119.855182, 42.776142], [-119.850183, 42.776176], [-119.845184, 42.77621], [-119.845201, 42.77988], [-119.845217, 42.783551], [-119.845234, 42.787222], [-119.84525, 42.790892], [-119.850247, 42.790857], [-119.855244, 42.790822], [-119.860241, 42.790786], [-119.865237, 42.790751], [-119.865223, 42.787082], [-119.865208, 42.783413], [-119.865194, 42.779744], [-119.865179, 42.776075], [-119.860181, 42.776109]]]}}, {"type": "Feature", "properties": {"PLSSID": "OR330320S0240E0", "FRSTDIVID": "OR330320S0240E0SN240", "FRSTDIVTYP": "SN", "FRSTDIVNO": "24"}, "geometry": {"type": "Polygon", "coordinates": [[[-119.840197, 42.776255], [-119.83521, 42.7763], [-119.830222, 42.776345], [-119.825235, 42.77639], [-119.825265, 42.779775], [-119.825268, 42.780068], [-119.825298, 42.783413], [-119.825301, 42.783746], [-119.825331, 42.78705], [-119.825334, 42.787408], [-119.825364, 42.790688], [-119.825367, 42.79107], [-119.830338, 42.791025], [-119.835308, 42.790981], [-119.840279, 42.790937], [-119.84525, 42.790892], [-119.845234, 42.787222], [-119.845217, 42.783551], [-119.845201, 42.77988], [-119.845184, 42.77621], [-119.840197, 42.776255]]]}}, {"type": "Feature", "properties": {"PLSSID": "OR330320S0240E0", "FRSTDIVID": "OR330320S0240E0SN250", "FRSTDIVTYP": "SN", "FRSTDIVNO": "25"}, "geometry": {"type": "Polygon", "coordinates": [[[-119.84017, 42.761548], [-119.835171, 42.7616], [-119.830173, 42.761652], [-119.825174, 42.761704], [-119.825188, 42.765216], [-119.825189, 42.76537], [-119.825203, 42.768857], [-119.825204, 42.769037], [-119.825218, 42.772497], [-119.825219, 42.772714], [-119.825233, 42.776138], [-119.825235, 42.77639], [-119.830222, 42.776345], [-119.83521, 42.7763], [-119.840197, 42.776255], [-119.845184, 42.77621], [-119.845181, 42.772531], [-119.845177, 42.768853], [-119.845173, 42.765175], [-119.845169, 42.761497], [-119.84017, 42.761548]]]}}, {"type": "Feature", "properties": {"PLSSID": "OR330320S0240E0", "FRSTDIVID": "OR330320S0240E0SN260", "FRSTDIVTYP": "SN", "FRSTDIVNO": "26"}, "geometry": {"type": "Polygon", "coordinates": [[[-119.860143, 42.761396], [-119.855152, 42.76143], [-119.850161, 42.761463], [-119.845169, 42.761497], [-119.845173, 42.765175], [-119.845177, 42.768853], [-119.845181, 42.772531], [-119.845184, 42.77621], [-119.850183, 42.776176], [-119.855182, 42.776142], [-119.860181, 42.776109], [-119.865179, 42.776075], [-119.865168, 42.772397], [-119.865157, 42.768719], [-119.865145, 42.765041], [-119.865134, 42.761363], [-119.860143, 42.761396]]]}}, {"type": "Feature", "properties": {"PLSSID": "OR330320S0240E0", "FRSTDIVID": "OR330320S0240E0SN270", "FRSTDIVTYP": "SN", "FRSTDIVNO": "27"}, "geometry": {"type": "Polygon", "coordinates": [[[-119.880124, 42.761271], [-119.876081, 42.761296], [-119.875127, 42.761302], [-119.87013, 42.761332], [-119.865134, 42.761363], [-119.865145, 42.765041], [-119.865157, 42.768719], [-119.865168, 42.772397], [-119.865179, 42.776075], [-119.870162, 42.776016], [-119.875146, 42.775957], [-119.876082, 42.775946], [-119.880129, 42.775898], [-119.885112, 42.775839], [-119.885114, 42.772189], [-119.885116, 42.76854], [-119.885118, 42.764891], [-119.88512, 42.761241], [-119.880124, 42.761271]]]}}, {"type": "Feature", "properties": {"PLSSID": "OR330320S0240E0", "FRSTDIVID": "OR330320S0240E0SN280", "FRSTDIVTYP": "SN", "FRSTDIVNO": "28"}, "geometry": {"type": "Polygon", "coordinates": [[[-119.900115, 42.761202], [-119.895117, 42.761215], [-119.890118, 42.761228], [-119.88512, 42.761241], [-119.885118, 42.764891], [-119.885116, 42.76854], [-119.885114, 42.772189], [-119.885112, 42.775839], [-119.890144, 42.775867], [-119.895176, 42.775895], [-119.900208, 42.775922], [-119.90524, 42.77595], [-119.905208, 42.77226], [-119.905176, 42.768569], [-119.905145, 42.764879], [-119.905113, 42.761188], [-119.900115, 42.761202]]]}}, {"type": "Feature", "properties": {"PLSSID": "OR330320S0240E0", "FRSTDIVID": "OR330320S0240E0SN290", "FRSTDIVTYP": "SN", "FRSTDIVNO": "29"}, "geometry": {"type": "Polygon", "coordinates": [[[-119.920034, 42.76107], [-119.91506, 42.76111], [-119.910087, 42.761149], [-119.905113, 42.761188], [-119.905145, 42.764879], [-119.905176, 42.768569], [-119.905208, 42.77226], [-119.90524, 42.77595], [-119.910172, 42.775893], [-119.915105, 42.775837], [-119.920038, 42.77578], [-119.924971, 42.775724], [-119.92498, 42.77205], [-119.924989, 42.768377], [-119.924999, 42.764704], [-119.925008, 42.761031], [-119.920034, 42.76107]]]}}, {"type": "Feature", "properties": {"PLSSID": "OR330320S0240E0", "FRSTDIVID": "OR330320S0240E0SN300", "FRSTDIVTYP": "SN", "FRSTDIVNO": "30"}, "geometry": {"type": "Polygon", "coordinates": [[[-119.939932, 42.760994], [-119.934964, 42.761008], [-119.929986, 42.761019], [-119.925008, 42.761031], [-119.924999, 42.764704], [-119.924989, 42.768377], [-119.92498, 42.77205], [-119.924971, 42.775724], [-119.929942, 42.775684], [-119.934912, 42.775645], [-119.939888, 42.775606], [-119.943636, 42.775576], [-119.943647, 42.771928], [-119.943657, 42.768279], [-119.943668, 42.764631], [-119.943678, 42.760982], [-119.939932, 42.760994]]]}}, {"type": "Feature", "properties": {"PLSSID": "OR330320S0240E0", "FRSTDIVID": "OR330320S0240E0SN310", "FRSTDIVTYP": "SN", "FRSTDIVNO": "31"}, "geometry": {"type": "Polygon", "coordinates": [[[-119.929987, 42.746371], [-119.925028, 42.746383], [-119.925023, 42.749899], [-119.925023, 42.750049], [-119.925018, 42.753715], [-119.925013, 42.757373], [-119.925008, 42.761031], [-119.929986, 42.761019], [-119.934964, 42.761008], [-119.939932, 42.760994], [-119.943678, 42.760982], [-119.943566, 42.75733], [-119.943454, 42.753677], [-119.943623, 42.750027], [-119.943629, 42.7499], [-119.943792, 42.746376], [-119.939888, 42.746369], [-119.934946, 42.746359], [-119.929987, 42.746371]]]}}, {"type": "Feature", "properties": {"PLSSID": "OR330320S0240E0", "FRSTDIVID": "OR330320S0240E0SN320", "FRSTDIVTYP": "SN", "FRSTDIVNO": "32"}, "geometry": {"type": "Polygon", "coordinates": [[[-119.920023, 42.746398], [-119.917521, 42.746406], [-119.915019, 42.746414], [-119.912522, 42.746422], [-119.910026, 42.746431], [-119.905032, 42.746448], [-119.905067, 42.749895], [-119.905069, 42.750127], [-119.905106, 42.753806], [-119.90511, 42.757497], [-119.905113, 42.761188], [-119.910087, 42.761149], [-119.91506, 42.76111], [-119.920034, 42.76107], [-119.925008, 42.761031], [-119.925013, 42.757373], [-119.925018, 42.753715], [-119.925023, 42.750049], [-119.925023, 42.749899], [-119.925028, 42.746383], [-119.920023, 42.746398]]]}}, {"type": "Feature", "properties": {"PLSSID": "OR330320S0240E0", "FRSTDIVID": "OR330320S0240E0SN330", "FRSTDIVTYP": "SN", "FRSTDIVNO": "33"}, "geometry": {"type": "Polygon", "coordinates": [[[-119.90004, 42.746469], [-119.895049, 42.74649], [-119.890046, 42.746555], [-119.885042, 42.74662], [-119.88506, 42.749888], [-119.885062, 42.750276], [-119.885081, 42.753931], [-119.885101, 42.757586], [-119.88512, 42.761241], [-119.890118, 42.761228], [-119.895117, 42.761215], [-119.900115, 42.761202], [-119.905113, 42.761188], [-119.90511, 42.757497], [-119.905106, 42.753806], [-119.905069, 42.750127], [-119.905067, 42.749895], [-119.905032, 42.746448], [-119.90004, 42.746469]]]}}, {"type": "Feature", "properties": {"PLSSID": "OR330320S0240E0", "FRSTDIVID": "OR330320S0240E0SN340", "FRSTDIVTYP": "SN", "FRSTDIVNO": "34"}, "geometry": {"type": "Polygon", "coordinates": [[[-119.865148, 42.749889], [-119.865148, 42.750315], [-119.865143, 42.753998], [-119.865138, 42.75768], [-119.865134, 42.761363], [-119.87013, 42.761332], [-119.875127, 42.761302], [-119.876081, 42.761296], [-119.880124, 42.761271], [-119.88512, 42.761241], [-119.885101, 42.757586], [-119.885081, 42.753931], [-119.885062, 42.750276], [-119.88506, 42.749888], [-119.885042, 42.74662], [-119.880063, 42.746638], [-119.87608, 42.746651], [-119.875083, 42.746655], [-119.870118, 42.746644], [-119.865152, 42.746633], [-119.865148, 42.749889]]]}}, {"type": "Feature", "properties": {"PLSSID": "OR330320S0240E0", "FRSTDIVID": "OR330320S0240E0SN350", "FRSTDIVTYP": "SN", "FRSTDIVNO": "35"}, "geometry": {"type": "Polygon", "coordinates": [[[-119.860159, 42.746638], [-119.855166, 42.746644], [-119.850165, 42.74665], [-119.845164, 42.746656], [-119.845165, 42.749896], [-119.845165, 42.750366], [-119.845167, 42.754076], [-119.845168, 42.757787], [-119.845169, 42.761497], [-119.850161, 42.761463], [-119.855152, 42.76143], [-119.860143, 42.761396], [-119.865134, 42.761363], [-119.865138, 42.75768], [-119.865143, 42.753998], [-119.865148, 42.750315], [-119.865148, 42.749889], [-119.865152, 42.746633], [-119.860159, 42.746638]]]}}, {"type": "Feature", "properties": {"PLSSID": "OR330320S0240E0", "FRSTDIVID": "OR330320S0240E0SN360", "FRSTDIVTYP": "SN", "FRSTDIVNO": "36"}, "geometry": {"type": "Polygon", "coordinates": [[[-119.840151, 42.746746], [-119.835139, 42.746836], [-119.830126, 42.746925], [-119.825114, 42.747015], [-119.825126, 42.7499], [-119.825129, 42.750655], [-119.825129, 42.750671], [-119.825129, 42.750687], [-119.825143, 42.754295], [-119.825144, 42.754359], [-119.825158, 42.757936], [-119.825159, 42.758031], [-119.825173, 42.761576], [-119.825174, 42.761704], [-119.830173, 42.761652], [-119.835171, 42.7616], [-119.84017, 42.761548], [-119.845169, 42.761497], [-119.845168, 42.757787], [-119.845167, 42.754076], [-119.845165, 42.750366], [-119.845165, 42.749896], [-119.845164, 42.746656], [-119.840151, 42.746746]]]}}, {"type": "Feature", "properties": {"PLSSID": "OR330320S0230E0", "FRSTDIVID": "OR330320S0230E0SN010", "FRSTDIVTYP": "SN", "FRSTDIVNO": "01"}, "geometry": {"type": "Polygon", "coordinates": [[[-119.957942, 42.819722], [-119.952915, 42.819724], [-119.948266, 42.819886], [-119.943618, 42.820049], [-119.943609, 42.823749], [-119.9436, 42.82745], [-119.943599, 42.831135], [-119.943598, 42.834819], [-119.948602, 42.834825], [-119.953606, 42.83483], [-119.95861, 42.834835], [-119.963615, 42.834841], [-119.963449, 42.830957], [-119.963289, 42.827212], [-119.963129, 42.823466], [-119.962969, 42.819721], [-119.957942, 42.819722]]]}}, {"type": "Feature", "properties": {"PLSSID": "OR330320S0230E0", "FRSTDIVID": "OR330320S0230E0SN120", "FRSTDIVTYP": "SN", "FRSTDIVNO": "12"}, "geometry": {"type": "Polygon", "coordinates": [[[-119.948285, 42.805078], [-119.943594, 42.805273], [-119.943605, 42.808955], [-119.943615, 42.812637], [-119.943617, 42.816343], [-119.943618, 42.820049], [-119.948266, 42.819886], [-119.952915, 42.819724], [-119.957942, 42.819722], [-119.962969, 42.819721], [-119.962989, 42.816017], [-119.963009, 42.812313], [-119.96303, 42.808609], [-119.96305, 42.804905], [-119.958013, 42.804895], [-119.952975, 42.804884], [-119.948285, 42.805078]]]}}, {"type": "Feature", "properties": {"PLSSID": "OR330320S0230E0", "FRSTDIVID": "OR330320S0230E0SN130", "FRSTDIVTYP": "SN", "FRSTDIVNO": "13"}, "geometry": {"type": "Polygon", "coordinates": [[[-119.943594, 42.805273], [-119.948285, 42.805078], [-119.952975, 42.804884], [-119.958013, 42.804895], [-119.96305, 42.804905], [-119.96312, 42.801205], [-119.96319, 42.797504], [-119.963228, 42.793802], [-119.963266, 42.7901], [-119.958392, 42.790167], [-119.953518, 42.790234], [-119.948644, 42.790301], [-119.94377, 42.790367], [-119.943714, 42.794097], [-119.943659, 42.797826], [-119.943626, 42.80155], [-119.943594, 42.805273]]]}}, {"type": "Feature", "properties": {"PLSSID": "OR330320S0230E0", "FRSTDIVID": "OR330320S0230E0SN240", "FRSTDIVTYP": "SN", "FRSTDIVNO": "24"}, "geometry": {"type": "Polygon", "coordinates": [[[-119.958343, 42.775337], [-119.953331, 42.775351], [-119.948484, 42.775464], [-119.943636, 42.775576], [-119.943704, 42.779281], [-119.943772, 42.782985], [-119.943771, 42.786676], [-119.94377, 42.790367], [-119.948644, 42.790301], [-119.953518, 42.790234], [-119.958392, 42.790167], [-119.963266, 42.7901], [-119.963307, 42.78641], [-119.963347, 42.78272], [-119.963351, 42.779021], [-119.963355, 42.775322], [-119.958343, 42.775337]]]}}, {"type": "Feature", "properties": {"PLSSID": "OR330320S0230E0", "FRSTDIVID": "OR330320S0230E0SN250", "FRSTDIVTYP": "SN", "FRSTDIVNO": "25"}, "geometry": {"type": "Polygon", "coordinates": [[[-119.95892, 42.760704], [-119.953926, 42.760712], [-119.948802, 42.760847], [-119.943678, 42.760982], [-119.943668, 42.764631], [-119.943657, 42.768279], [-119.943647, 42.771928], [-119.943636, 42.775576], [-119.948484, 42.775464], [-119.953331, 42.775351], [-119.958343, 42.775337], [-119.963355, 42.775322], [-119.963495, 42.771666], [-119.963634, 42.768009], [-119.963774, 42.764352], [-119.963913, 42.760695], [-119.95892, 42.760704]]]}}, {"type": "Feature", "properties": {"PLSSID": "OR330320S0230E0", "FRSTDIVID": "OR330320S0230E0SN360", "FRSTDIVTYP": "SN", "FRSTDIVNO": "36"}, "geometry": {"type": "Polygon", "coordinates": [[[-119.958762, 42.746358], [-119.953772, 42.746364], [-119.948782, 42.74637], [-119.943792, 42.746376], [-119.943629, 42.7499], [-119.943623, 42.750027], [-119.943454, 42.753677], [-119.943566, 42.75733], [-119.943678, 42.760982], [-119.948802, 42.760847], [-119.953926, 42.760712], [-119.95892, 42.760704], [-119.963913, 42.760695], [-119.963903, 42.757022], [-119.963892, 42.753348], [-119.963823, 42.749897], [-119.963822, 42.74985], [-119.963752, 42.746352], [-119.958762, 42.746358]]]}}, {"type": "Feature", "properties": {"PLSSID": "OR330310S0290E0", "FRSTDIVID": "OR330310S0290E0SN030", "FRSTDIVTYP": "SN", "FRSTDIVNO": "03"}, "geometry": {"type": "Polygon", "coordinates": [[[-119.286349, 42.912078], [-119.286357, 42.912403], [-119.286382, 42.913746], [-119.286415, 42.915397], [-119.286415, 42.915414], [-119.287735, 42.915418], [-119.288889, 42.915421], [-119.291342, 42.915427], [-119.292681, 42.915431], [-119.295091, 42.915437], [-119.296269, 42.91544], [-119.297628, 42.915444], [-119.301195, 42.915453], [-119.30259, 42.915457], [-119.305411, 42.915464], [-119.306122, 42.915466], [-119.306118, 42.913795], [-119.306115, 42.912414], [-119.306115, 42.912124], [-119.306106, 42.908782], [-119.301148, 42.908772], [-119.296189, 42.908762], [-119.29123, 42.908752], [-119.286272, 42.908741], [-119.286349, 42.912078]]]}}, {"type": "Feature", "properties": {"PLSSID": "OR330310S0290E0", "FRSTDIVID": "OR330310S0290E0SN040", "FRSTDIVTYP": "SN", "FRSTDIVNO": "04"}, "geometry": {"type": "Polygon", "coordinates": [[[-119.320864, 42.908692], [-119.315945, 42.908722], [-119.311026, 42.908752], [-119.306106, 42.908782], [-119.306115, 42.912124], [-119.306115, 42.912414], [-119.306118, 42.913795], [-119.306122, 42.915466], [-119.307552, 42.915465], [-119.310785, 42.915461], [-119.311039, 42.915461], [-119.311042, 42.915461], [-119.312513, 42.915459], [-119.315956, 42.915455], [-119.317473, 42.915453], [-119.317943, 42.915453], [-119.320873, 42.91545], [-119.322405, 42.915448], [-119.324898, 42.915445], [-119.32579, 42.915444], [-119.32579, 42.915428], [-119.325789, 42.913748], [-119.325787, 42.912281], [-119.325787, 42.912053], [-119.325784, 42.908661], [-119.320864, 42.908692]]]}}, {"type": "Feature", "properties": {"PLSSID": "OR330310S0290E0", "FRSTDIVID": "OR330310S0290E0SN050", "FRSTDIVTYP": "SN", "FRSTDIVNO": "05"}, "geometry": {"type": "Polygon", "coordinates": [[[-119.340534, 42.908587], [-119.335617, 42.908612], [-119.3307, 42.908637], [-119.325784, 42.908661], [-119.325787, 42.912053], [-119.325787, 42.912281], [-119.325789, 42.913748], [-119.32579, 42.915428], [-119.32579, 42.915444], [-119.327335, 42.915447], [-119.330747, 42.915454], [-119.331882, 42.915456], [-119.332262, 42.915457], [-119.335202, 42.915463], [-119.335705, 42.915464], [-119.337244, 42.915467], [-119.338349, 42.915474], [-119.340591, 42.915488], [-119.34216, 42.915498], [-119.345521, 42.91552], [-119.345504, 42.913781], [-119.345489, 42.912208], [-119.345487, 42.912041], [-119.34545, 42.908562], [-119.340534, 42.908587]]]}}, {"type": "Feature", "properties": {"PLSSID": "OR330310S0290E0", "FRSTDIVID": "OR330310S0290E0SN060", "FRSTDIVTYP": "SN", "FRSTDIVNO": "06"}, "geometry": {"type": "Polygon", "coordinates": [[[-119.350448, 42.915526], [-119.351962, 42.915533], [-119.351993, 42.915533], [-119.352311, 42.915535], [-119.355374, 42.915549], [-119.356909, 42.915556], [-119.357131, 42.915557], [-119.360301, 42.915576], [-119.361822, 42.915586], [-119.364204, 42.915601], [-119.365252, 42.915607], [-119.365277, 42.915608], [-119.365277, 42.914187], [-119.365278, 42.912231], [-119.365278, 42.910928], [-119.365278, 42.908604], [-119.365218, 42.908604], [-119.360375, 42.908604], [-119.35542, 42.908604], [-119.350435, 42.908583], [-119.34545, 42.908562], [-119.345487, 42.912041], [-119.345489, 42.912208], [-119.345504, 42.913781], [-119.345521, 42.91552], [-119.346423, 42.915515], [-119.347077, 42.915512], [-119.347181, 42.915511], [-119.350448, 42.915526]]]}}, {"type": "Feature", "properties": {"PLSSID": "OR330310S0290E0", "FRSTDIVID": "OR330310S0290E0SN070", "FRSTDIVTYP": "SN", "FRSTDIVNO": "07"}, "geometry": {"type": "Polygon", "coordinates": [[[-119.360386, 42.894107], [-119.355452, 42.894116], [-119.35051, 42.894119], [-119.345567, 42.894122], [-119.345538, 42.897732], [-119.345509, 42.901342], [-119.34548, 42.904952], [-119.34545, 42.908562], [-119.350435, 42.908583], [-119.35542, 42.908604], [-119.360375, 42.908604], [-119.365218, 42.908604], [-119.365278, 42.908604], [-119.365279, 42.904977], [-119.365279, 42.90135], [-119.365279, 42.90016], [-119.36528, 42.897724], [-119.36528, 42.894097], [-119.360386, 42.894107]]]}}, {"type": "Feature", "properties": {"PLSSID": "OR330310S0290E0", "FRSTDIVID": "OR330310S0290E0SN080", "FRSTDIVTYP": "SN", "FRSTDIVNO": "08"}, "geometry": {"type": "Polygon", "coordinates": [[[-119.340635, 42.894138], [-119.335703, 42.894154], [-119.33077, 42.89417], [-119.325838, 42.894186], [-119.325825, 42.897805], [-119.325811, 42.901424], [-119.325797, 42.905042], [-119.325784, 42.908661], [-119.3307, 42.908637], [-119.335617, 42.908612], [-119.340534, 42.908587], [-119.34545, 42.908562], [-119.34548, 42.904952], [-119.345509, 42.901342], [-119.345538, 42.897732], [-119.345567, 42.894122], [-119.340635, 42.894138]]]}}, {"type": "Feature", "properties": {"PLSSID": "OR330310S0290E0", "FRSTDIVID": "OR330310S0290E0SN090", "FRSTDIVTYP": "SN", "FRSTDIVNO": "09"}, "geometry": {"type": "Polygon", "coordinates": [[[-119.320906, 42.894199], [-119.315974, 42.894211], [-119.311042, 42.894224], [-119.30611, 42.894237], [-119.306109, 42.897873], [-119.306108, 42.90151], [-119.306107, 42.905146], [-119.306106, 42.908782], [-119.311026, 42.908752], [-119.315945, 42.908722], [-119.320864, 42.908692], [-119.325784, 42.908661], [-119.325797, 42.905042], [-119.325811, 42.901424], [-119.325825, 42.897805], [-119.325838, 42.894186], [-119.320906, 42.894199]]]}}, {"type": "Feature", "properties": {"PLSSID": "OR330310S0290E0", "FRSTDIVID": "OR330310S0290E0SN100", "FRSTDIVTYP": "SN", "FRSTDIVNO": "10"}, "geometry": {"type": "Polygon", "coordinates": [[[-119.301179, 42.894241], [-119.296248, 42.894246], [-119.291317, 42.89425], [-119.286386, 42.894255], [-119.286357, 42.897876], [-119.286329, 42.901498], [-119.2863, 42.90512], [-119.286272, 42.908741], [-119.29123, 42.908752], [-119.296189, 42.908762], [-119.301148, 42.908772], [-119.306106, 42.908782], [-119.306107, 42.905146], [-119.306108, 42.90151], [-119.306109, 42.897873], [-119.30611, 42.894237], [-119.301179, 42.894241]]]}}, {"type": "Feature", "properties": {"PLSSID": "OR330310S0290E0", "FRSTDIVID": "OR330310S0290E0SN150", "FRSTDIVTYP": "SN", "FRSTDIVNO": "15"}, "geometry": {"type": "Polygon", "coordinates": [[[-119.301157, 42.879711], [-119.296231, 42.879721], [-119.291305, 42.879732], [-119.286379, 42.879742], [-119.286381, 42.88337], [-119.286383, 42.886998], [-119.286384, 42.890627], [-119.286386, 42.894255], [-119.291317, 42.89425], [-119.296248, 42.894246], [-119.301179, 42.894241], [-119.30611, 42.894237], [-119.306103, 42.890603], [-119.306097, 42.886969], [-119.30609, 42.883334], [-119.306083, 42.8797], [-119.301157, 42.879711]]]}}, {"type": "Feature", "properties": {"PLSSID": "OR330310S0290E0", "FRSTDIVID": "OR330310S0290E0SN160", "FRSTDIVTYP": "SN", "FRSTDIVNO": "16"}, "geometry": {"type": "Polygon", "coordinates": [[[-119.320906, 42.879682], [-119.315965, 42.879688], [-119.311024, 42.879694], [-119.306083, 42.8797], [-119.30609, 42.883334], [-119.306097, 42.886969], [-119.306103, 42.890603], [-119.30611, 42.894237], [-119.311042, 42.894224], [-119.315974, 42.894211], [-119.320906, 42.894199], [-119.325838, 42.894186], [-119.32584, 42.890558], [-119.325843, 42.886931], [-119.325845, 42.883304], [-119.325847, 42.879676], [-119.320906, 42.879682]]]}}, {"type": "Feature", "properties": {"PLSSID": "OR330310S0290E0", "FRSTDIVID": "OR330310S0290E0SN170", "FRSTDIVTYP": "SN", "FRSTDIVNO": "17"}, "geometry": {"type": "Polygon", "coordinates": [[[-119.340651, 42.879643], [-119.335717, 42.879654], [-119.330782, 42.879665], [-119.325847, 42.879676], [-119.325845, 42.883304], [-119.325843, 42.886931], [-119.32584, 42.890558], [-119.325838, 42.894186], [-119.33077, 42.89417], [-119.335703, 42.894154], [-119.340635, 42.894138], [-119.345567, 42.894122], [-119.345572, 42.890499], [-119.345577, 42.886877], [-119.345581, 42.883255], [-119.345586, 42.879632], [-119.340651, 42.879643]]]}}, {"type": "Feature", "properties": {"PLSSID": "OR330310S0290E0", "FRSTDIVID": "OR330310S0290E0SN180", "FRSTDIVTYP": "SN", "FRSTDIVNO": "18"}, "geometry": {"type": "Polygon", "coordinates": [[[-119.360406, 42.879604], [-119.355472, 42.879618], [-119.350529, 42.879625], [-119.345586, 42.879632], [-119.345581, 42.883255], [-119.345577, 42.886877], [-119.345572, 42.890499], [-119.345567, 42.894122], [-119.35051, 42.894119], [-119.355452, 42.894116], [-119.360386, 42.894107], [-119.36528, 42.894097], [-119.365281, 42.89047], [-119.365281, 42.8899], [-119.365281, 42.889896], [-119.365281, 42.886843], [-119.365282, 42.883216], [-119.365282, 42.881186], [-119.365282, 42.879589], [-119.360406, 42.879604]]]}}, {"type": "Feature", "properties": {"PLSSID": "OR330310S0290E0", "FRSTDIVID": "OR330310S0290E0SN190", "FRSTDIVTYP": "SN", "FRSTDIVNO": "19"}, "geometry": {"type": "Polygon", "coordinates": [[[-119.345534, 42.868716], [-119.345551, 42.872354], [-119.345563, 42.874898], [-119.345569, 42.875993], [-119.345586, 42.879632], [-119.350529, 42.879625], [-119.355472, 42.879618], [-119.360406, 42.879604], [-119.365282, 42.879589], [-119.365283, 42.875962], [-119.365283, 42.87489], [-119.365283, 42.874519], [-119.365283, 42.874517], [-119.365283, 42.872336], [-119.365284, 42.868709], [-119.365284, 42.866935], [-119.365284, 42.865082], [-119.360378, 42.86509], [-119.355436, 42.865099], [-119.350476, 42.865088], [-119.345516, 42.865077], [-119.345534, 42.868716]]]}}, {"type": "Feature", "properties": {"PLSSID": "OR330310S0290E0", "FRSTDIVID": "OR330310S0290E0SN200", "FRSTDIVTYP": "SN", "FRSTDIVNO": "20"}, "geometry": {"type": "Polygon", "coordinates": [[[-119.340597, 42.86509], [-119.335677, 42.865103], [-119.330758, 42.865115], [-119.325839, 42.865128], [-119.325841, 42.868765], [-119.325843, 42.872402], [-119.325844, 42.874902], [-119.325845, 42.876039], [-119.325847, 42.879676], [-119.330782, 42.879665], [-119.335717, 42.879654], [-119.340651, 42.879643], [-119.345586, 42.879632], [-119.345569, 42.875993], [-119.345563, 42.874898], [-119.345551, 42.872354], [-119.345534, 42.868716], [-119.345516, 42.865077], [-119.340597, 42.86509]]]}}, {"type": "Feature", "properties": {"PLSSID": "OR330310S0290E0", "FRSTDIVID": "OR330310S0290E0SN210", "FRSTDIVTYP": "SN", "FRSTDIVNO": "21"}, "geometry": {"type": "Polygon", "coordinates": [[[-119.320881, 42.865144], [-119.315924, 42.86516], [-119.310966, 42.865176], [-119.306009, 42.865192], [-119.306028, 42.868819], [-119.306046, 42.872446], [-119.306059, 42.874902], [-119.306065, 42.876073], [-119.306083, 42.8797], [-119.311024, 42.879694], [-119.315965, 42.879688], [-119.320906, 42.879682], [-119.325847, 42.879676], [-119.325845, 42.876039], [-119.325844, 42.874902], [-119.325843, 42.872402], [-119.325841, 42.868765], [-119.325839, 42.865128], [-119.320881, 42.865144]]]}}, {"type": "Feature", "properties": {"PLSSID": "OR330310S0290E0", "FRSTDIVID": "OR330310S0290E0SN220", "FRSTDIVTYP": "SN", "FRSTDIVNO": "22"}, "geometry": {"type": "Polygon", "coordinates": [[[-119.301093, 42.865211], [-119.296178, 42.86523], [-119.291262, 42.865249], [-119.286346, 42.865268], [-119.286355, 42.868886], [-119.286363, 42.872505], [-119.286368, 42.874899], [-119.286371, 42.876123], [-119.286379, 42.879742], [-119.291305, 42.879732], [-119.296231, 42.879721], [-119.301157, 42.879711], [-119.306083, 42.8797], [-119.306065, 42.876073], [-119.306059, 42.874902], [-119.306046, 42.872446], [-119.306028, 42.868819], [-119.306009, 42.865192], [-119.301093, 42.865211]]]}}, {"type": "Feature", "properties": {"PLSSID": "OR330310S0290E0", "FRSTDIVID": "OR330310S0290E0SN270", "FRSTDIVTYP": "SN", "FRSTDIVNO": "27"}, "geometry": {"type": "Polygon", "coordinates": [[[-119.301199, 42.850723], [-119.296262, 42.850739], [-119.291326, 42.850754], [-119.286389, 42.85077], [-119.286379, 42.854394], [-119.286368, 42.858019], [-119.286357, 42.861643], [-119.286346, 42.865268], [-119.291262, 42.865249], [-119.296178, 42.86523], [-119.301093, 42.865211], [-119.306009, 42.865192], [-119.306041, 42.861571], [-119.306072, 42.85795], [-119.306104, 42.854329], [-119.306136, 42.850708], [-119.301199, 42.850723]]]}}, {"type": "Feature", "properties": {"PLSSID": "OR330310S0290E0", "FRSTDIVID": "OR330310S0290E0SN280", "FRSTDIVTYP": "SN", "FRSTDIVNO": "28"}, "geometry": {"type": "Polygon", "coordinates": [[[-119.320943, 42.850645], [-119.316008, 42.850666], [-119.311072, 42.850687], [-119.306136, 42.850708], [-119.306104, 42.854329], [-119.306072, 42.85795], [-119.306041, 42.861571], [-119.306009, 42.865192], [-119.310966, 42.865176], [-119.315924, 42.86516], [-119.320881, 42.865144], [-119.325839, 42.865128], [-119.325849, 42.861502], [-119.325859, 42.857876], [-119.325869, 42.854251], [-119.325879, 42.850625], [-119.320943, 42.850645]]]}}, {"type": "Feature", "properties": {"PLSSID": "OR330310S0290E0", "FRSTDIVID": "OR330310S0290E0SN290", "FRSTDIVTYP": "SN", "FRSTDIVNO": "29"}, "geometry": {"type": "Polygon", "coordinates": [[[-119.340647, 42.850612], [-119.335724, 42.850616], [-119.330802, 42.85062], [-119.325879, 42.850625], [-119.325869, 42.854251], [-119.325859, 42.857876], [-119.325849, 42.861502], [-119.325839, 42.865128], [-119.330758, 42.865115], [-119.335677, 42.865103], [-119.340597, 42.86509], [-119.345516, 42.865077], [-119.345529, 42.86146], [-119.345543, 42.857842], [-119.345556, 42.854225], [-119.345569, 42.850608], [-119.340647, 42.850612]]]}}, {"type": "Feature", "properties": {"PLSSID": "OR330310S0290E0", "FRSTDIVID": "OR330310S0290E0SN300", "FRSTDIVTYP": "SN", "FRSTDIVNO": "30"}, "geometry": {"type": "Polygon", "coordinates": [[[-119.345556, 42.854225], [-119.345543, 42.857842], [-119.345529, 42.86146], [-119.345516, 42.865077], [-119.350476, 42.865088], [-119.355436, 42.865099], [-119.360378, 42.86509], [-119.365284, 42.865082], [-119.365294, 42.861451], [-119.365305, 42.85782], [-119.36531, 42.856062], [-119.365315, 42.854189], [-119.365325, 42.850558], [-119.365321, 42.850558], [-119.360388, 42.850583], [-119.355456, 42.850609], [-119.350513, 42.850608], [-119.345569, 42.850608], [-119.345556, 42.854225]]]}}, {"type": "Feature", "properties": {"PLSSID": "OR330310S0290E0", "FRSTDIVID": "OR330310S0290E0SN310", "FRSTDIVTYP": "SN", "FRSTDIVNO": "31"}, "geometry": {"type": "Polygon", "coordinates": [[[-119.36525, 42.836033], [-119.36032, 42.836039], [-119.355391, 42.836044], [-119.350463, 42.83605], [-119.345534, 42.836055], [-119.345543, 42.839693], [-119.345552, 42.843331], [-119.345561, 42.846969], [-119.345569, 42.850608], [-119.350513, 42.850608], [-119.355456, 42.850609], [-119.360388, 42.850583], [-119.365321, 42.850558], [-119.365325, 42.850558], [-119.365317, 42.846927], [-119.365308, 42.843296], [-119.365305, 42.842094], [-119.365299, 42.839664], [-119.365295, 42.837774], [-119.365291, 42.836033], [-119.36525, 42.836033]]]}}, {"type": "Feature", "properties": {"PLSSID": "OR330310S0290E0", "FRSTDIVID": "OR330310S0290E0SN320", "FRSTDIVTYP": "SN", "FRSTDIVNO": "32"}, "geometry": {"type": "Polygon", "coordinates": [[[-119.340605, 42.836061], [-119.335677, 42.836066], [-119.330748, 42.836072], [-119.32582, 42.836078], [-119.325835, 42.839714], [-119.325849, 42.843351], [-119.325864, 42.846988], [-119.325879, 42.850625], [-119.330802, 42.85062], [-119.335724, 42.850616], [-119.340647, 42.850612], [-119.345569, 42.850608], [-119.345561, 42.846969], [-119.345552, 42.843331], [-119.345543, 42.839693], [-119.345534, 42.836055], [-119.340605, 42.836061]]]}}, {"type": "Feature", "properties": {"PLSSID": "OR330310S0290E0", "FRSTDIVID": "OR330310S0290E0SN330", "FRSTDIVTYP": "SN", "FRSTDIVNO": "33"}, "geometry": {"type": "Polygon", "coordinates": [[[-119.32092, 42.836111], [-119.316021, 42.836144], [-119.311122, 42.836177], [-119.306222, 42.83621], [-119.306201, 42.839835], [-119.306179, 42.843459], [-119.306157, 42.847083], [-119.306136, 42.850708], [-119.311072, 42.850687], [-119.316008, 42.850666], [-119.320943, 42.850645], [-119.325879, 42.850625], [-119.325864, 42.846988], [-119.325849, 42.843351], [-119.325835, 42.839714], [-119.32582, 42.836078], [-119.32092, 42.836111]]]}}, {"type": "Feature", "properties": {"PLSSID": "OR330310S0290E0", "FRSTDIVID": "OR330310S0290E0SN340", "FRSTDIVTYP": "SN", "FRSTDIVNO": "34"}, "geometry": {"type": "Polygon", "coordinates": [[[-119.301286, 42.836223], [-119.29635, 42.836235], [-119.291413, 42.836248], [-119.286477, 42.836261], [-119.286455, 42.839888], [-119.286433, 42.843515], [-119.286411, 42.847142], [-119.286389, 42.85077], [-119.291326, 42.850754], [-119.296262, 42.850739], [-119.301199, 42.850723], [-119.306136, 42.850708], [-119.306157, 42.847083], [-119.306179, 42.843459], [-119.306201, 42.839835], [-119.306222, 42.83621], [-119.301286, 42.836223]]]}}, {"type": "Feature", "properties": {"PLSSID": "OR330310S0280E0", "FRSTDIVID": "OR330310S0280E0SN010", "FRSTDIVTYP": "SN", "FRSTDIVNO": "01"}, "geometry": {"type": "Polygon", "coordinates": [[[-119.380074, 42.908585], [-119.376067, 42.90859], [-119.376064, 42.90859], [-119.375142, 42.908591], [-119.37021, 42.908598], [-119.365278, 42.908604], [-119.365278, 42.910928], [-119.365278, 42.912231], [-119.365277, 42.914187], [-119.365277, 42.915608], [-119.366746, 42.915611], [-119.367065, 42.915611], [-119.370211, 42.915628], [-119.371696, 42.915636], [-119.375144, 42.915654], [-119.376064, 42.915659], [-119.376067, 42.915659], [-119.376646, 42.915662], [-119.377093, 42.915664], [-119.380078, 42.915667], [-119.381644, 42.915669], [-119.385012, 42.915671], [-119.385009, 42.912206], [-119.385007, 42.908578], [-119.380074, 42.908585]]]}}, {"type": "Feature", "properties": {"PLSSID": "OR330310S0280E0", "FRSTDIVID": "OR330310S0280E0SN020", "FRSTDIVTYP": "SN", "FRSTDIVNO": "02"}, "geometry": {"type": "Polygon", "coordinates": [[[-119.399784, 42.908539], [-119.394858, 42.908552], [-119.389932, 42.908565], [-119.385007, 42.908578], [-119.385009, 42.912206], [-119.385012, 42.915671], [-119.386631, 42.91568], [-119.387077, 42.915682], [-119.389951, 42.915687], [-119.391595, 42.91569], [-119.394891, 42.915696], [-119.396558, 42.915699], [-119.397014, 42.9157], [-119.39983, 42.915703], [-119.401514, 42.915704], [-119.40477, 42.915707], [-119.40474, 42.912162], [-119.404709, 42.908526], [-119.399784, 42.908539]]]}}, {"type": "Feature", "properties": {"PLSSID": "OR330310S0280E0", "FRSTDIVID": "OR330310S0280E0SN030", "FRSTDIVTYP": "SN", "FRSTDIVNO": "03"}, "geometry": {"type": "Polygon", "coordinates": [[[-119.40477, 42.915707], [-119.406469, 42.915708], [-119.406922, 42.915709], [-119.409701, 42.915705], [-119.411425, 42.915703], [-119.414632, 42.915699], [-119.416381, 42.915697], [-119.416834, 42.915697], [-119.419563, 42.915699], [-119.421296, 42.915701], [-119.424494, 42.915704], [-119.424519, 42.91217], [-119.424545, 42.908552], [-119.419586, 42.908545], [-119.414627, 42.908539], [-119.409668, 42.908532], [-119.404709, 42.908526], [-119.40474, 42.912162], [-119.40477, 42.915707]]]}}, {"type": "Feature", "properties": {"PLSSID": "OR330310S0280E0", "FRSTDIVID": "OR330310S0280E0SN040", "FRSTDIVTYP": "SN", "FRSTDIVNO": "04"}, "geometry": {"type": "Polygon", "coordinates": [[[-119.424519, 42.91217], [-119.424494, 42.915704], [-119.426214, 42.91571], [-119.426749, 42.915712], [-119.429417, 42.915722], [-119.43114, 42.915729], [-119.434341, 42.91574], [-119.436066, 42.915747], [-119.436631, 42.915749], [-119.439265, 42.915758], [-119.441006, 42.915763], [-119.444188, 42.915774], [-119.444233, 42.912228], [-119.444279, 42.908601], [-119.439345, 42.908589], [-119.434412, 42.908577], [-119.429478, 42.908564], [-119.424545, 42.908552], [-119.424519, 42.91217]]]}}, {"type": "Feature", "properties": {"PLSSID": "OR330310S0280E0", "FRSTDIVID": "OR330310S0280E0SN050", "FRSTDIVTYP": "SN", "FRSTDIVNO": "05"}, "geometry": {"type": "Polygon", "coordinates": [[[-119.444233, 42.912228], [-119.444188, 42.915774], [-119.445948, 42.915779], [-119.449146, 42.91579], [-119.450889, 42.915796], [-119.454112, 42.91581], [-119.456474, 42.915814], [-119.459084, 42.91582], [-119.461472, 42.915825], [-119.464071, 42.915831], [-119.46407, 42.912333], [-119.464069, 42.908701], [-119.459121, 42.908676], [-119.454174, 42.908651], [-119.449226, 42.908626], [-119.444279, 42.908601], [-119.444233, 42.912228]]]}}, {"type": "Feature", "properties": {"PLSSID": "OR330310S0280E0", "FRSTDIVID": "OR330310S0280E0SN060", "FRSTDIVTYP": "SN", "FRSTDIVNO": "06"}, "geometry": {"type": "Polygon", "coordinates": [[[-119.46407, 42.912333], [-119.464071, 42.915831], [-119.46647, 42.915837], [-119.469047, 42.915843], [-119.471465, 42.915848], [-119.474022, 42.915854], [-119.476461, 42.91586], [-119.478998, 42.915868], [-119.481456, 42.915876], [-119.483111, 42.915883], [-119.483111, 42.91588], [-119.4831, 42.912379], [-119.483092, 42.908748], [-119.478924, 42.908736], [-119.473971, 42.908723], [-119.46902, 42.908712], [-119.464069, 42.908701], [-119.46407, 42.912333]]]}}, {"type": "Feature", "properties": {"PLSSID": "OR330310S0280E0", "FRSTDIVID": "OR330310S0280E0SN070", "FRSTDIVTYP": "SN", "FRSTDIVNO": "07"}, "geometry": {"type": "Polygon", "coordinates": [[[-119.464061, 42.897798], [-119.464064, 42.901432], [-119.464066, 42.905067], [-119.464069, 42.908701], [-119.46902, 42.908712], [-119.473971, 42.908723], [-119.478924, 42.908736], [-119.483092, 42.908748], [-119.483084, 42.905118], [-119.483075, 42.901488], [-119.483067, 42.897857], [-119.483059, 42.894227], [-119.478883, 42.894213], [-119.473939, 42.894196], [-119.468999, 42.89418], [-119.464059, 42.894163], [-119.464061, 42.897798]]]}}, {"type": "Feature", "properties": {"PLSSID": "OR330310S0280E0", "FRSTDIVID": "OR330310S0280E0SN080", "FRSTDIVTYP": "SN", "FRSTDIVNO": "08"}, "geometry": {"type": "Polygon", "coordinates": [[[-119.444316, 42.897712], [-119.444303, 42.901342], [-119.444291, 42.904972], [-119.444279, 42.908601], [-119.449226, 42.908626], [-119.454174, 42.908651], [-119.459121, 42.908676], [-119.464069, 42.908701], [-119.464066, 42.905067], [-119.464064, 42.901432], [-119.464061, 42.897798], [-119.464059, 42.894163], [-119.459126, 42.894143], [-119.454193, 42.894123], [-119.449261, 42.894103], [-119.444328, 42.894082], [-119.444316, 42.897712]]]}}, {"type": "Feature", "properties": {"PLSSID": "OR330310S0280E0", "FRSTDIVID": "OR330310S0280E0SN090", "FRSTDIVTYP": "SN", "FRSTDIVNO": "09"}, "geometry": {"type": "Polygon", "coordinates": [[[-119.424667, 42.897679], [-119.424626, 42.901303], [-119.424585, 42.904928], [-119.424545, 42.908552], [-119.429478, 42.908564], [-119.434412, 42.908577], [-119.439345, 42.908589], [-119.444279, 42.908601], [-119.444291, 42.904972], [-119.444303, 42.901342], [-119.444316, 42.897712], [-119.444328, 42.894082], [-119.439423, 42.894076], [-119.434518, 42.894069], [-119.429613, 42.894062], [-119.424708, 42.894055], [-119.424667, 42.897679]]]}}, {"type": "Feature", "properties": {"PLSSID": "OR330310S0280E0", "FRSTDIVID": "OR330310S0280E0SN100", "FRSTDIVTYP": "SN", "FRSTDIVNO": "10"}, "geometry": {"type": "Polygon", "coordinates": [[[-119.404833, 42.897655], [-119.404792, 42.901279], [-119.404751, 42.904902], [-119.404709, 42.908526], [-119.409668, 42.908532], [-119.414627, 42.908539], [-119.419586, 42.908545], [-119.424545, 42.908552], [-119.424585, 42.904928], [-119.424626, 42.901303], [-119.424667, 42.897679], [-119.424708, 42.894055], [-119.41975, 42.894049], [-119.414791, 42.894043], [-119.409833, 42.894037], [-119.404875, 42.894032], [-119.404833, 42.897655]]]}}, {"type": "Feature", "properties": {"PLSSID": "OR330310S0280E0", "FRSTDIVID": "OR330310S0280E0SN110", "FRSTDIVTYP": "SN", "FRSTDIVNO": "11"}, "geometry": {"type": "Polygon", "coordinates": [[[-119.399917, 42.894041], [-119.39496, 42.894051], [-119.390003, 42.894061], [-119.385046, 42.894071], [-119.385036, 42.897698], [-119.385026, 42.901325], [-119.385016, 42.904952], [-119.385007, 42.908578], [-119.389932, 42.908565], [-119.394858, 42.908552], [-119.399784, 42.908539], [-119.404709, 42.908526], [-119.404751, 42.904902], [-119.404792, 42.901279], [-119.404833, 42.897655], [-119.404875, 42.894032], [-119.399917, 42.894041]]]}}, {"type": "Feature", "properties": {"PLSSID": "OR330310S0280E0", "FRSTDIVID": "OR330310S0280E0SN120", "FRSTDIVTYP": "SN", "FRSTDIVNO": "12"}, "geometry": {"type": "Polygon", "coordinates": [[[-119.380104, 42.894078], [-119.376066, 42.894083], [-119.375163, 42.894084], [-119.370222, 42.89409], [-119.365301, 42.894097], [-119.36528, 42.894097], [-119.36528, 42.897724], [-119.365279, 42.90016], [-119.365279, 42.90135], [-119.365279, 42.904977], [-119.365278, 42.908604], [-119.37021, 42.908598], [-119.375142, 42.908591], [-119.376064, 42.90859], [-119.376067, 42.90859], [-119.380074, 42.908585], [-119.385007, 42.908578], [-119.385016, 42.904952], [-119.385026, 42.901325], [-119.385036, 42.897698], [-119.385046, 42.894071], [-119.380104, 42.894078]]]}}, {"type": "Feature", "properties": {"PLSSID": "OR330310S0280E0", "FRSTDIVID": "OR330310S0280E0SN130", "FRSTDIVTYP": "SN", "FRSTDIVNO": "13"}, "geometry": {"type": "Polygon", "coordinates": [[[-119.380091, 42.879563], [-119.376065, 42.87957], [-119.375154, 42.879572], [-119.370218, 42.87958], [-119.365308, 42.879589], [-119.365282, 42.879589], [-119.365282, 42.881186], [-119.365282, 42.883216], [-119.365281, 42.886843], [-119.365281, 42.889896], [-119.365281, 42.8899], [-119.365281, 42.89047], [-119.36528, 42.894097], [-119.365301, 42.894097], [-119.370222, 42.89409], [-119.375163, 42.894084], [-119.376066, 42.894083], [-119.380104, 42.894078], [-119.385046, 42.894071], [-119.385041, 42.890442], [-119.385036, 42.886813], [-119.385031, 42.883183], [-119.385027, 42.879554], [-119.380091, 42.879563]]]}}, {"type": "Feature", "properties": {"PLSSID": "OR330310S0280E0", "FRSTDIVID": "OR330310S0280E0SN140", "FRSTDIVTYP": "SN", "FRSTDIVNO": "14"}, "geometry": {"type": "Polygon", "coordinates": [[[-119.399844, 42.879535], [-119.394905, 42.879541], [-119.389966, 42.879548], [-119.385027, 42.879554], [-119.385031, 42.883183], [-119.385036, 42.886813], [-119.385041, 42.890442], [-119.385046, 42.894071], [-119.390003, 42.894061], [-119.39496, 42.894051], [-119.399917, 42.894041], [-119.404875, 42.894032], [-119.404852, 42.890406], [-119.404829, 42.88678], [-119.404806, 42.883154], [-119.404784, 42.879528], [-119.399844, 42.879535]]]}}, {"type": "Feature", "properties": {"PLSSID": "OR330310S0280E0", "FRSTDIVID": "OR330310S0280E0SN150", "FRSTDIVTYP": "SN", "FRSTDIVNO": "15"}, "geometry": {"type": "Polygon", "coordinates": [[[-119.404806, 42.883154], [-119.404829, 42.88678], [-119.404852, 42.890406], [-119.404875, 42.894032], [-119.409833, 42.894037], [-119.414791, 42.894043], [-119.41975, 42.894049], [-119.424708, 42.894055], [-119.42467, 42.89043], [-119.424632, 42.886805], [-119.424594, 42.883179], [-119.424556, 42.879554], [-119.419613, 42.879548], [-119.41467, 42.879541], [-119.409727, 42.879535], [-119.404784, 42.879528], [-119.404806, 42.883154]]]}}, {"type": "Feature", "properties": {"PLSSID": "OR330310S0280E0", "FRSTDIVID": "OR330310S0280E0SN160", "FRSTDIVTYP": "SN", "FRSTDIVNO": "16"}, "geometry": {"type": "Polygon", "coordinates": [[[-119.424594, 42.883179], [-119.424632, 42.886805], [-119.42467, 42.89043], [-119.424708, 42.894055], [-119.429613, 42.894062], [-119.434518, 42.894069], [-119.439423, 42.894076], [-119.444328, 42.894082], [-119.444316, 42.890454], [-119.444303, 42.886825], [-119.444291, 42.883196], [-119.444279, 42.879567], [-119.439348, 42.879564], [-119.434417, 42.87956], [-119.429486, 42.879557], [-119.424556, 42.879554], [-119.424594, 42.883179]]]}}, {"type": "Feature", "properties": {"PLSSID": "OR330310S0280E0", "FRSTDIVID": "OR330310S0280E0SN170", "FRSTDIVTYP": "SN", "FRSTDIVNO": "17"}, "geometry": {"type": "Polygon", "coordinates": [[[-119.444291, 42.883196], [-119.444303, 42.886825], [-119.444316, 42.890454], [-119.444328, 42.894082], [-119.449261, 42.894103], [-119.454193, 42.894123], [-119.459126, 42.894143], [-119.464059, 42.894163], [-119.464047, 42.890528], [-119.464036, 42.886894], [-119.464025, 42.883259], [-119.464013, 42.879624], [-119.45908, 42.87961], [-119.454146, 42.879595], [-119.449212, 42.879581], [-119.444279, 42.879567], [-119.444291, 42.883196]]]}}, {"type": "Feature", "properties": {"PLSSID": "OR330310S0280E0", "FRSTDIVID": "OR330310S0280E0SN180", "FRSTDIVTYP": "SN", "FRSTDIVNO": "18"}, "geometry": {"type": "Polygon", "coordinates": [[[-119.464025, 42.883259], [-119.464036, 42.886894], [-119.464047, 42.890528], [-119.464059, 42.894163], [-119.468999, 42.89418], [-119.473939, 42.894196], [-119.478883, 42.894213], [-119.483059, 42.894227], [-119.483051, 42.890597], [-119.483043, 42.886966], [-119.483034, 42.883336], [-119.483026, 42.879706], [-119.478838, 42.879683], [-119.473893, 42.879658], [-119.468953, 42.879641], [-119.464013, 42.879624], [-119.464025, 42.883259]]]}}, {"type": "Feature", "properties": {"PLSSID": "OR330310S0280E0", "FRSTDIVID": "OR330310S0280E0SN190", "FRSTDIVTYP": "SN", "FRSTDIVNO": "19"}, "geometry": {"type": "Polygon", "coordinates": [[[-119.463958, 42.868718], [-119.463976, 42.872353], [-119.463989, 42.874899], [-119.463995, 42.875988], [-119.464013, 42.879624], [-119.468953, 42.879641], [-119.473893, 42.879658], [-119.478838, 42.879683], [-119.483026, 42.879706], [-119.483018, 42.876075], [-119.483015, 42.874893], [-119.48301, 42.872445], [-119.483002, 42.868815], [-119.482993, 42.865184], [-119.478785, 42.865162], [-119.473836, 42.865135], [-119.468888, 42.865109], [-119.463939, 42.865082], [-119.463958, 42.868718]]]}}, {"type": "Feature", "properties": {"PLSSID": "OR330310S0280E0", "FRSTDIVID": "OR330310S0280E0SN200", "FRSTDIVTYP": "SN", "FRSTDIVNO": "20"}, "geometry": {"type": "Polygon", "coordinates": [[[-119.444222, 42.868671], [-119.444241, 42.872303], [-119.444254, 42.874902], [-119.44426, 42.875935], [-119.444279, 42.879567], [-119.449212, 42.879581], [-119.454146, 42.879595], [-119.45908, 42.87961], [-119.464013, 42.879624], [-119.463995, 42.875988], [-119.463989, 42.874899], [-119.463976, 42.872353], [-119.463958, 42.868718], [-119.463939, 42.865082], [-119.459005, 42.865072], [-119.454071, 42.865061], [-119.449137, 42.86505], [-119.444203, 42.86504], [-119.444222, 42.868671]]]}}, {"type": "Feature", "properties": {"PLSSID": "OR330310S0280E0", "FRSTDIVID": "OR330310S0280E0SN210", "FRSTDIVTYP": "SN", "FRSTDIVNO": "21"}, "geometry": {"type": "Polygon", "coordinates": [[[-119.43927, 42.865042], [-119.434338, 42.865045], [-119.429405, 42.865048], [-119.424472, 42.86505], [-119.424493, 42.868676], [-119.424514, 42.872302], [-119.424529, 42.874901], [-119.424535, 42.875928], [-119.424556, 42.879554], [-119.429486, 42.879557], [-119.434417, 42.87956], [-119.439348, 42.879564], [-119.444279, 42.879567], [-119.44426, 42.875935], [-119.444254, 42.874902], [-119.444241, 42.872303], [-119.444222, 42.868671], [-119.444203, 42.86504], [-119.43927, 42.865042]]]}}, {"type": "Feature", "properties": {"PLSSID": "OR330310S0280E0", "FRSTDIVID": "OR330310S0280E0SN220", "FRSTDIVTYP": "SN", "FRSTDIVNO": "22"}, "geometry": {"type": "Polygon", "coordinates": [[[-119.40468, 42.868615], [-119.404714, 42.872253], [-119.40474, 42.874897], [-119.404749, 42.875891], [-119.404784, 42.879528], [-119.409727, 42.879535], [-119.41467, 42.879541], [-119.419613, 42.879548], [-119.424556, 42.879554], [-119.424535, 42.875928], [-119.424529, 42.874901], [-119.424514, 42.872302], [-119.424493, 42.868676], [-119.424472, 42.86505], [-119.419516, 42.865032], [-119.414559, 42.865014], [-119.409602, 42.864996], [-119.404645, 42.864978], [-119.40468, 42.868615]]]}}, {"type": "Feature", "properties": {"PLSSID": "OR330310S0280E0", "FRSTDIVID": "OR330310S0280E0SN230", "FRSTDIVTYP": "SN", "FRSTDIVNO": "23"}, "geometry": {"type": "Polygon", "coordinates": [[[-119.399735, 42.864984], [-119.394825, 42.86499], [-119.389915, 42.864996], [-119.385005, 42.865002], [-119.385011, 42.86864], [-119.385016, 42.872278], [-119.38502, 42.874889], [-119.385021, 42.875916], [-119.385027, 42.879554], [-119.389966, 42.879548], [-119.394905, 42.879541], [-119.399844, 42.879535], [-119.404784, 42.879528], [-119.404749, 42.875891], [-119.40474, 42.874897], [-119.404714, 42.872253], [-119.40468, 42.868615], [-119.404645, 42.864978], [-119.399735, 42.864984]]]}}, {"type": "Feature", "properties": {"PLSSID": "OR330310S0280E0", "FRSTDIVID": "OR330310S0280E0SN240", "FRSTDIVTYP": "SN", "FRSTDIVNO": "24"}, "geometry": {"type": "Polygon", "coordinates": [[[-119.380075, 42.865022], [-119.376065, 42.865038], [-119.375145, 42.865042], [-119.370215, 42.865062], [-119.365314, 42.865082], [-119.365284, 42.865082], [-119.365284, 42.866935], [-119.365284, 42.868709], [-119.365283, 42.872336], [-119.365283, 42.874517], [-119.365283, 42.874519], [-119.365283, 42.87489], [-119.365283, 42.875962], [-119.365282, 42.879589], [-119.365308, 42.879589], [-119.370218, 42.87958], [-119.375154, 42.879572], [-119.376065, 42.87957], [-119.380091, 42.879563], [-119.385027, 42.879554], [-119.385021, 42.875916], [-119.38502, 42.874889], [-119.385016, 42.872278], [-119.385011, 42.86864], [-119.385005, 42.865002], [-119.380075, 42.865022]]]}}, {"type": "Feature", "properties": {"PLSSID": "OR330310S0280E0", "FRSTDIVID": "OR330310S0280E0SN250", "FRSTDIVTYP": "SN", "FRSTDIVNO": "25"}, "geometry": {"type": "Polygon", "coordinates": [[[-119.380073, 42.850547], [-119.376065, 42.85055], [-119.375157, 42.850551], [-119.370241, 42.850555], [-119.365325, 42.850558], [-119.365315, 42.854189], [-119.36531, 42.856062], [-119.365305, 42.85782], [-119.365294, 42.861451], [-119.365284, 42.865082], [-119.365314, 42.865082], [-119.370215, 42.865062], [-119.375145, 42.865042], [-119.376065, 42.865038], [-119.380075, 42.865022], [-119.385005, 42.865002], [-119.385001, 42.861387], [-119.384997, 42.857772], [-119.384993, 42.854158], [-119.384989, 42.850544], [-119.380073, 42.850547]]]}}, {"type": "Feature", "properties": {"PLSSID": "OR330310S0280E0", "FRSTDIVID": "OR330310S0280E0SN260", "FRSTDIVTYP": "SN", "FRSTDIVNO": "26"}, "geometry": {"type": "Polygon", "coordinates": [[[-119.399713, 42.850534], [-119.394805, 42.850537], [-119.389897, 42.85054], [-119.384989, 42.850544], [-119.384993, 42.854158], [-119.384997, 42.857772], [-119.385001, 42.861387], [-119.385005, 42.865002], [-119.389915, 42.864996], [-119.394825, 42.86499], [-119.399735, 42.864984], [-119.404645, 42.864978], [-119.404639, 42.861366], [-119.404633, 42.857754], [-119.404627, 42.854143], [-119.404621, 42.850531], [-119.399713, 42.850534]]]}}, {"type": "Feature", "properties": {"PLSSID": "OR330310S0280E0", "FRSTDIVID": "OR330310S0280E0SN270", "FRSTDIVTYP": "SN", "FRSTDIVNO": "27"}, "geometry": {"type": "Polygon", "coordinates": [[[-119.419408, 42.850506], [-119.414479, 42.850515], [-119.40955, 42.850523], [-119.404621, 42.850531], [-119.404627, 42.854143], [-119.404633, 42.857754], [-119.404639, 42.861366], [-119.404645, 42.864978], [-119.409602, 42.864996], [-119.414559, 42.865014], [-119.419516, 42.865032], [-119.424472, 42.86505], [-119.424439, 42.861412], [-119.424405, 42.857774], [-119.424371, 42.854136], [-119.424337, 42.850498], [-119.419408, 42.850506]]]}}, {"type": "Feature", "properties": {"PLSSID": "OR330310S0280E0", "FRSTDIVID": "OR330310S0280E0SN280", "FRSTDIVTYP": "SN", "FRSTDIVNO": "28"}, "geometry": {"type": "Polygon", "coordinates": [[[-119.424371, 42.854136], [-119.424405, 42.857774], [-119.424439, 42.861412], [-119.424472, 42.86505], [-119.429405, 42.865048], [-119.434338, 42.865045], [-119.43927, 42.865042], [-119.444203, 42.86504], [-119.444213, 42.861436], [-119.444223, 42.857832], [-119.444233, 42.854228], [-119.444243, 42.850623], [-119.439267, 42.850592], [-119.43429, 42.850561], [-119.429314, 42.85053], [-119.424337, 42.850498], [-119.424371, 42.854136]]]}}, {"type": "Feature", "properties": {"PLSSID": "OR330310S0280E0", "FRSTDIVID": "OR330310S0280E0SN290", "FRSTDIVTYP": "SN", "FRSTDIVNO": "29"}, "geometry": {"type": "Polygon", "coordinates": [[[-119.459006, 42.850619], [-119.454085, 42.85062], [-119.449164, 42.850622], [-119.444243, 42.850623], [-119.444233, 42.854228], [-119.444223, 42.857832], [-119.444213, 42.861436], [-119.444203, 42.86504], [-119.449137, 42.86505], [-119.454071, 42.865061], [-119.459005, 42.865072], [-119.463939, 42.865082], [-119.463936, 42.861466], [-119.463933, 42.85785], [-119.46393, 42.854234], [-119.463927, 42.850617], [-119.459006, 42.850619]]]}}, {"type": "Feature", "properties": {"PLSSID": "OR330310S0280E0", "FRSTDIVID": "OR330310S0280E0SN300", "FRSTDIVTYP": "SN", "FRSTDIVNO": "30"}, "geometry": {"type": "Polygon", "coordinates": [[[-119.46393, 42.854234], [-119.463933, 42.85785], [-119.463936, 42.861466], [-119.463939, 42.865082], [-119.468888, 42.865109], [-119.473836, 42.865135], [-119.478785, 42.865162], [-119.482993, 42.865184], [-119.482983, 42.86155], [-119.482972, 42.857916], [-119.482961, 42.854282], [-119.48295, 42.850648], [-119.478732, 42.850637], [-119.473795, 42.850627], [-119.468861, 42.850622], [-119.463927, 42.850617], [-119.46393, 42.854234]]]}}, {"type": "Feature", "properties": {"PLSSID": "OR330310S0280E0", "FRSTDIVID": "OR330310S0280E0SN310", "FRSTDIVTYP": "SN", "FRSTDIVNO": "31"}, "geometry": {"type": "Polygon", "coordinates": [[[-119.46389, 42.839728], [-119.463902, 42.843358], [-119.463915, 42.846988], [-119.463927, 42.850617], [-119.468861, 42.850622], [-119.473795, 42.850627], [-119.478732, 42.850637], [-119.48295, 42.850648], [-119.48294, 42.847014], [-119.482929, 42.843379], [-119.482918, 42.839745], [-119.482907, 42.836111], [-119.478666, 42.836108], [-119.473736, 42.836105], [-119.468807, 42.836102], [-119.463878, 42.836098], [-119.46389, 42.839728]]]}}, {"type": "Feature", "properties": {"PLSSID": "OR330310S0280E0", "FRSTDIVID": "OR330310S0280E0SN320", "FRSTDIVTYP": "SN", "FRSTDIVNO": "32"}, "geometry": {"type": "Polygon", "coordinates": [[[-119.444181, 42.83972], [-119.444202, 42.843354], [-119.444223, 42.846989], [-119.444243, 42.850623], [-119.449164, 42.850622], [-119.454085, 42.85062], [-119.459006, 42.850619], [-119.463927, 42.850617], [-119.463915, 42.846988], [-119.463902, 42.843358], [-119.46389, 42.839728], [-119.463878, 42.836098], [-119.458948, 42.836095], [-119.454019, 42.836092], [-119.44909, 42.836088], [-119.44416, 42.836085], [-119.444181, 42.83972]]]}}, {"type": "Feature", "properties": {"PLSSID": "OR330310S0280E0", "FRSTDIVID": "OR330310S0280E0SN330", "FRSTDIVTYP": "SN", "FRSTDIVNO": "33"}, "geometry": {"type": "Polygon", "coordinates": [[[-119.424416, 42.839679], [-119.42439, 42.843285], [-119.424364, 42.846892], [-119.424337, 42.850498], [-119.429314, 42.85053], [-119.43429, 42.850561], [-119.439267, 42.850592], [-119.444243, 42.850623], [-119.444223, 42.846989], [-119.444202, 42.843354], [-119.444181, 42.83972], [-119.44416, 42.836085], [-119.439231, 42.836082], [-119.434301, 42.836079], [-119.429372, 42.836075], [-119.424443, 42.836072], [-119.424416, 42.839679]]]}}, {"type": "Feature", "properties": {"PLSSID": "OR330310S0280E0", "FRSTDIVID": "OR330310S0280E0SN340", "FRSTDIVTYP": "SN", "FRSTDIVNO": "34"}, "geometry": {"type": "Polygon", "coordinates": [[[-119.404699, 42.839677], [-119.404673, 42.843295], [-119.404647, 42.846913], [-119.404621, 42.850531], [-119.40955, 42.850523], [-119.414479, 42.850515], [-119.419408, 42.850506], [-119.424337, 42.850498], [-119.424364, 42.846892], [-119.42439, 42.843285], [-119.424416, 42.839679], [-119.424443, 42.836072], [-119.419513, 42.836069], [-119.414584, 42.836066], [-119.409655, 42.836062], [-119.404725, 42.836059], [-119.404699, 42.839677]]]}}, {"type": "Feature", "properties": {"PLSSID": "OR330310S0280E0", "FRSTDIVID": "OR330310S0280E0SN350", "FRSTDIVTYP": "SN", "FRSTDIVNO": "35"}, "geometry": {"type": "Polygon", "coordinates": [[[-119.385003, 42.83967], [-119.384998, 42.843295], [-119.384993, 42.846919], [-119.384989, 42.850544], [-119.389897, 42.85054], [-119.394805, 42.850537], [-119.399713, 42.850534], [-119.404621, 42.850531], [-119.404647, 42.846913], [-119.404673, 42.843295], [-119.404699, 42.839677], [-119.404725, 42.836059], [-119.399796, 42.836056], [-119.394867, 42.836052], [-119.389937, 42.836049], [-119.385008, 42.836046], [-119.385003, 42.83967]]]}}, {"type": "Feature", "properties": {"PLSSID": "OR330310S0280E0", "FRSTDIVID": "OR330310S0280E0SN360", "FRSTDIVTYP": "SN", "FRSTDIVNO": "36"}, "geometry": {"type": "Polygon", "coordinates": [[[-119.365295, 42.837774], [-119.365299, 42.839664], [-119.365305, 42.842094], [-119.365308, 42.843296], [-119.365317, 42.846927], [-119.365325, 42.850558], [-119.370241, 42.850555], [-119.375157, 42.850551], [-119.376065, 42.85055], [-119.380073, 42.850547], [-119.384989, 42.850544], [-119.384993, 42.846919], [-119.384998, 42.843295], [-119.385003, 42.83967], [-119.385008, 42.836046], [-119.380079, 42.836043], [-119.376067, 42.83604], [-119.376063, 42.83604], [-119.375149, 42.836039], [-119.37022, 42.836036], [-119.365291, 42.836033], [-119.365295, 42.837774]]]}}, {"type": "Feature", "properties": {"PLSSID": "OR330310S0270E0", "FRSTDIVID": "OR330310S0270E0SN010", "FRSTDIVTYP": "SN", "FRSTDIVNO": "01"}, "geometry": {"type": "Polygon", "coordinates": [[[-119.4831, 42.912379], [-119.483111, 42.91588], [-119.483111, 42.915883], [-119.483142, 42.915883], [-119.483828, 42.915884], [-119.484569, 42.915885], [-119.486432, 42.915888], [-119.488042, 42.915889], [-119.4914, 42.91589], [-119.492976, 42.91589], [-119.496368, 42.915891], [-119.49791, 42.915896], [-119.501073, 42.915905], [-119.501315, 42.915906], [-119.502844, 42.915911], [-119.502849, 42.912453], [-119.502854, 42.908818], [-119.501072, 42.908812], [-119.497913, 42.9088], [-119.492973, 42.908783], [-119.488032, 42.908766], [-119.483092, 42.908748], [-119.4831, 42.912379]]]}}, {"type": "Feature", "properties": {"PLSSID": "OR330310S0270E0", "FRSTDIVID": "OR330310S0270E0SN020", "FRSTDIVTYP": "SN", "FRSTDIVNO": "02"}, "geometry": {"type": "Polygon", "coordinates": [[[-119.502849, 42.912453], [-119.502844, 42.915911], [-119.506262, 42.915921], [-119.507792, 42.915924], [-119.511233, 42.915931], [-119.51274, 42.915934], [-119.516205, 42.915941], [-119.517688, 42.915942], [-119.521168, 42.915945], [-119.522636, 42.915947], [-119.522629, 42.912508], [-119.522621, 42.908877], [-119.517679, 42.908862], [-119.512737, 42.908847], [-119.507796, 42.908833], [-119.502854, 42.908818], [-119.502849, 42.912453]]]}}, {"type": "Feature", "properties": {"PLSSID": "OR330310S0270E0", "FRSTDIVID": "OR330310S0270E0SN030", "FRSTDIVTYP": "SN", "FRSTDIVNO": "03"}, "geometry": {"type": "Polygon", "coordinates": [[[-119.522629, 42.912508], [-119.522636, 42.915947], [-119.52612, 42.915958], [-119.527574, 42.915961], [-119.531068, 42.915969], [-119.532513, 42.915972], [-119.536015, 42.91598], [-119.537452, 42.915985], [-119.54095, 42.915998], [-119.542391, 42.916004], [-119.542387, 42.912587], [-119.542384, 42.908957], [-119.537443, 42.908937], [-119.532502, 42.908917], [-119.527562, 42.908897], [-119.522621, 42.908877], [-119.522629, 42.912508]]]}}, {"type": "Feature", "properties": {"PLSSID": "OR330310S0270E0", "FRSTDIVID": "OR330310S0270E0SN040", "FRSTDIVTYP": "SN", "FRSTDIVNO": "04"}, "geometry": {"type": "Polygon", "coordinates": [[[-119.542387, 42.912587], [-119.542391, 42.916004], [-119.545884, 42.916016], [-119.547303, 42.916025], [-119.550856, 42.916046], [-119.552216, 42.916054], [-119.555828, 42.916075], [-119.557128, 42.916077], [-119.560733, 42.916085], [-119.562041, 42.916087], [-119.562116, 42.91267], [-119.562196, 42.909025], [-119.557243, 42.909008], [-119.55229, 42.908991], [-119.547337, 42.908974], [-119.542384, 42.908957], [-119.542387, 42.912587]]]}}, {"type": "Feature", "properties": {"PLSSID": "OR330310S0270E0", "FRSTDIVID": "OR330310S0270E0SN050", "FRSTDIVTYP": "SN", "FRSTDIVNO": "05"}, "geometry": {"type": "Polygon", "coordinates": [[[-119.562116, 42.91267], [-119.562041, 42.916087], [-119.565636, 42.916095], [-119.566994, 42.916097], [-119.570567, 42.916104], [-119.571947, 42.916106], [-119.575479, 42.916112], [-119.576902, 42.916116], [-119.58044, 42.916136], [-119.581885, 42.916142], [-119.581898, 42.912754], [-119.58191, 42.909116], [-119.576981, 42.909093], [-119.572053, 42.90907], [-119.567124, 42.909048], [-119.562196, 42.909025], [-119.562116, 42.91267]]]}}, {"type": "Feature", "properties": {"PLSSID": "OR330310S0270E0", "FRSTDIVID": "OR330310S0270E0SN060", "FRSTDIVTYP": "SN", "FRSTDIVNO": "06"}, "geometry": {"type": "Polygon", "coordinates": [[[-119.581898, 42.912754], [-119.581885, 42.916142], [-119.585401, 42.916159], [-119.586839, 42.916161], [-119.590355, 42.916168], [-119.591795, 42.916171], [-119.595311, 42.916177], [-119.596751, 42.91618], [-119.599811, 42.916186], [-119.599799, 42.913049], [-119.599799, 42.912903], [-119.599785, 42.9094], [-119.599793, 42.909251], [-119.596707, 42.90923], [-119.591772, 42.909193], [-119.586841, 42.909154], [-119.58191, 42.909116], [-119.581898, 42.912754]]]}}, {"type": "Feature", "properties": {"PLSSID": "OR330310S0270E0", "FRSTDIVID": "OR330310S0270E0SN070", "FRSTDIVTYP": "SN", "FRSTDIVNO": "07"}, "geometry": {"type": "Polygon", "coordinates": [[[-119.58188, 42.898212], [-119.58189, 42.901847], [-119.5819, 42.905481], [-119.58191, 42.909116], [-119.586841, 42.909154], [-119.591772, 42.909193], [-119.596707, 42.90923], [-119.599793, 42.909251], [-119.599785, 42.905745], [-119.599785, 42.905613], [-119.599778, 42.902093], [-119.599778, 42.901975], [-119.599771, 42.898453], [-119.59977, 42.898337], [-119.599763, 42.894814], [-119.599763, 42.8947], [-119.596669, 42.89468], [-119.591736, 42.894647], [-119.586803, 42.894612], [-119.58187, 42.894577], [-119.58188, 42.898212]]]}}, {"type": "Feature", "properties": {"PLSSID": "OR330310S0270E0", "FRSTDIVID": "OR330310S0270E0SN080", "FRSTDIVTYP": "SN", "FRSTDIVNO": "08"}, "geometry": {"type": "Polygon", "coordinates": [[[-119.562137, 42.898123], [-119.562157, 42.901757], [-119.562176, 42.905391], [-119.562196, 42.909025], [-119.567124, 42.909048], [-119.572053, 42.90907], [-119.576981, 42.909093], [-119.58191, 42.909116], [-119.5819, 42.905481], [-119.58189, 42.901847], [-119.58188, 42.898212], [-119.58187, 42.894577], [-119.576932, 42.894555], [-119.571994, 42.894533], [-119.567055, 42.894511], [-119.562117, 42.894489], [-119.562137, 42.898123]]]}}, {"type": "Feature", "properties": {"PLSSID": "OR330310S0270E0", "FRSTDIVID": "OR330310S0270E0SN090", "FRSTDIVTYP": "SN", "FRSTDIVNO": "09"}, "geometry": {"type": "Polygon", "coordinates": [[[-119.542371, 42.898047], [-119.542375, 42.901684], [-119.54238, 42.90532], [-119.542384, 42.908957], [-119.547337, 42.908974], [-119.55229, 42.908991], [-119.557243, 42.909008], [-119.562196, 42.909025], [-119.562176, 42.905391], [-119.562157, 42.901757], [-119.562137, 42.898123], [-119.562117, 42.894489], [-119.55718, 42.89447], [-119.552242, 42.89445], [-119.547305, 42.89443], [-119.542367, 42.894411], [-119.542371, 42.898047]]]}}, {"type": "Feature", "properties": {"PLSSID": "OR330310S0270E0", "FRSTDIVID": "OR330310S0270E0SN100", "FRSTDIVTYP": "SN", "FRSTDIVNO": "10"}, "geometry": {"type": "Polygon", "coordinates": [[[-119.522602, 42.89798], [-119.522608, 42.901612], [-119.522614, 42.905244], [-119.522621, 42.908877], [-119.527562, 42.908897], [-119.532502, 42.908917], [-119.537443, 42.908937], [-119.542384, 42.908957], [-119.54238, 42.90532], [-119.542375, 42.901684], [-119.542371, 42.898047], [-119.542367, 42.894411], [-119.537424, 42.894395], [-119.532481, 42.894379], [-119.527538, 42.894363], [-119.522595, 42.894347], [-119.522602, 42.89798]]]}}, {"type": "Feature", "properties": {"PLSSID": "OR330310S0270E0", "FRSTDIVID": "OR330310S0270E0SN110", "FRSTDIVTYP": "SN", "FRSTDIVNO": "11"}, "geometry": {"type": "Polygon", "coordinates": [[[-119.502842, 42.897918], [-119.502846, 42.901552], [-119.50285, 42.905185], [-119.502854, 42.908818], [-119.507796, 42.908833], [-119.512737, 42.908847], [-119.517679, 42.908862], [-119.522621, 42.908877], [-119.522614, 42.905244], [-119.522608, 42.901612], [-119.522602, 42.89798], [-119.522595, 42.894347], [-119.517656, 42.894332], [-119.512717, 42.894316], [-119.507777, 42.894301], [-119.502838, 42.894285], [-119.502842, 42.897918]]]}}, {"type": "Feature", "properties": {"PLSSID": "OR330310S0270E0", "FRSTDIVID": "OR330310S0270E0SN120", "FRSTDIVTYP": "SN", "FRSTDIVNO": "12"}, "geometry": {"type": "Polygon", "coordinates": [[[-119.483067, 42.897857], [-119.483075, 42.901488], [-119.483084, 42.905118], [-119.483092, 42.908748], [-119.488032, 42.908766], [-119.492973, 42.908783], [-119.497913, 42.9088], [-119.501072, 42.908812], [-119.502854, 42.908818], [-119.50285, 42.905185], [-119.502846, 42.901552], [-119.502842, 42.897918], [-119.502838, 42.894285], [-119.501072, 42.89428], [-119.497893, 42.894271], [-119.492948, 42.894256], [-119.488004, 42.894242], [-119.483059, 42.894227], [-119.483067, 42.897857]]]}}, {"type": "Feature", "properties": {"PLSSID": "OR330310S0270E0", "FRSTDIVID": "OR330310S0270E0SN130", "FRSTDIVTYP": "SN", "FRSTDIVNO": "13"}, "geometry": {"type": "Polygon", "coordinates": [[[-119.483034, 42.883336], [-119.483043, 42.886966], [-119.483051, 42.890597], [-119.483059, 42.894227], [-119.488004, 42.894242], [-119.492948, 42.894256], [-119.497893, 42.894271], [-119.501072, 42.89428], [-119.502838, 42.894285], [-119.50283, 42.890652], [-119.502821, 42.887019], [-119.502813, 42.883386], [-119.502804, 42.879753], [-119.501071, 42.879749], [-119.49786, 42.879741], [-119.492915, 42.879729], [-119.487971, 42.879718], [-119.483026, 42.879706], [-119.483034, 42.883336]]]}}, {"type": "Feature", "properties": {"PLSSID": "OR330310S0270E0", "FRSTDIVID": "OR330310S0270E0SN140", "FRSTDIVTYP": "SN", "FRSTDIVNO": "14"}, "geometry": {"type": "Polygon", "coordinates": [[[-119.502813, 42.883386], [-119.502821, 42.887019], [-119.50283, 42.890652], [-119.502838, 42.894285], [-119.507777, 42.894301], [-119.512717, 42.894316], [-119.517656, 42.894332], [-119.522595, 42.894347], [-119.522591, 42.890717], [-119.522586, 42.887086], [-119.522581, 42.883455], [-119.522577, 42.879825], [-119.517634, 42.879807], [-119.512691, 42.879789], [-119.507747, 42.879771], [-119.502804, 42.879753], [-119.502813, 42.883386]]]}}, {"type": "Feature", "properties": {"PLSSID": "OR330310S0270E0", "FRSTDIVID": "OR330310S0270E0SN150", "FRSTDIVTYP": "SN", "FRSTDIVNO": "15"}, "geometry": {"type": "Polygon", "coordinates": [[[-119.522581, 42.883455], [-119.522586, 42.887086], [-119.522591, 42.890717], [-119.522595, 42.894347], [-119.527538, 42.894363], [-119.532481, 42.894379], [-119.537424, 42.894395], [-119.542367, 42.894411], [-119.542366, 42.890777], [-119.542366, 42.887143], [-119.542365, 42.883509], [-119.542364, 42.879875], [-119.537417, 42.879862], [-119.532471, 42.87985], [-119.527524, 42.879837], [-119.522577, 42.879825], [-119.522581, 42.883455]]]}}, {"type": "Feature", "properties": {"PLSSID": "OR330310S0270E0", "FRSTDIVID": "OR330310S0270E0SN160", "FRSTDIVTYP": "SN", "FRSTDIVNO": "16"}, "geometry": {"type": "Polygon", "coordinates": [[[-119.542365, 42.883509], [-119.542366, 42.887143], [-119.542366, 42.890777], [-119.542367, 42.894411], [-119.547305, 42.89443], [-119.552242, 42.89445], [-119.55718, 42.89447], [-119.562117, 42.894489], [-119.562105, 42.890855], [-119.562093, 42.88722], [-119.562081, 42.883585], [-119.562069, 42.879951], [-119.557143, 42.879932], [-119.552217, 42.879913], [-119.54729, 42.879894], [-119.542364, 42.879875], [-119.542365, 42.883509]]]}}, {"type": "Feature", "properties": {"PLSSID": "OR330310S0270E0", "FRSTDIVID": "OR330310S0270E0SN170", "FRSTDIVTYP": "SN", "FRSTDIVNO": "17"}, "geometry": {"type": "Polygon", "coordinates": [[[-119.562081, 42.883585], [-119.562093, 42.88722], [-119.562105, 42.890855], [-119.562117, 42.894489], [-119.567055, 42.894511], [-119.571994, 42.894533], [-119.576932, 42.894555], [-119.58187, 42.894577], [-119.581858, 42.890947], [-119.581846, 42.887316], [-119.581834, 42.883685], [-119.581822, 42.880054], [-119.576884, 42.880028], [-119.571946, 42.880003], [-119.567007, 42.879977], [-119.562069, 42.879951], [-119.562081, 42.883585]]]}}, {"type": "Feature", "properties": {"PLSSID": "OR330310S0270E0", "FRSTDIVID": "OR330310S0270E0SN180", "FRSTDIVTYP": "SN", "FRSTDIVNO": "18"}, "geometry": {"type": "Polygon", "coordinates": [[[-119.581834, 42.883685], [-119.581846, 42.887316], [-119.581858, 42.890947], [-119.58187, 42.894577], [-119.586803, 42.894612], [-119.591736, 42.894647], [-119.596669, 42.89468], [-119.599763, 42.8947], [-119.599774, 42.891192], [-119.599774, 42.891092], [-119.599785, 42.887571], [-119.599785, 42.887484], [-119.599796, 42.883948], [-119.599796, 42.883875], [-119.599807, 42.880325], [-119.599807, 42.880266], [-119.596634, 42.880221], [-119.591693, 42.88016], [-119.586757, 42.880107], [-119.581822, 42.880054], [-119.581834, 42.883685]]]}}, {"type": "Feature", "properties": {"PLSSID": "OR330310S0270E0", "FRSTDIVID": "OR330310S0270E0SN190", "FRSTDIVTYP": "SN", "FRSTDIVNO": "19"}, "geometry": {"type": "Polygon", "coordinates": [[[-119.581769, 42.869125], [-119.581787, 42.872768], [-119.581797, 42.874899], [-119.581804, 42.876411], [-119.581822, 42.880054], [-119.586757, 42.880107], [-119.591693, 42.88016], [-119.596634, 42.880221], [-119.599807, 42.880266], [-119.599799, 42.876651], [-119.599799, 42.876609], [-119.599795, 42.874895], [-119.599791, 42.872976], [-119.599791, 42.872964], [-119.599791, 42.872952], [-119.599784, 42.869307], [-119.599784, 42.8693], [-119.599784, 42.869294], [-119.599776, 42.865637], [-119.596575, 42.865609], [-119.591632, 42.865566], [-119.586692, 42.865524], [-119.581751, 42.865482], [-119.581769, 42.869125]]]}}, {"type": "Feature", "properties": {"PLSSID": "OR330310S0270E0", "FRSTDIVID": "OR330310S0270E0SN200", "FRSTDIVTYP": "SN", "FRSTDIVNO": "20"}, "geometry": {"type": "Polygon", "coordinates": [[[-119.562011, 42.869033], [-119.562031, 42.872672], [-119.562042, 42.874901], [-119.56205, 42.876311], [-119.562069, 42.879951], [-119.567007, 42.879977], [-119.571946, 42.880003], [-119.576884, 42.880028], [-119.581822, 42.880054], [-119.581804, 42.876411], [-119.581797, 42.874899], [-119.581787, 42.872768], [-119.581769, 42.869125], [-119.581751, 42.865482], [-119.576811, 42.86546], [-119.571872, 42.865438], [-119.566932, 42.865416], [-119.561992, 42.865393], [-119.562011, 42.869033]]]}}, {"type": "Feature", "properties": {"PLSSID": "OR330310S0270E0", "FRSTDIVID": "OR330310S0270E0SN210", "FRSTDIVTYP": "SN", "FRSTDIVNO": "21"}, "geometry": {"type": "Polygon", "coordinates": [[[-119.542325, 42.868982], [-119.542338, 42.872613], [-119.542347, 42.874899], [-119.542351, 42.876244], [-119.542364, 42.879875], [-119.54729, 42.879894], [-119.552217, 42.879913], [-119.557143, 42.879932], [-119.562069, 42.879951], [-119.56205, 42.876311], [-119.562042, 42.874901], [-119.562031, 42.872672], [-119.562011, 42.869033], [-119.561992, 42.865393], [-119.557072, 42.865383], [-119.552152, 42.865372], [-119.547232, 42.865362], [-119.542312, 42.865352], [-119.542325, 42.868982]]]}}, {"type": "Feature", "properties": {"PLSSID": "OR330310S0270E0", "FRSTDIVID": "OR330310S0270E0SN220", "FRSTDIVTYP": "SN", "FRSTDIVNO": "22"}, "geometry": {"type": "Polygon", "coordinates": [[[-119.522549, 42.868936], [-119.522558, 42.872565], [-119.522564, 42.874894], [-119.522568, 42.876195], [-119.522577, 42.879825], [-119.527524, 42.879837], [-119.532471, 42.87985], [-119.537417, 42.879862], [-119.542364, 42.879875], [-119.542351, 42.876244], [-119.542347, 42.874899], [-119.542338, 42.872613], [-119.542325, 42.868982], [-119.542312, 42.865352], [-119.537369, 42.86534], [-119.532426, 42.865329], [-119.527483, 42.865318], [-119.522539, 42.865306], [-119.522549, 42.868936]]]}}, {"type": "Feature", "properties": {"PLSSID": "OR330310S0270E0", "FRSTDIVID": "OR330310S0270E0SN230", "FRSTDIVTYP": "SN", "FRSTDIVNO": "23"}, "geometry": {"type": "Polygon", "coordinates": [[[-119.502771, 42.868859], [-119.502782, 42.87249], [-119.502788, 42.874306], [-119.50279, 42.874885], [-119.502793, 42.876122], [-119.502804, 42.879753], [-119.507747, 42.879771], [-119.512691, 42.879789], [-119.517634, 42.879807], [-119.522577, 42.879825], [-119.522568, 42.876195], [-119.522564, 42.874894], [-119.522558, 42.872565], [-119.522549, 42.868936], [-119.522539, 42.865306], [-119.517595, 42.865287], [-119.51265, 42.865267], [-119.507705, 42.865247], [-119.502761, 42.865227], [-119.502771, 42.868859]]]}}, {"type": "Feature", "properties": {"PLSSID": "OR330310S0270E0", "FRSTDIVID": "OR330310S0270E0SN240", "FRSTDIVTYP": "SN", "FRSTDIVNO": "24"}, "geometry": {"type": "Polygon", "coordinates": [[[-119.483002, 42.868815], [-119.48301, 42.872445], [-119.483015, 42.874893], [-119.483018, 42.876075], [-119.483026, 42.879706], [-119.487971, 42.879718], [-119.492915, 42.879729], [-119.49786, 42.879741], [-119.501071, 42.879749], [-119.502804, 42.879753], [-119.502793, 42.876122], [-119.50279, 42.874885], [-119.502788, 42.874306], [-119.502782, 42.87249], [-119.502771, 42.868859], [-119.502761, 42.865227], [-119.501071, 42.865223], [-119.497819, 42.865216], [-119.492877, 42.865206], [-119.487935, 42.865195], [-119.482993, 42.865184], [-119.483002, 42.868815]]]}}, {"type": "Feature", "properties": {"PLSSID": "OR330310S0270E0", "FRSTDIVID": "OR330310S0270E0SN250", "FRSTDIVTYP": "SN", "FRSTDIVNO": "25"}, "geometry": {"type": "Polygon", "coordinates": [[[-119.482961, 42.854282], [-119.482972, 42.857916], [-119.482983, 42.86155], [-119.482993, 42.865184], [-119.487935, 42.865195], [-119.492877, 42.865206], [-119.497819, 42.865216], [-119.501071, 42.865223], [-119.502761, 42.865227], [-119.502744, 42.861591], [-119.502728, 42.857954], [-119.502712, 42.854318], [-119.502696, 42.850681], [-119.501462, 42.850679], [-119.501071, 42.850679], [-119.500227, 42.850677], [-119.497759, 42.850673], [-119.492823, 42.850664], [-119.487887, 42.850656], [-119.48295, 42.850648], [-119.482961, 42.854282]]]}}, {"type": "Feature", "properties": {"PLSSID": "OR330310S0270E0", "FRSTDIVID": "OR330310S0270E0SN260", "FRSTDIVTYP": "SN", "FRSTDIVNO": "26"}, "geometry": {"type": "Polygon", "coordinates": [[[-119.502712, 42.854318], [-119.502728, 42.857954], [-119.502744, 42.861591], [-119.502761, 42.865227], [-119.507705, 42.865247], [-119.51265, 42.865267], [-119.517595, 42.865287], [-119.522539, 42.865306], [-119.522518, 42.861664], [-119.522497, 42.858022], [-119.522475, 42.854379], [-119.522454, 42.850737], [-119.517514, 42.850723], [-119.512575, 42.850709], [-119.507635, 42.850695], [-119.502696, 42.850681], [-119.502712, 42.854318]]]}}, {"type": "Feature", "properties": {"PLSSID": "OR330310S0270E0", "FRSTDIVID": "OR330310S0270E0SN270", "FRSTDIVTYP": "SN", "FRSTDIVNO": "27"}, "geometry": {"type": "Polygon", "coordinates": [[[-119.522475, 42.854379], [-119.522497, 42.858022], [-119.522518, 42.861664], [-119.522539, 42.865306], [-119.527483, 42.865318], [-119.532426, 42.865329], [-119.537369, 42.86534], [-119.542312, 42.865352], [-119.542303, 42.861702], [-119.542294, 42.858053], [-119.542285, 42.854403], [-119.542276, 42.850754], [-119.53732, 42.85075], [-119.532365, 42.850746], [-119.527409, 42.850741], [-119.522454, 42.850737], [-119.522475, 42.854379]]]}}, {"type": "Feature", "properties": {"PLSSID": "OR330310S0270E0", "FRSTDIVID": "OR330310S0270E0SN280", "FRSTDIVTYP": "SN", "FRSTDIVNO": "28"}, "geometry": {"type": "Polygon", "coordinates": [[[-119.542285, 42.854403], [-119.542294, 42.858053], [-119.542303, 42.861702], [-119.542312, 42.865352], [-119.547232, 42.865362], [-119.552152, 42.865372], [-119.557072, 42.865383], [-119.561992, 42.865393], [-119.561985, 42.861765], [-119.561978, 42.858137], [-119.56197, 42.854509], [-119.561963, 42.850881], [-119.557041, 42.850849], [-119.552119, 42.850817], [-119.547198, 42.850786], [-119.542276, 42.850754], [-119.542285, 42.854403]]]}}, {"type": "Feature", "properties": {"PLSSID": "OR330310S0270E0", "FRSTDIVID": "OR330310S0270E0SN290", "FRSTDIVTYP": "SN", "FRSTDIVNO": "29"}, "geometry": {"type": "Polygon", "coordinates": [[[-119.56197, 42.854509], [-119.561978, 42.858137], [-119.561985, 42.861765], [-119.561992, 42.865393], [-119.566932, 42.865416], [-119.571872, 42.865438], [-119.576811, 42.86546], [-119.581751, 42.865482], [-119.581729, 42.861837], [-119.581708, 42.858193], [-119.581686, 42.854548], [-119.581664, 42.850903], [-119.576739, 42.850898], [-119.571813, 42.850892], [-119.566888, 42.850886], [-119.561963, 42.850881], [-119.56197, 42.854509]]]}}, {"type": "Feature", "properties": {"PLSSID": "OR330310S0270E0", "FRSTDIVID": "OR330310S0270E0SN300", "FRSTDIVTYP": "SN", "FRSTDIVNO": "30"}, "geometry": {"type": "Polygon", "coordinates": [[[-119.581686, 42.854548], [-119.581708, 42.858193], [-119.581729, 42.861837], [-119.581751, 42.865482], [-119.586692, 42.865524], [-119.591632, 42.865566], [-119.596575, 42.865609], [-119.599776, 42.865637], [-119.599828, 42.861974], [-119.599881, 42.858311], [-119.599929, 42.85465], [-119.599977, 42.850988], [-119.596498, 42.85097], [-119.591548, 42.850947], [-119.586606, 42.850925], [-119.581664, 42.850903], [-119.581686, 42.854548]]]}}, {"type": "Feature", "properties": {"PLSSID": "OR330310S0270E0", "FRSTDIVID": "OR330310S0270E0SN310", "FRSTDIVTYP": "SN", "FRSTDIVNO": "31"}, "geometry": {"type": "Polygon", "coordinates": [[[-119.581541, 42.839955], [-119.581582, 42.843604], [-119.581623, 42.847254], [-119.581664, 42.850903], [-119.586606, 42.850925], [-119.591548, 42.850947], [-119.596498, 42.85097], [-119.599977, 42.850988], [-119.599969, 42.847329], [-119.599962, 42.843669], [-119.599954, 42.840009], [-119.599946, 42.83635], [-119.596304, 42.836341], [-119.59137, 42.836329], [-119.586435, 42.836318], [-119.5815, 42.836306], [-119.581541, 42.839955]]]}}, {"type": "Feature", "properties": {"PLSSID": "OR330310S0270E0", "FRSTDIVID": "OR330310S0270E0SN320", "FRSTDIVTYP": "SN", "FRSTDIVNO": "32"}, "geometry": {"type": "Polygon", "coordinates": [[[-119.561811, 42.839914], [-119.561862, 42.84357], [-119.561912, 42.847225], [-119.561963, 42.850881], [-119.566888, 42.850886], [-119.571813, 42.850892], [-119.576739, 42.850898], [-119.581664, 42.850903], [-119.581623, 42.847254], [-119.581582, 42.843604], [-119.581541, 42.839955], [-119.5815, 42.836306], [-119.576565, 42.836294], [-119.57163, 42.836282], [-119.566696, 42.836271], [-119.561761, 42.836259], [-119.561811, 42.839914]]]}}, {"type": "Feature", "properties": {"PLSSID": "OR330310S0270E0", "FRSTDIVID": "OR330310S0270E0SN330", "FRSTDIVTYP": "SN", "FRSTDIVNO": "33"}, "geometry": {"type": "Polygon", "coordinates": [[[-119.542085, 42.839847], [-119.542149, 42.843483], [-119.542212, 42.847118], [-119.542276, 42.850754], [-119.547198, 42.850786], [-119.552119, 42.850817], [-119.557041, 42.850849], [-119.561963, 42.850881], [-119.561912, 42.847225], [-119.561862, 42.84357], [-119.561811, 42.839914], [-119.561761, 42.836259], [-119.556826, 42.836247], [-119.551891, 42.836235], [-119.546957, 42.836224], [-119.542022, 42.836212], [-119.542085, 42.839847]]]}}, {"type": "Feature", "properties": {"PLSSID": "OR330310S0270E0", "FRSTDIVID": "OR330310S0270E0SN340", "FRSTDIVTYP": "SN", "FRSTDIVNO": "34"}, "geometry": {"type": "Polygon", "coordinates": [[[-119.522326, 42.839808], [-119.522368, 42.843451], [-119.522411, 42.847094], [-119.522454, 42.850737], [-119.527409, 42.850741], [-119.532365, 42.850746], [-119.53732, 42.85075], [-119.542276, 42.850754], [-119.542212, 42.847118], [-119.542149, 42.843483], [-119.542085, 42.839847], [-119.542022, 42.836212], [-119.537087, 42.8362], [-119.532152, 42.836188], [-119.527217, 42.836177], [-119.522283, 42.836165], [-119.522326, 42.839808]]]}}, {"type": "Feature", "properties": {"PLSSID": "OR330310S0270E0", "FRSTDIVID": "OR330310S0270E0SN350", "FRSTDIVTYP": "SN", "FRSTDIVNO": "35"}, "geometry": {"type": "Polygon", "coordinates": [[[-119.50262, 42.839774], [-119.502645, 42.843409], [-119.50267, 42.847045], [-119.502696, 42.850681], [-119.507635, 42.850695], [-119.512575, 42.850709], [-119.517514, 42.850723], [-119.522454, 42.850737], [-119.522411, 42.847094], [-119.522368, 42.843451], [-119.522326, 42.839808], [-119.522283, 42.836165], [-119.517361, 42.836158], [-119.512439, 42.836151], [-119.507517, 42.836145], [-119.502595, 42.836138], [-119.50262, 42.839774]]]}}, {"type": "Feature", "properties": {"PLSSID": "OR330310S0270E0", "FRSTDIVID": "OR330310S0270E0SN360", "FRSTDIVTYP": "SN", "FRSTDIVNO": "36"}, "geometry": {"type": "Polygon", "coordinates": [[[-119.482918, 42.839745], [-119.482929, 42.843379], [-119.48294, 42.847014], [-119.48295, 42.850648], [-119.487887, 42.850656], [-119.492823, 42.850664], [-119.497759, 42.850673], [-119.500227, 42.850677], [-119.501071, 42.850679], [-119.501462, 42.850679], [-119.502696, 42.850681], [-119.50267, 42.847045], [-119.502645, 42.843409], [-119.50262, 42.839774], [-119.502595, 42.836138], [-119.501072, 42.836136], [-119.500134, 42.836135], [-119.497673, 42.836131], [-119.492751, 42.836124], [-119.487829, 42.836118], [-119.482907, 42.836111], [-119.482918, 42.839745]]]}}, {"type": "Feature", "properties": {"PLSSID": "OR330310S0260E0", "FRSTDIVID": "OR330310S0260E0SN010", "FRSTDIVTYP": "SN", "FRSTDIVNO": "01"}, "geometry": {"type": "Polygon", "coordinates": [[[-119.614625, 42.909379], [-119.609678, 42.909386], [-119.604732, 42.909393], [-119.599785, 42.9094], [-119.599799, 42.912903], [-119.599799, 42.913049], [-119.599811, 42.916186], [-119.600267, 42.916187], [-119.604745, 42.916195], [-119.605224, 42.916196], [-119.609679, 42.916205], [-119.61018, 42.916206], [-119.614613, 42.916214], [-119.615136, 42.916215], [-119.619547, 42.916223], [-119.619559, 42.913015], [-119.619571, 42.909371], [-119.614625, 42.909379]]]}}, {"type": "Feature", "properties": {"PLSSID": "OR330310S0260E0", "FRSTDIVID": "OR330310S0260E0SN020", "FRSTDIVTYP": "SN", "FRSTDIVNO": "02"}, "geometry": {"type": "Polygon", "coordinates": [[[-119.634412, 42.909359], [-119.629465, 42.909363], [-119.626077, 42.909366], [-119.624518, 42.909367], [-119.619571, 42.909371], [-119.619559, 42.913015], [-119.619547, 42.916223], [-119.620092, 42.916224], [-119.624486, 42.916233], [-119.625049, 42.916234], [-119.626077, 42.916236], [-119.629425, 42.916242], [-119.630004, 42.916243], [-119.634364, 42.916252], [-119.634961, 42.916253], [-119.639302, 42.916261], [-119.63933, 42.912992], [-119.63933, 42.912808], [-119.639358, 42.909355], [-119.634412, 42.909359]]]}}, {"type": "Feature", "properties": {"PLSSID": "OR330310S0260E0", "FRSTDIVID": "OR330310S0260E0SN030", "FRSTDIVTYP": "SN", "FRSTDIVNO": "03"}, "geometry": {"type": "Polygon", "coordinates": [[[-119.6543, 42.909309], [-119.649319, 42.909325], [-119.644339, 42.90934], [-119.639358, 42.909355], [-119.63933, 42.912808], [-119.63933, 42.912992], [-119.639302, 42.916261], [-119.639917, 42.916262], [-119.644297, 42.91627], [-119.644873, 42.916271], [-119.649293, 42.91628], [-119.649829, 42.916281], [-119.654289, 42.916289], [-119.654786, 42.91629], [-119.659283, 42.916303], [-119.659282, 42.912937], [-119.65928, 42.909294], [-119.6543, 42.909309]]]}}, {"type": "Feature", "properties": {"PLSSID": "OR330310S0260E0", "FRSTDIVID": "OR330310S0260E0SN040", "FRSTDIVTYP": "SN", "FRSTDIVNO": "04"}, "geometry": {"type": "Polygon", "coordinates": [[[-119.659282, 42.912937], [-119.659283, 42.916303], [-119.659742, 42.916305], [-119.664243, 42.916318], [-119.664698, 42.916319], [-119.669204, 42.916333], [-119.669654, 42.916334], [-119.674165, 42.916347], [-119.67461, 42.916349], [-119.679125, 42.916362], [-119.679128, 42.912975], [-119.679131, 42.909313], [-119.674169, 42.909308], [-119.669206, 42.909303], [-119.664243, 42.909299], [-119.65928, 42.909294], [-119.659282, 42.912937]]]}}, {"type": "Feature", "properties": {"PLSSID": "OR330310S0260E0", "FRSTDIVID": "OR330310S0260E0SN050", "FRSTDIVTYP": "SN", "FRSTDIVNO": "05"}, "geometry": {"type": "Polygon", "coordinates": [[[-119.694057, 42.909266], [-119.689082, 42.909282], [-119.684107, 42.909297], [-119.679131, 42.909313], [-119.679128, 42.912975], [-119.679125, 42.916362], [-119.679566, 42.916363], [-119.684107, 42.916377], [-119.684522, 42.916378], [-119.68909, 42.916391], [-119.689479, 42.916393], [-119.694072, 42.916406], [-119.694435, 42.916407], [-119.699021, 42.916416], [-119.699027, 42.912915], [-119.699033, 42.909251], [-119.694057, 42.909266]]]}}, {"type": "Feature", "properties": {"PLSSID": "OR330310S0260E0", "FRSTDIVID": "OR330310S0260E0SN060", "FRSTDIVTYP": "SN", "FRSTDIVNO": "06"}, "geometry": {"type": "Polygon", "coordinates": [[[-119.704014, 42.909225], [-119.699033, 42.909251], [-119.699027, 42.912915], [-119.699021, 42.916416], [-119.69935, 42.916418], [-119.703884, 42.916451], [-119.704265, 42.916454], [-119.706492, 42.916464], [-119.706482, 42.914109], [-119.706477, 42.912883], [-119.706467, 42.91046], [-119.706462, 42.909211], [-119.704014, 42.909225]]]}}, {"type": "Feature", "properties": {"PLSSID": "OR330310S0260E0", "FRSTDIVID": "OR330310S0260E0SN070", "FRSTDIVTYP": "SN", "FRSTDIVNO": "07"}, "geometry": {"type": "Polygon", "coordinates": [[[-119.698995, 42.894636], [-119.699005, 42.898289], [-119.699014, 42.901943], [-119.699023, 42.905597], [-119.699033, 42.909251], [-119.704014, 42.909225], [-119.706462, 42.909211], [-119.706453, 42.906812], [-119.706448, 42.905563], [-119.706438, 42.903167], [-119.706433, 42.901915], [-119.706423, 42.899521], [-119.706418, 42.898266], [-119.706409, 42.895876], [-119.706403, 42.894618], [-119.70398, 42.894617], [-119.698995, 42.894636]]]}}, {"type": "Feature", "properties": {"PLSSID": "OR330310S0260E0", "FRSTDIVID": "OR330310S0260E0SN080", "FRSTDIVTYP": "SN", "FRSTDIVNO": "08"}, "geometry": {"type": "Polygon", "coordinates": [[[-119.694025, 42.894651], [-119.689054, 42.894667], [-119.684084, 42.894682], [-119.679114, 42.894697], [-119.679118, 42.898351], [-119.679122, 42.902005], [-119.679127, 42.905659], [-119.679131, 42.909313], [-119.684107, 42.909297], [-119.689082, 42.909282], [-119.694057, 42.909266], [-119.699033, 42.909251], [-119.699023, 42.905597], [-119.699014, 42.901943], [-119.699005, 42.898289], [-119.698995, 42.894636], [-119.694025, 42.894651]]]}}, {"type": "Feature", "properties": {"PLSSID": "OR330310S0260E0", "FRSTDIVID": "OR330310S0260E0SN090", "FRSTDIVTYP": "SN", "FRSTDIVNO": "09"}, "geometry": {"type": "Polygon", "coordinates": [[[-119.659279, 42.898337], [-119.659279, 42.90199], [-119.65928, 42.905642], [-119.65928, 42.909294], [-119.664243, 42.909299], [-119.669206, 42.909303], [-119.674169, 42.909308], [-119.679131, 42.909313], [-119.679127, 42.905659], [-119.679122, 42.902005], [-119.679118, 42.898351], [-119.679114, 42.894697], [-119.674155, 42.894694], [-119.669196, 42.894691], [-119.664237, 42.894688], [-119.659278, 42.894685], [-119.659279, 42.898337]]]}}, {"type": "Feature", "properties": {"PLSSID": "OR330310S0260E0", "FRSTDIVID": "OR330310S0260E0SN100", "FRSTDIVTYP": "SN", "FRSTDIVNO": "10"}, "geometry": {"type": "Polygon", "coordinates": [[[-119.654301, 42.89469], [-119.649325, 42.894696], [-119.644348, 42.894701], [-119.639371, 42.894706], [-119.639368, 42.898368], [-119.639365, 42.902031], [-119.639362, 42.905693], [-119.639358, 42.909355], [-119.644339, 42.90934], [-119.649319, 42.909325], [-119.6543, 42.909309], [-119.65928, 42.909294], [-119.65928, 42.905642], [-119.659279, 42.90199], [-119.659279, 42.898337], [-119.659278, 42.894685], [-119.654301, 42.89469]]]}}, {"type": "Feature", "properties": {"PLSSID": "OR330310S0260E0", "FRSTDIVID": "OR330310S0260E0SN110", "FRSTDIVTYP": "SN", "FRSTDIVNO": "11"}, "geometry": {"type": "Polygon", "coordinates": [[[-119.63442, 42.894753], [-119.629468, 42.8948], [-119.626076, 42.894832], [-119.624516, 42.894846], [-119.619565, 42.894893], [-119.619566, 42.898513], [-119.619568, 42.902132], [-119.61957, 42.905752], [-119.619571, 42.909371], [-119.624518, 42.909367], [-119.626077, 42.909366], [-119.629465, 42.909363], [-119.634412, 42.909359], [-119.639358, 42.909355], [-119.639362, 42.905693], [-119.639365, 42.902031], [-119.639368, 42.898368], [-119.639371, 42.894706], [-119.63442, 42.894753]]]}}, {"type": "Feature", "properties": {"PLSSID": "OR330310S0260E0", "FRSTDIVID": "OR330310S0260E0SN120", "FRSTDIVTYP": "SN", "FRSTDIVNO": "12"}, "geometry": {"type": "Polygon", "coordinates": [[[-119.59977, 42.898337], [-119.599771, 42.898453], [-119.599778, 42.901975], [-119.599778, 42.902093], [-119.599785, 42.905613], [-119.599785, 42.905745], [-119.599793, 42.909251], [-119.599785, 42.9094], [-119.604732, 42.909393], [-119.609678, 42.909386], [-119.614625, 42.909379], [-119.619571, 42.909371], [-119.61957, 42.905752], [-119.619568, 42.902132], [-119.619566, 42.898513], [-119.619565, 42.894893], [-119.614614, 42.894873], [-119.609664, 42.894853], [-119.604713, 42.894833], [-119.599763, 42.894814], [-119.59977, 42.898337]]]}}, {"type": "Feature", "properties": {"PLSSID": "OR330310S0260E0", "FRSTDIVID": "OR330310S0260E0SN130", "FRSTDIVTYP": "SN", "FRSTDIVNO": "13"}, "geometry": {"type": "Polygon", "coordinates": [[[-119.614645, 42.880246], [-119.609699, 42.880272], [-119.604753, 42.880298], [-119.599807, 42.880325], [-119.599796, 42.883875], [-119.599796, 42.883948], [-119.599785, 42.887484], [-119.599785, 42.887571], [-119.599774, 42.891092], [-119.599774, 42.891192], [-119.599763, 42.8947], [-119.599763, 42.894814], [-119.604713, 42.894833], [-119.609664, 42.894853], [-119.614614, 42.894873], [-119.619565, 42.894893], [-119.619571, 42.891224], [-119.619578, 42.887556], [-119.619585, 42.883888], [-119.619591, 42.880219], [-119.614645, 42.880246]]]}}, {"type": "Feature", "properties": {"PLSSID": "OR330310S0260E0", "FRSTDIVID": "OR330310S0260E0SN140", "FRSTDIVTYP": "SN", "FRSTDIVNO": "14"}, "geometry": {"type": "Polygon", "coordinates": [[[-119.634432, 42.880043], [-119.629485, 42.880102], [-119.626075, 42.880142], [-119.624538, 42.880161], [-119.619591, 42.880219], [-119.619585, 42.883888], [-119.619578, 42.887556], [-119.619571, 42.891224], [-119.619565, 42.894893], [-119.624516, 42.894846], [-119.626076, 42.894832], [-119.629468, 42.8948], [-119.63442, 42.894753], [-119.639371, 42.894706], [-119.639373, 42.891026], [-119.639375, 42.887345], [-119.639377, 42.883665], [-119.639379, 42.879984], [-119.634432, 42.880043]]]}}, {"type": "Feature", "properties": {"PLSSID": "OR330310S0260E0", "FRSTDIVID": "OR330310S0260E0SN150", "FRSTDIVTYP": "SN", "FRSTDIVNO": "15"}, "geometry": {"type": "Polygon", "coordinates": [[[-119.639377, 42.883665], [-119.639375, 42.887345], [-119.639373, 42.891026], [-119.639371, 42.894706], [-119.644348, 42.894701], [-119.649325, 42.894696], [-119.654301, 42.89469], [-119.659278, 42.894685], [-119.65927, 42.891023], [-119.659262, 42.887361], [-119.659255, 42.883699], [-119.659247, 42.880037], [-119.65428, 42.880024], [-119.649313, 42.880011], [-119.644346, 42.879998], [-119.639379, 42.879984], [-119.639377, 42.883665]]]}}, {"type": "Feature", "properties": {"PLSSID": "OR330310S0260E0", "FRSTDIVID": "OR330310S0260E0SN160", "FRSTDIVTYP": "SN", "FRSTDIVNO": "16"}, "geometry": {"type": "Polygon", "coordinates": [[[-119.659255, 42.883699], [-119.659262, 42.887361], [-119.65927, 42.891023], [-119.659278, 42.894685], [-119.664237, 42.894688], [-119.669196, 42.894691], [-119.674155, 42.894694], [-119.679114, 42.894697], [-119.679116, 42.891033], [-119.679117, 42.887368], [-119.679119, 42.883704], [-119.679121, 42.880039], [-119.674153, 42.880039], [-119.669184, 42.880038], [-119.664216, 42.880038], [-119.659247, 42.880037], [-119.659255, 42.883699]]]}}, {"type": "Feature", "properties": {"PLSSID": "OR330310S0260E0", "FRSTDIVID": "OR330310S0260E0SN170", "FRSTDIVTYP": "SN", "FRSTDIVNO": "17"}, "geometry": {"type": "Polygon", "coordinates": [[[-119.679119, 42.883704], [-119.679117, 42.887368], [-119.679116, 42.891033], [-119.679114, 42.894697], [-119.684084, 42.894682], [-119.689054, 42.894667], [-119.694025, 42.894651], [-119.698995, 42.894636], [-119.698982, 42.890987], [-119.698968, 42.887338], [-119.698954, 42.883689], [-119.698941, 42.88004], [-119.693986, 42.88004], [-119.689031, 42.88004], [-119.684076, 42.880039], [-119.679121, 42.880039], [-119.679119, 42.883704]]]}}, {"type": "Feature", "properties": {"PLSSID": "OR330310S0260E0", "FRSTDIVID": "OR330310S0260E0SN180", "FRSTDIVTYP": "SN", "FRSTDIVNO": "18"}, "geometry": {"type": "Polygon", "coordinates": [[[-119.698995, 42.894636], [-119.70398, 42.894617], [-119.706403, 42.894618], [-119.706394, 42.892231], [-119.706389, 42.89097], [-119.706379, 42.888589], [-119.706374, 42.887322], [-119.706364, 42.884947], [-119.706359, 42.883674], [-119.70635, 42.881305], [-119.706345, 42.880026], [-119.703932, 42.880021], [-119.698941, 42.88004], [-119.698954, 42.883689], [-119.698968, 42.887338], [-119.698982, 42.890987], [-119.698995, 42.894636]]]}}, {"type": "Feature", "properties": {"PLSSID": "OR330310S0260E0", "FRSTDIVID": "OR330310S0260E0SN190", "FRSTDIVTYP": "SN", "FRSTDIVNO": "19"}, "geometry": {"type": "Polygon", "coordinates": [[[-119.698941, 42.88004], [-119.703932, 42.880021], [-119.706345, 42.880026], [-119.706335, 42.877663], [-119.70633, 42.876377], [-119.706324, 42.874898], [-119.70632, 42.874038], [-119.706315, 42.872729], [-119.706306, 42.870413], [-119.706301, 42.869081], [-119.706291, 42.866787], [-119.706286, 42.865433], [-119.703839, 42.865447], [-119.698874, 42.86546], [-119.698891, 42.869105], [-119.698908, 42.87275], [-119.698917, 42.874899], [-119.698924, 42.876395], [-119.698941, 42.88004]]]}}, {"type": "Feature", "properties": {"PLSSID": "OR330310S0260E0", "FRSTDIVID": "OR330310S0260E0SN200", "FRSTDIVTYP": "SN", "FRSTDIVNO": "20"}, "geometry": {"type": "Polygon", "coordinates": [[[-119.67914, 42.869046], [-119.679134, 42.872711], [-119.67913, 42.8749], [-119.679128, 42.876375], [-119.679121, 42.880039], [-119.684076, 42.880039], [-119.689031, 42.88004], [-119.693986, 42.88004], [-119.698941, 42.88004], [-119.698924, 42.876395], [-119.698917, 42.874899], [-119.698908, 42.87275], [-119.698891, 42.869105], [-119.698874, 42.86546], [-119.693942, 42.86544], [-119.68901, 42.865421], [-119.684078, 42.865402], [-119.679147, 42.865382], [-119.67914, 42.869046]]]}}, {"type": "Feature", "properties": {"PLSSID": "OR330310S0260E0", "FRSTDIVID": "OR330310S0260E0SN210", "FRSTDIVTYP": "SN", "FRSTDIVNO": "21"}, "geometry": {"type": "Polygon", "coordinates": [[[-119.659241, 42.869017], [-119.659243, 42.87269], [-119.659244, 42.874896], [-119.659245, 42.876364], [-119.659247, 42.880037], [-119.664216, 42.880038], [-119.669184, 42.880038], [-119.674153, 42.880039], [-119.679121, 42.880039], [-119.679128, 42.876375], [-119.67913, 42.8749], [-119.679134, 42.872711], [-119.67914, 42.869046], [-119.679147, 42.865382], [-119.67417, 42.865372], [-119.669193, 42.865363], [-119.664216, 42.865353], [-119.659239, 42.865343], [-119.659241, 42.869017]]]}}, {"type": "Feature", "properties": {"PLSSID": "OR330310S0260E0", "FRSTDIVID": "OR330310S0260E0SN220", "FRSTDIVTYP": "SN", "FRSTDIVNO": "22"}, "geometry": {"type": "Polygon", "coordinates": [[[-119.639289, 42.868866], [-119.639319, 42.872572], [-119.639337, 42.87489], [-119.639349, 42.876278], [-119.639379, 42.879984], [-119.644346, 42.879998], [-119.649313, 42.880011], [-119.65428, 42.880024], [-119.659247, 42.880037], [-119.659245, 42.876364], [-119.659244, 42.874896], [-119.659243, 42.87269], [-119.659241, 42.869017], [-119.659239, 42.865343], [-119.654244, 42.865298], [-119.649249, 42.865252], [-119.644254, 42.865206], [-119.639259, 42.865161], [-119.639289, 42.868866]]]}}, {"type": "Feature", "properties": {"PLSSID": "OR330310S0260E0", "FRSTDIVID": "OR330310S0260E0SN230", "FRSTDIVTYP": "SN", "FRSTDIVNO": "23"}, "geometry": {"type": "Polygon", "coordinates": [[[-119.634338, 42.865252], [-119.629417, 42.865344], [-119.626075, 42.865406], [-119.624496, 42.865436], [-119.619575, 42.865527], [-119.619579, 42.8692], [-119.619583, 42.872873], [-119.619585, 42.874887], [-119.619587, 42.876546], [-119.619591, 42.880219], [-119.624538, 42.880161], [-119.626075, 42.880142], [-119.629485, 42.880102], [-119.634432, 42.880043], [-119.639379, 42.879984], [-119.639349, 42.876278], [-119.639337, 42.87489], [-119.639319, 42.872572], [-119.639289, 42.868866], [-119.639259, 42.865161], [-119.634338, 42.865252]]]}}, {"type": "Feature", "properties": {"PLSSID": "OR330310S0260E0", "FRSTDIVID": "OR330310S0260E0SN240", "FRSTDIVTYP": "SN", "FRSTDIVNO": "24"}, "geometry": {"type": "Polygon", "coordinates": [[[-119.614625, 42.865555], [-119.609675, 42.865582], [-119.604726, 42.865609], [-119.599776, 42.865637], [-119.599784, 42.869294], [-119.599784, 42.8693], [-119.599784, 42.869307], [-119.599791, 42.872952], [-119.599791, 42.872964], [-119.599791, 42.872976], [-119.599795, 42.874895], [-119.599799, 42.876609], [-119.599799, 42.876651], [-119.599807, 42.880266], [-119.599807, 42.880325], [-119.604753, 42.880298], [-119.609699, 42.880272], [-119.614645, 42.880246], [-119.619591, 42.880219], [-119.619587, 42.876546], [-119.619585, 42.874887], [-119.619583, 42.872873], [-119.619579, 42.8692], [-119.619575, 42.865527], [-119.614625, 42.865555]]]}}, {"type": "Feature", "properties": {"PLSSID": "OR330310S0260E0", "FRSTDIVID": "OR330310S0260E0SN250", "FRSTDIVTYP": "SN", "FRSTDIVNO": "25"}, "geometry": {"type": "Polygon", "coordinates": [[[-119.614746, 42.850964], [-119.609823, 42.850972], [-119.6049, 42.85098], [-119.599977, 42.850988], [-119.599929, 42.85465], [-119.599881, 42.858311], [-119.599828, 42.861974], [-119.599776, 42.865637], [-119.604726, 42.865609], [-119.609675, 42.865582], [-119.614625, 42.865555], [-119.619575, 42.865527], [-119.619598, 42.861885], [-119.619622, 42.858242], [-119.619645, 42.854598], [-119.619669, 42.850955], [-119.614746, 42.850964]]]}}, {"type": "Feature", "properties": {"PLSSID": "OR330310S0260E0", "FRSTDIVID": "OR330310S0260E0SN260", "FRSTDIVTYP": "SN", "FRSTDIVNO": "26"}, "geometry": {"type": "Polygon", "coordinates": [[[-119.634457, 42.850867], [-119.629527, 42.850896], [-119.626076, 42.850917], [-119.624598, 42.850926], [-119.619669, 42.850955], [-119.619645, 42.854598], [-119.619622, 42.858242], [-119.619598, 42.861885], [-119.619575, 42.865527], [-119.624496, 42.865436], [-119.626075, 42.865406], [-119.629417, 42.865344], [-119.634338, 42.865252], [-119.639259, 42.865161], [-119.639291, 42.86158], [-119.639322, 42.857999], [-119.639354, 42.854418], [-119.639386, 42.850837], [-119.634457, 42.850867]]]}}, {"type": "Feature", "properties": {"PLSSID": "OR330310S0260E0", "FRSTDIVID": "OR330310S0260E0SN270", "FRSTDIVTYP": "SN", "FRSTDIVNO": "27"}, "geometry": {"type": "Polygon", "coordinates": [[[-119.654259, 42.850836], [-119.649301, 42.850837], [-119.644344, 42.850837], [-119.639386, 42.850837], [-119.639354, 42.854418], [-119.639322, 42.857999], [-119.639291, 42.86158], [-119.639259, 42.865161], [-119.644254, 42.865206], [-119.649249, 42.865252], [-119.654244, 42.865298], [-119.659239, 42.865343], [-119.659234, 42.861717], [-119.659228, 42.85809], [-119.659222, 42.854463], [-119.659216, 42.850836], [-119.654259, 42.850836]]]}}, {"type": "Feature", "properties": {"PLSSID": "OR330310S0260E0", "FRSTDIVID": "OR330310S0260E0SN280", "FRSTDIVTYP": "SN", "FRSTDIVNO": "28"}, "geometry": {"type": "Polygon", "coordinates": [[[-119.659222, 42.854463], [-119.659228, 42.85809], [-119.659234, 42.861717], [-119.659239, 42.865343], [-119.664216, 42.865353], [-119.669193, 42.865363], [-119.67417, 42.865372], [-119.679147, 42.865382], [-119.679099, 42.861763], [-119.679052, 42.858144], [-119.679005, 42.854526], [-119.678958, 42.850907], [-119.674022, 42.850889], [-119.669087, 42.850871], [-119.664152, 42.850853], [-119.659216, 42.850836], [-119.659222, 42.854463]]]}}, {"type": "Feature", "properties": {"PLSSID": "OR330310S0260E0", "FRSTDIVID": "OR330310S0260E0SN290", "FRSTDIVTYP": "SN", "FRSTDIVNO": "29"}, "geometry": {"type": "Polygon", "coordinates": [[[-119.679005, 42.854526], [-119.679052, 42.858144], [-119.679099, 42.861763], [-119.679147, 42.865382], [-119.684078, 42.865402], [-119.68901, 42.865421], [-119.693942, 42.86544], [-119.698874, 42.86546], [-119.698841, 42.861831], [-119.698809, 42.858203], [-119.698776, 42.854575], [-119.698743, 42.850946], [-119.693797, 42.850936], [-119.68885, 42.850927], [-119.683904, 42.850917], [-119.678958, 42.850907], [-119.679005, 42.854526]]]}}, {"type": "Feature", "properties": {"PLSSID": "OR330310S0260E0", "FRSTDIVID": "OR330310S0260E0SN300", "FRSTDIVTYP": "SN", "FRSTDIVNO": "30"}, "geometry": {"type": "Polygon", "coordinates": [[[-119.703767, 42.850921], [-119.698743, 42.850946], [-119.698776, 42.854575], [-119.698809, 42.858203], [-119.698841, 42.861831], [-119.698874, 42.86546], [-119.703839, 42.865447], [-119.706286, 42.865433], [-119.706314, 42.863142], [-119.706306, 42.861774], [-119.706294, 42.85952], [-119.706286, 42.858152], [-119.706274, 42.855899], [-119.706266, 42.854529], [-119.706254, 42.852277], [-119.706246, 42.850906], [-119.703767, 42.850921]]]}}, {"type": "Feature", "properties": {"PLSSID": "OR330310S0260E0", "FRSTDIVID": "OR330310S0260E0SN310", "FRSTDIVTYP": "SN", "FRSTDIVNO": "31"}, "geometry": {"type": "Polygon", "coordinates": [[[-119.703352, 42.836418], [-119.698445, 42.83642], [-119.698519, 42.840052], [-119.698594, 42.843683], [-119.698668, 42.847315], [-119.698743, 42.850946], [-119.703767, 42.850921], [-119.706246, 42.850906], [-119.706234, 42.848656], [-119.706205, 42.847283], [-119.706155, 42.844974], [-119.706127, 42.84366], [-119.706077, 42.84129], [-119.70605, 42.840038], [-119.705998, 42.837607], [-119.705928, 42.836416], [-119.703352, 42.836418]]]}}, {"type": "Feature", "properties": {"PLSSID": "OR330310S0260E0", "FRSTDIVID": "OR330310S0260E0SN320", "FRSTDIVTYP": "SN", "FRSTDIVNO": "32"}, "geometry": {"type": "Polygon", "coordinates": [[[-119.693538, 42.836423], [-119.688631, 42.836425], [-119.683725, 42.836428], [-119.678818, 42.83643], [-119.678853, 42.840049], [-119.678888, 42.843669], [-119.678923, 42.847288], [-119.678958, 42.850907], [-119.683904, 42.850917], [-119.68885, 42.850927], [-119.693797, 42.850936], [-119.698743, 42.850946], [-119.698668, 42.847315], [-119.698594, 42.843683], [-119.698519, 42.840052], [-119.698445, 42.83642], [-119.693538, 42.836423]]]}}, {"type": "Feature", "properties": {"PLSSID": "OR330310S0260E0", "FRSTDIVID": "OR330310S0260E0SN330", "FRSTDIVTYP": "SN", "FRSTDIVNO": "33"}, "geometry": {"type": "Polygon", "coordinates": [[[-119.673911, 42.836433], [-119.669004, 42.836435], [-119.664097, 42.836438], [-119.65919, 42.83644], [-119.659197, 42.840039], [-119.659203, 42.843638], [-119.65921, 42.847237], [-119.659216, 42.850836], [-119.664152, 42.850853], [-119.669087, 42.850871], [-119.674022, 42.850889], [-119.678958, 42.850907], [-119.678923, 42.847288], [-119.678888, 42.843669], [-119.678853, 42.840049], [-119.678818, 42.83643], [-119.673911, 42.836433]]]}}, {"type": "Feature", "properties": {"PLSSID": "OR330310S0260E0", "FRSTDIVID": "OR330310S0260E0SN340", "FRSTDIVTYP": "SN", "FRSTDIVNO": "34"}, "geometry": {"type": "Polygon", "coordinates": [[[-119.639428, 42.840017], [-119.639414, 42.843624], [-119.6394, 42.84723], [-119.639386, 42.850837], [-119.644344, 42.850837], [-119.649301, 42.850837], [-119.654259, 42.850836], [-119.659216, 42.850836], [-119.65921, 42.847237], [-119.659203, 42.843638], [-119.659197, 42.840039], [-119.65919, 42.83644], [-119.654253, 42.836433], [-119.649316, 42.836425], [-119.644379, 42.836417], [-119.639442, 42.83641], [-119.639428, 42.840017]]]}}, {"type": "Feature", "properties": {"PLSSID": "OR330310S0260E0", "FRSTDIVID": "OR330310S0260E0SN350", "FRSTDIVTYP": "SN", "FRSTDIVNO": "35"}, "geometry": {"type": "Polygon", "coordinates": [[[-119.619688, 42.840024], [-119.619682, 42.843668], [-119.619675, 42.847312], [-119.619669, 42.850955], [-119.624598, 42.850926], [-119.626076, 42.850917], [-119.629527, 42.850896], [-119.634457, 42.850867], [-119.639386, 42.850837], [-119.6394, 42.84723], [-119.639414, 42.843624], [-119.639428, 42.840017], [-119.639442, 42.83641], [-119.634505, 42.836402], [-119.629568, 42.836395], [-119.626076, 42.83639], [-119.624631, 42.836387], [-119.619694, 42.83638], [-119.619688, 42.840024]]]}}, {"type": "Feature", "properties": {"PLSSID": "OR330310S0260E0", "FRSTDIVID": "OR330310S0260E0SN360", "FRSTDIVTYP": "SN", "FRSTDIVNO": "36"}, "geometry": {"type": "Polygon", "coordinates": [[[-119.599954, 42.840009], [-119.599962, 42.843669], [-119.599969, 42.847329], [-119.599977, 42.850988], [-119.6049, 42.85098], [-119.609823, 42.850972], [-119.614746, 42.850964], [-119.619669, 42.850955], [-119.619675, 42.847312], [-119.619682, 42.843668], [-119.619688, 42.840024], [-119.619694, 42.83638], [-119.614757, 42.836372], [-119.60982, 42.836365], [-119.604883, 42.836357], [-119.599946, 42.83635], [-119.599954, 42.840009]]]}}, {"type": "Feature", "properties": {"PLSSID": "OR330310S0250E0", "FRSTDIVID": "OR330310S0250E0SN010", "FRSTDIVTYP": "SN", "FRSTDIVNO": "01"}, "geometry": {"type": "Polygon", "coordinates": [[[-119.706462, 42.909211], [-119.706467, 42.91046], [-119.706477, 42.912883], [-119.706482, 42.914109], [-119.706492, 42.916464], [-119.709188, 42.916472], [-119.711392, 42.916479], [-119.714112, 42.916487], [-119.716291, 42.916496], [-119.719059, 42.916508], [-119.72119, 42.916517], [-119.724006, 42.916529], [-119.72609, 42.916531], [-119.726077, 42.914125], [-119.726061, 42.910475], [-119.726046, 42.906824], [-119.721103, 42.906822], [-119.716159, 42.90682], [-119.711207, 42.906816], [-119.706453, 42.906812], [-119.706462, 42.909211]]]}}, {"type": "Feature", "properties": {"PLSSID": "OR330310S0250E0", "FRSTDIVID": "OR330310S0250E0SN020", "FRSTDIVTYP": "SN", "FRSTDIVNO": "02"}, "geometry": {"type": "Polygon", "coordinates": [[[-119.726061, 42.910475], [-119.726077, 42.914125], [-119.72609, 42.916531], [-119.728951, 42.916538], [-119.731031, 42.916543], [-119.733896, 42.91655], [-119.735972, 42.916557], [-119.738834, 42.916566], [-119.740913, 42.916573], [-119.743772, 42.916583], [-119.745854, 42.916596], [-119.745834, 42.914179], [-119.745816, 42.910537], [-119.745798, 42.906895], [-119.74086, 42.906877], [-119.735922, 42.906859], [-119.730984, 42.906842], [-119.726046, 42.906824], [-119.726061, 42.910475]]]}}, {"type": "Feature", "properties": {"PLSSID": "OR330310S0250E0", "FRSTDIVID": "OR330310S0250E0SN030", "FRSTDIVTYP": "SN", "FRSTDIVNO": "03"}, "geometry": {"type": "Polygon", "coordinates": [[[-119.745816, 42.910537], [-119.745834, 42.914179], [-119.745854, 42.916596], [-119.748703, 42.916607], [-119.750802, 42.916616], [-119.751081, 42.916617], [-119.753634, 42.916628], [-119.755754, 42.916628], [-119.758588, 42.916627], [-119.760711, 42.916627], [-119.763541, 42.916627], [-119.765668, 42.916611], [-119.765604, 42.9143], [-119.76556, 42.910659], [-119.765515, 42.907018], [-119.760586, 42.906987], [-119.755657, 42.906956], [-119.751081, 42.906928], [-119.750728, 42.906926], [-119.745798, 42.906895], [-119.745816, 42.910537]]]}}, {"type": "Feature", "properties": {"PLSSID": "OR330310S0250E0", "FRSTDIVID": "OR330310S0250E0SN040", "FRSTDIVTYP": "SN", "FRSTDIVNO": "04"}, "geometry": {"type": "Polygon", "coordinates": [[[-119.780242, 42.907016], [-119.775333, 42.907017], [-119.770424, 42.907017], [-119.765515, 42.907018], [-119.76556, 42.910659], [-119.765604, 42.9143], [-119.765668, 42.916611], [-119.768493, 42.916622], [-119.770597, 42.916631], [-119.773445, 42.916642], [-119.775525, 42.916644], [-119.778372, 42.916646], [-119.780454, 42.916648], [-119.783299, 42.916651], [-119.785382, 42.916659], [-119.785325, 42.914288], [-119.785238, 42.910652], [-119.78515, 42.907016], [-119.780242, 42.907016]]]}}, {"type": "Feature", "properties": {"PLSSID": "OR330310S0250E0", "FRSTDIVID": "OR330310S0250E0SN050", "FRSTDIVTYP": "SN", "FRSTDIVNO": "05"}, "geometry": {"type": "Polygon", "coordinates": [[[-119.795216, 42.916657], [-119.798037, 42.916657], [-119.800133, 42.916657], [-119.802967, 42.916657], [-119.805049, 42.916676], [-119.805024, 42.914268], [-119.805008, 42.910647], [-119.804992, 42.907026], [-119.800032, 42.907023], [-119.795071, 42.907021], [-119.790111, 42.907018], [-119.78515, 42.907016], [-119.785238, 42.910652], [-119.785325, 42.914288], [-119.785382, 42.916659], [-119.788203, 42.916658], [-119.790298, 42.916657], [-119.793107, 42.916656], [-119.795216, 42.916657]]]}}, {"type": "Feature", "properties": {"PLSSID": "OR330310S0250E0", "FRSTDIVID": "OR330310S0250E0SN060", "FRSTDIVTYP": "SN", "FRSTDIVNO": "06"}, "geometry": {"type": "Polygon", "coordinates": [[[-119.815022, 42.916673], [-119.817783, 42.91668], [-119.819946, 42.916684], [-119.822703, 42.916691], [-119.825433, 42.916709], [-119.825437, 42.915393], [-119.82544, 42.914302], [-119.825448, 42.911744], [-119.825451, 42.910677], [-119.825458, 42.908094], [-119.825461, 42.907052], [-119.819845, 42.907043], [-119.814897, 42.907035], [-119.809945, 42.90703], [-119.804992, 42.907026], [-119.805008, 42.910647], [-119.805024, 42.914268], [-119.805049, 42.916676], [-119.807896, 42.916674], [-119.810037, 42.916671], [-119.812863, 42.916669], [-119.815022, 42.916673]]]}}, {"type": "Feature", "properties": {"PLSSID": "OR330310S0250E0", "FRSTDIVID": "OR330310S0250E0SN070", "FRSTDIVTYP": "SN", "FRSTDIVNO": "07"}, "geometry": {"type": "Polygon", "coordinates": [[[-119.804976, 42.896127], [-119.804981, 42.89976], [-119.804987, 42.903393], [-119.804992, 42.907026], [-119.809945, 42.90703], [-119.814897, 42.907035], [-119.819845, 42.907043], [-119.825461, 42.907052], [-119.825469, 42.904446], [-119.825472, 42.903427], [-119.825479, 42.900797], [-119.825482, 42.899802], [-119.82549, 42.897161], [-119.825493, 42.896177], [-119.8255, 42.893525], [-119.825475, 42.89257], [-119.81985, 42.892548], [-119.81489, 42.892528], [-119.809931, 42.892511], [-119.804971, 42.892494], [-119.804976, 42.896127]]]}}, {"type": "Feature", "properties": {"PLSSID": "OR330310S0250E0", "FRSTDIVID": "OR330310S0250E0SN080", "FRSTDIVTYP": "SN", "FRSTDIVNO": "08"}, "geometry": {"type": "Polygon", "coordinates": [[[-119.785134, 42.896101], [-119.78514, 42.899739], [-119.785145, 42.903377], [-119.78515, 42.907016], [-119.790111, 42.907018], [-119.795071, 42.907021], [-119.800032, 42.907023], [-119.804992, 42.907026], [-119.804987, 42.903393], [-119.804981, 42.89976], [-119.804976, 42.896127], [-119.804971, 42.892494], [-119.800011, 42.892487], [-119.79505, 42.892479], [-119.79009, 42.892471], [-119.785129, 42.892463], [-119.785134, 42.896101]]]}}, {"type": "Feature", "properties": {"PLSSID": "OR330310S0250E0", "FRSTDIVID": "OR330310S0250E0SN090", "FRSTDIVTYP": "SN", "FRSTDIVNO": "09"}, "geometry": {"type": "Polygon", "coordinates": [[[-119.765463, 42.896091], [-119.765481, 42.899733], [-119.765498, 42.903376], [-119.765515, 42.907018], [-119.770424, 42.907017], [-119.775333, 42.907017], [-119.780242, 42.907016], [-119.78515, 42.907016], [-119.785145, 42.903377], [-119.78514, 42.899739], [-119.785134, 42.896101], [-119.785129, 42.892463], [-119.780208, 42.89246], [-119.775287, 42.892456], [-119.770366, 42.892452], [-119.765445, 42.892449], [-119.765463, 42.896091]]]}}, {"type": "Feature", "properties": {"PLSSID": "OR330310S0250E0", "FRSTDIVID": "OR330310S0250E0SN100", "FRSTDIVTYP": "SN", "FRSTDIVNO": "10"}, "geometry": {"type": "Polygon", "coordinates": [[[-119.745751, 42.895965], [-119.745767, 42.899608], [-119.745783, 42.903252], [-119.745798, 42.906895], [-119.750728, 42.906926], [-119.751081, 42.906928], [-119.755657, 42.906956], [-119.760586, 42.906987], [-119.765515, 42.907018], [-119.765498, 42.903376], [-119.765481, 42.899733], [-119.765463, 42.896091], [-119.765445, 42.892449], [-119.760518, 42.892417], [-119.75559, 42.892385], [-119.75108, 42.892356], [-119.750663, 42.892353], [-119.745735, 42.892321], [-119.745751, 42.895965]]]}}, {"type": "Feature", "properties": {"PLSSID": "OR330310S0250E0", "FRSTDIVID": "OR330310S0250E0SN110", "FRSTDIVTYP": "SN", "FRSTDIVNO": "11"}, "geometry": {"type": "Polygon", "coordinates": [[[-119.726009, 42.895885], [-119.726022, 42.899531], [-119.726034, 42.903178], [-119.726046, 42.906824], [-119.730984, 42.906842], [-119.735922, 42.906859], [-119.74086, 42.906877], [-119.745798, 42.906895], [-119.745783, 42.903252], [-119.745767, 42.899608], [-119.745751, 42.895965], [-119.745735, 42.892321], [-119.740801, 42.892301], [-119.735866, 42.89228], [-119.730932, 42.892259], [-119.725997, 42.892238], [-119.726009, 42.895885]]]}}, {"type": "Feature", "properties": {"PLSSID": "OR330310S0250E0", "FRSTDIVID": "OR330310S0250E0SN120", "FRSTDIVTYP": "SN", "FRSTDIVNO": "12"}, "geometry": {"type": "Polygon", "coordinates": [[[-119.706403, 42.894618], [-119.706409, 42.895876], [-119.706418, 42.898266], [-119.706423, 42.899521], [-119.706433, 42.901915], [-119.706438, 42.903167], [-119.706448, 42.905563], [-119.706453, 42.906812], [-119.711207, 42.906816], [-119.716159, 42.90682], [-119.721103, 42.906822], [-119.726046, 42.906824], [-119.726034, 42.903178], [-119.726022, 42.899531], [-119.726009, 42.895885], [-119.725997, 42.892238], [-119.721053, 42.892236], [-119.71611, 42.892233], [-119.711159, 42.892232], [-119.706394, 42.892231], [-119.706403, 42.894618]]]}}, {"type": "Feature", "properties": {"PLSSID": "OR330310S0250E0", "FRSTDIVID": "OR330310S0250E0SN130", "FRSTDIVTYP": "SN", "FRSTDIVNO": "13"}, "geometry": {"type": "Polygon", "coordinates": [[[-119.721051, 42.877648], [-119.716144, 42.877653], [-119.711237, 42.877658], [-119.706335, 42.877663], [-119.706345, 42.880026], [-119.70635, 42.881305], [-119.706359, 42.883674], [-119.706364, 42.884947], [-119.706374, 42.887322], [-119.706379, 42.888589], [-119.706389, 42.89097], [-119.706394, 42.892231], [-119.711159, 42.892232], [-119.71611, 42.892233], [-119.721053, 42.892236], [-119.725997, 42.892238], [-119.725987, 42.888589], [-119.725977, 42.884941], [-119.725967, 42.881292], [-119.725957, 42.877643], [-119.721051, 42.877648]]]}}, {"type": "Feature", "properties": {"PLSSID": "OR330310S0250E0", "FRSTDIVID": "OR330310S0250E0SN140", "FRSTDIVTYP": "SN", "FRSTDIVNO": "14"}, "geometry": {"type": "Polygon", "coordinates": [[[-119.725967, 42.881292], [-119.725977, 42.884941], [-119.725987, 42.888589], [-119.725997, 42.892238], [-119.730932, 42.892259], [-119.735866, 42.89228], [-119.740801, 42.892301], [-119.745735, 42.892321], [-119.745727, 42.88868], [-119.745719, 42.885039], [-119.74571, 42.881398], [-119.745702, 42.877757], [-119.740766, 42.877729], [-119.73583, 42.8777], [-119.730894, 42.877672], [-119.725957, 42.877643], [-119.725967, 42.881292]]]}}, {"type": "Feature", "properties": {"PLSSID": "OR330310S0250E0", "FRSTDIVID": "OR330310S0250E0SN150", "FRSTDIVTYP": "SN", "FRSTDIVNO": "15"}, "geometry": {"type": "Polygon", "coordinates": [[[-119.74571, 42.881398], [-119.745719, 42.885039], [-119.745727, 42.88868], [-119.745735, 42.892321], [-119.750663, 42.892353], [-119.75108, 42.892356], [-119.75559, 42.892385], [-119.760518, 42.892417], [-119.765445, 42.892449], [-119.765437, 42.888803], [-119.765428, 42.885158], [-119.76542, 42.881512], [-119.765411, 42.877867], [-119.760484, 42.877839], [-119.755557, 42.877812], [-119.751079, 42.877787], [-119.750629, 42.877785], [-119.745702, 42.877757], [-119.74571, 42.881398]]]}}, {"type": "Feature", "properties": {"PLSSID": "OR330310S0250E0", "FRSTDIVID": "OR330310S0250E0SN160", "FRSTDIVTYP": "SN", "FRSTDIVNO": "16"}, "geometry": {"type": "Polygon", "coordinates": [[[-119.76542, 42.881512], [-119.765428, 42.885158], [-119.765437, 42.888803], [-119.765445, 42.892449], [-119.770366, 42.892452], [-119.775287, 42.892456], [-119.780208, 42.89246], [-119.785129, 42.892463], [-119.785138, 42.888823], [-119.785148, 42.885184], [-119.785157, 42.881544], [-119.785167, 42.877904], [-119.780228, 42.877895], [-119.775289, 42.877885], [-119.77035, 42.877876], [-119.765411, 42.877867], [-119.76542, 42.881512]]]}}, {"type": "Feature", "properties": {"PLSSID": "OR330310S0250E0", "FRSTDIVID": "OR330310S0250E0SN170", "FRSTDIVTYP": "SN", "FRSTDIVNO": "17"}, "geometry": {"type": "Polygon", "coordinates": [[[-119.785157, 42.881544], [-119.785148, 42.885184], [-119.785138, 42.888823], [-119.785129, 42.892463], [-119.79009, 42.892471], [-119.79505, 42.892479], [-119.800011, 42.892487], [-119.804971, 42.892494], [-119.804964, 42.888854], [-119.804957, 42.885214], [-119.80495, 42.881574], [-119.804943, 42.877934], [-119.799999, 42.877927], [-119.795055, 42.877919], [-119.790111, 42.877911], [-119.785167, 42.877904], [-119.785157, 42.881544]]]}}, {"type": "Feature", "properties": {"PLSSID": "OR330310S0250E0", "FRSTDIVID": "OR330310S0250E0SN180", "FRSTDIVTYP": "SN", "FRSTDIVNO": "18"}, "geometry": {"type": "Polygon", "coordinates": [[[-119.80495, 42.881574], [-119.804957, 42.885214], [-119.804964, 42.888854], [-119.804971, 42.892494], [-119.809931, 42.892511], [-119.81489, 42.892528], [-119.81985, 42.892548], [-119.825475, 42.89257], [-119.82545, 42.889876], [-119.825441, 42.888915], [-119.825415, 42.886202], [-119.825407, 42.885261], [-119.825381, 42.882519], [-119.825372, 42.881607], [-119.825346, 42.878835], [-119.825338, 42.877953], [-119.819721, 42.87795], [-119.8148, 42.877951], [-119.809872, 42.877943], [-119.804943, 42.877934], [-119.80495, 42.881574]]]}}, {"type": "Feature", "properties": {"PLSSID": "OR330310S0250E0", "FRSTDIVID": "OR330310S0250E0SN190", "FRSTDIVTYP": "SN", "FRSTDIVNO": "19"}, "geometry": {"type": "Polygon", "coordinates": [[[-119.825338, 42.877953], [-119.825346, 42.875176], [-119.825347, 42.874899], [-119.825348, 42.87432], [-119.825357, 42.871522], [-119.825359, 42.870688], [-119.825367, 42.867875], [-119.82537, 42.867056], [-119.825378, 42.864228], [-119.82538, 42.863423], [-119.819741, 42.863417], [-119.814815, 42.863412], [-119.809888, 42.863407], [-119.804961, 42.863402], [-119.804957, 42.867035], [-119.804952, 42.870668], [-119.804948, 42.874301], [-119.804947, 42.874899], [-119.804943, 42.877934], [-119.809872, 42.877943], [-119.8148, 42.877951], [-119.819721, 42.87795], [-119.825338, 42.877953]]]}}, {"type": "Feature", "properties": {"PLSSID": "OR330310S0250E0", "FRSTDIVID": "OR330310S0250E0SN200", "FRSTDIVTYP": "SN", "FRSTDIVNO": "20"}, "geometry": {"type": "Polygon", "coordinates": [[[-119.785195, 42.866995], [-119.785186, 42.870632], [-119.785176, 42.874268], [-119.785175, 42.874896], [-119.785167, 42.877904], [-119.790111, 42.877911], [-119.795055, 42.877919], [-119.799999, 42.877927], [-119.804943, 42.877934], [-119.804947, 42.874899], [-119.804948, 42.874301], [-119.804952, 42.870668], [-119.804957, 42.867035], [-119.804961, 42.863402], [-119.800022, 42.863391], [-119.795083, 42.86338], [-119.790143, 42.86337], [-119.785204, 42.863359], [-119.785195, 42.866995]]]}}, {"type": "Feature", "properties": {"PLSSID": "OR330310S0250E0", "FRSTDIVID": "OR330310S0250E0SN210", "FRSTDIVTYP": "SN", "FRSTDIVNO": "21"}, "geometry": {"type": "Polygon", "coordinates": [[[-119.765377, 42.866938], [-119.765389, 42.870581], [-119.7654, 42.874224], [-119.765402, 42.874889], [-119.765411, 42.877867], [-119.77035, 42.877876], [-119.775289, 42.877885], [-119.780228, 42.877895], [-119.785167, 42.877904], [-119.785175, 42.874896], [-119.785176, 42.874268], [-119.785186, 42.870632], [-119.785195, 42.866995], [-119.785204, 42.863359], [-119.780244, 42.863343], [-119.775285, 42.863327], [-119.770326, 42.863311], [-119.765366, 42.863294], [-119.765377, 42.866938]]]}}, {"type": "Feature", "properties": {"PLSSID": "OR330310S0250E0", "FRSTDIVID": "OR330310S0250E0SN220", "FRSTDIVTYP": "SN", "FRSTDIVNO": "22"}, "geometry": {"type": "Polygon", "coordinates": [[[-119.74561, 42.866844], [-119.745641, 42.870482], [-119.745671, 42.87412], [-119.745678, 42.874885], [-119.745702, 42.877757], [-119.750629, 42.877785], [-119.751079, 42.877787], [-119.755557, 42.877812], [-119.760484, 42.877839], [-119.765411, 42.877867], [-119.765402, 42.874889], [-119.7654, 42.874224], [-119.765389, 42.870581], [-119.765377, 42.866938], [-119.765366, 42.863294], [-119.76042, 42.863272], [-119.755473, 42.863251], [-119.751079, 42.863231], [-119.750526, 42.863229], [-119.745579, 42.863207], [-119.74561, 42.866844]]]}}, {"type": "Feature", "properties": {"PLSSID": "OR330310S0250E0", "FRSTDIVID": "OR330310S0250E0SN230", "FRSTDIVTYP": "SN", "FRSTDIVNO": "23"}, "geometry": {"type": "Polygon", "coordinates": [[[-119.740647, 42.863208], [-119.735714, 42.863209], [-119.730782, 42.863211], [-119.725849, 42.863212], [-119.725876, 42.86682], [-119.725903, 42.870428], [-119.72593, 42.874035], [-119.725937, 42.874894], [-119.725957, 42.877643], [-119.730894, 42.877672], [-119.73583, 42.8777], [-119.740766, 42.877729], [-119.745702, 42.877757], [-119.745678, 42.874885], [-119.745671, 42.87412], [-119.745641, 42.870482], [-119.74561, 42.866844], [-119.745579, 42.863207], [-119.740647, 42.863208]]]}}, {"type": "Feature", "properties": {"PLSSID": "OR330310S0250E0", "FRSTDIVID": "OR330310S0250E0SN240", "FRSTDIVTYP": "SN", "FRSTDIVNO": "24"}, "geometry": {"type": "Polygon", "coordinates": [[[-119.706286, 42.865433], [-119.706291, 42.866787], [-119.706301, 42.869081], [-119.706306, 42.870413], [-119.706315, 42.872729], [-119.70632, 42.874038], [-119.706324, 42.874898], [-119.70633, 42.876377], [-119.706335, 42.877663], [-119.711237, 42.877658], [-119.716144, 42.877653], [-119.721051, 42.877648], [-119.725957, 42.877643], [-119.725937, 42.874894], [-119.72593, 42.874035], [-119.725903, 42.870428], [-119.725876, 42.86682], [-119.725849, 42.863212], [-119.720901, 42.863194], [-119.715953, 42.863177], [-119.711004, 42.863159], [-119.706314, 42.863142], [-119.706286, 42.865433]]]}}, {"type": "Feature", "properties": {"PLSSID": "OR330310S0250E0", "FRSTDIVID": "OR330310S0250E0SN250", "FRSTDIVTYP": "SN", "FRSTDIVNO": "25"}, "geometry": {"type": "Polygon", "coordinates": [[[-119.720856, 42.848622], [-119.715903, 42.848632], [-119.71095, 42.848644], [-119.706234, 42.848656], [-119.706246, 42.850906], [-119.706254, 42.852277], [-119.706266, 42.854529], [-119.706274, 42.855899], [-119.706286, 42.858152], [-119.706294, 42.85952], [-119.706306, 42.861774], [-119.706314, 42.863142], [-119.711004, 42.863159], [-119.715953, 42.863177], [-119.720901, 42.863194], [-119.725849, 42.863212], [-119.725841, 42.859563], [-119.725833, 42.855914], [-119.725821, 42.852263], [-119.725808, 42.848612], [-119.720856, 42.848622]]]}}, {"type": "Feature", "properties": {"PLSSID": "OR330310S0250E0", "FRSTDIVID": "OR330310S0250E0SN260", "FRSTDIVTYP": "SN", "FRSTDIVNO": "26"}, "geometry": {"type": "Polygon", "coordinates": [[[-119.740642, 42.84861], [-119.735698, 42.848611], [-119.730753, 42.848612], [-119.725808, 42.848612], [-119.725821, 42.852263], [-119.725833, 42.855914], [-119.725841, 42.859563], [-119.725849, 42.863212], [-119.730782, 42.863211], [-119.735714, 42.863209], [-119.740647, 42.863208], [-119.745579, 42.863207], [-119.745581, 42.859557], [-119.745583, 42.855908], [-119.745585, 42.852259], [-119.745587, 42.848609], [-119.740642, 42.84861]]]}}, {"type": "Feature", "properties": {"PLSSID": "OR330310S0250E0", "FRSTDIVID": "OR330310S0250E0SN270", "FRSTDIVTYP": "SN", "FRSTDIVNO": "27"}, "geometry": {"type": "Polygon", "coordinates": [[[-119.745585, 42.852259], [-119.745583, 42.855908], [-119.745581, 42.859557], [-119.745579, 42.863207], [-119.750526, 42.863229], [-119.751079, 42.863231], [-119.755473, 42.863251], [-119.76042, 42.863272], [-119.765366, 42.863294], [-119.765354, 42.859653], [-119.765341, 42.856012], [-119.765329, 42.85237], [-119.765317, 42.848729], [-119.760384, 42.848699], [-119.755452, 42.848669], [-119.75108, 42.848643], [-119.750519, 42.848639], [-119.745587, 42.848609], [-119.745585, 42.852259]]]}}, {"type": "Feature", "properties": {"PLSSID": "OR330310S0250E0", "FRSTDIVID": "OR330310S0250E0SN280", "FRSTDIVTYP": "SN", "FRSTDIVNO": "28"}, "geometry": {"type": "Polygon", "coordinates": [[[-119.765329, 42.85237], [-119.765341, 42.856012], [-119.765354, 42.859653], [-119.765366, 42.863294], [-119.770326, 42.863311], [-119.775285, 42.863327], [-119.780244, 42.863343], [-119.785204, 42.863359], [-119.785178, 42.859722], [-119.785151, 42.856084], [-119.785125, 42.852447], [-119.785098, 42.84881], [-119.780153, 42.848789], [-119.775207, 42.848769], [-119.770262, 42.848749], [-119.765317, 42.848729], [-119.765329, 42.85237]]]}}, {"type": "Feature", "properties": {"PLSSID": "OR330310S0250E0", "FRSTDIVID": "OR330310S0250E0SN290", "FRSTDIVTYP": "SN", "FRSTDIVNO": "29"}, "geometry": {"type": "Polygon", "coordinates": [[[-119.799987, 42.848808], [-119.795024, 42.848809], [-119.790061, 42.848809], [-119.785098, 42.84881], [-119.785125, 42.852447], [-119.785151, 42.856084], [-119.785178, 42.859722], [-119.785204, 42.863359], [-119.790143, 42.86337], [-119.795083, 42.86338], [-119.800022, 42.863391], [-119.804961, 42.863402], [-119.804958, 42.859753], [-119.804956, 42.856105], [-119.804953, 42.852456], [-119.80495, 42.848808], [-119.799987, 42.848808]]]}}, {"type": "Feature", "properties": {"PLSSID": "OR330310S0250E0", "FRSTDIVID": "OR330310S0250E0SN300", "FRSTDIVTYP": "SN", "FRSTDIVNO": "30"}, "geometry": {"type": "Polygon", "coordinates": [[[-119.804953, 42.852456], [-119.804956, 42.856105], [-119.804958, 42.859753], [-119.804961, 42.863402], [-119.809888, 42.863407], [-119.814815, 42.863412], [-119.819741, 42.863417], [-119.82538, 42.863423], [-119.825389, 42.860593], [-119.825391, 42.859791], [-119.825399, 42.856958], [-119.825401, 42.856158], [-119.82541, 42.853316], [-119.825412, 42.852526], [-119.82542, 42.849675], [-119.825423, 42.848894], [-119.819731, 42.84887], [-119.814804, 42.848849], [-119.809877, 42.848828], [-119.80495, 42.848808], [-119.804953, 42.852456]]]}}, {"type": "Feature", "properties": {"PLSSID": "OR330310S0250E0", "FRSTDIVID": "OR330310S0250E0SN310", "FRSTDIVTYP": "SN", "FRSTDIVNO": "31"}, "geometry": {"type": "Polygon", "coordinates": [[[-119.804806, 42.837981], [-119.804854, 42.84159], [-119.804902, 42.845199], [-119.80495, 42.848808], [-119.809877, 42.848828], [-119.814804, 42.848849], [-119.819731, 42.84887], [-119.825423, 42.848894], [-119.825431, 42.846031], [-119.825433, 42.845261], [-119.825442, 42.842388], [-119.825444, 42.841629], [-119.825452, 42.838743], [-119.825454, 42.837997], [-119.825463, 42.835098], [-119.825408, 42.834405], [-119.820262, 42.834397], [-119.819659, 42.834396], [-119.815295, 42.834389], [-119.814692, 42.834388], [-119.810328, 42.83438], [-119.809725, 42.83438], [-119.805362, 42.834372], [-119.804758, 42.834371], [-119.804806, 42.837981]]]}}, {"type": "Feature", "properties": {"PLSSID": "OR330310S0250E0", "FRSTDIVID": "OR330310S0250E0SN320", "FRSTDIVTYP": "SN", "FRSTDIVNO": "32"}, "geometry": {"type": "Polygon", "coordinates": [[[-119.784963, 42.837953], [-119.785008, 42.841572], [-119.785053, 42.845191], [-119.785098, 42.84881], [-119.790061, 42.848809], [-119.795024, 42.848809], [-119.799987, 42.848808], [-119.80495, 42.848808], [-119.804902, 42.845199], [-119.804854, 42.84159], [-119.804806, 42.837981], [-119.804758, 42.834371], [-119.80037, 42.834364], [-119.799791, 42.834363], [-119.795378, 42.834356], [-119.794825, 42.834355], [-119.790387, 42.834348], [-119.789858, 42.834347], [-119.785395, 42.83434], [-119.784918, 42.834335], [-119.784963, 42.837953]]]}}, {"type": "Feature", "properties": {"PLSSID": "OR330310S0250E0", "FRSTDIVID": "OR330310S0250E0SN330", "FRSTDIVTYP": "SN", "FRSTDIVNO": "33"}, "geometry": {"type": "Polygon", "coordinates": [[[-119.765267, 42.83782], [-119.765283, 42.841456], [-119.7653, 42.845092], [-119.765317, 42.848729], [-119.770262, 42.848749], [-119.775207, 42.848769], [-119.780153, 42.848789], [-119.785098, 42.84881], [-119.785053, 42.845191], [-119.785008, 42.841572], [-119.784963, 42.837953], [-119.784918, 42.834335], [-119.780472, 42.834301], [-119.780001, 42.834297], [-119.775528, 42.834263], [-119.775084, 42.834259], [-119.770584, 42.834225], [-119.770167, 42.834222], [-119.765639, 42.834187], [-119.76525, 42.834184], [-119.765267, 42.83782]]]}}, {"type": "Feature", "properties": {"PLSSID": "OR330310S0250E0", "FRSTDIVID": "OR330310S0250E0SN340", "FRSTDIVTYP": "SN", "FRSTDIVNO": "34"}, "geometry": {"type": "Polygon", "coordinates": [[[-119.745582, 42.837678], [-119.745584, 42.841322], [-119.745585, 42.844966], [-119.745587, 42.848609], [-119.750519, 42.848639], [-119.75108, 42.848643], [-119.755452, 42.848669], [-119.760384, 42.848699], [-119.765317, 42.848729], [-119.7653, 42.845092], [-119.765283, 42.841456], [-119.765267, 42.83782], [-119.76525, 42.834184], [-119.760685, 42.834149], [-119.760333, 42.834147], [-119.755731, 42.834111], [-119.755416, 42.83411], [-119.75108, 42.834076], [-119.750777, 42.834073], [-119.750499, 42.834071], [-119.745823, 42.834036], [-119.74558, 42.834035], [-119.745582, 42.837678]]]}}, {"type": "Feature", "properties": {"PLSSID": "OR330310S0250E0", "FRSTDIVID": "OR330310S0250E0SN350", "FRSTDIVTYP": "SN", "FRSTDIVNO": "35"}, "geometry": {"type": "Polygon", "coordinates": [[[-119.725775, 42.837638], [-119.725789, 42.841299], [-119.725799, 42.844956], [-119.725808, 42.848612], [-119.730753, 42.848612], [-119.735698, 42.848611], [-119.740642, 42.84861], [-119.745587, 42.848609], [-119.745585, 42.844966], [-119.745584, 42.841322], [-119.745582, 42.837678], [-119.74558, 42.834035], [-119.740842, 42.834021], [-119.740625, 42.83402], [-119.735861, 42.834006], [-119.73567, 42.834005], [-119.73088, 42.833991], [-119.730715, 42.833991], [-119.725899, 42.833976], [-119.72576, 42.833976], [-119.725775, 42.837638]]]}}, {"type": "Feature", "properties": {"PLSSID": "OR330310S0250E0", "FRSTDIVID": "OR330310S0250E0SN360", "FRSTDIVTYP": "SN", "FRSTDIVNO": "36"}, "geometry": {"type": "Polygon", "coordinates": [[[-119.705928, 42.836416], [-119.705998, 42.837607], [-119.70605, 42.840038], [-119.706077, 42.84129], [-119.706127, 42.84366], [-119.706155, 42.844974], [-119.706205, 42.847283], [-119.706234, 42.848656], [-119.71095, 42.848644], [-119.715903, 42.848632], [-119.720856, 42.848622], [-119.725808, 42.848612], [-119.725799, 42.844956], [-119.725789, 42.841299], [-119.725775, 42.837638], [-119.72576, 42.833976], [-119.720903, 42.833963], [-119.720799, 42.833963], [-119.715907, 42.83395], [-119.715837, 42.83395], [-119.71091, 42.833938], [-119.710876, 42.833937], [-119.705919, 42.833925], [-119.705928, 42.836416]]]}}, {"type": "Feature", "properties": {"PLSSID": "OR330310S0240E0", "FRSTDIVID": "OR330310S0240E0SN010", "FRSTDIVTYP": "SN", "FRSTDIVNO": "01"}, "geometry": {"type": "Polygon", "coordinates": [[[-119.840527, 42.907999], [-119.835504, 42.908031], [-119.830481, 42.908063], [-119.825458, 42.908094], [-119.825451, 42.910677], [-119.825448, 42.911744], [-119.82544, 42.914302], [-119.825437, 42.915393], [-119.825433, 42.916709], [-119.827627, 42.916712], [-119.830528, 42.916716], [-119.832551, 42.916719], [-119.83564, 42.916728], [-119.837504, 42.916733], [-119.840764, 42.916743], [-119.842457, 42.916748], [-119.845889, 42.916758], [-119.845733, 42.9152], [-119.845642, 42.911584], [-119.845551, 42.907968], [-119.840527, 42.907999]]]}}, {"type": "Feature", "properties": {"PLSSID": "OR330310S0240E0", "FRSTDIVID": "OR330310S0240E0SN020", "FRSTDIVTYP": "SN", "FRSTDIVNO": "02"}, "geometry": {"type": "Polygon", "coordinates": [[[-119.860396, 42.907934], [-119.855448, 42.907946], [-119.850499, 42.907957], [-119.845551, 42.907968], [-119.845642, 42.911584], [-119.845733, 42.9152], [-119.845889, 42.916758], [-119.847409, 42.916762], [-119.850885, 42.916773], [-119.852362, 42.916777], [-119.855881, 42.916787], [-119.857315, 42.916792], [-119.860878, 42.916802], [-119.862268, 42.916806], [-119.865874, 42.916817], [-119.865611, 42.915193], [-119.865478, 42.911558], [-119.865345, 42.907923], [-119.860396, 42.907934]]]}}, {"type": "Feature", "properties": {"PLSSID": "OR330310S0240E0", "FRSTDIVID": "OR330310S0240E0SN030", "FRSTDIVTYP": "SN", "FRSTDIVNO": "03"}, "geometry": {"type": "Polygon", "coordinates": [[[-119.865478, 42.911558], [-119.865611, 42.915193], [-119.865874, 42.916817], [-119.867221, 42.916821], [-119.870845, 42.916831], [-119.872174, 42.916835], [-119.875817, 42.916846], [-119.876084, 42.916847], [-119.877127, 42.91685], [-119.880788, 42.916861], [-119.88208, 42.916864], [-119.88576, 42.916875], [-119.885562, 42.915346], [-119.885084, 42.911661], [-119.884606, 42.907976], [-119.879791, 42.907963], [-119.876084, 42.907953], [-119.874976, 42.90795], [-119.87016, 42.907936], [-119.865345, 42.907923], [-119.865478, 42.911558]]]}}, {"type": "Feature", "properties": {"PLSSID": "OR330310S0240E0", "FRSTDIVID": "OR330310S0240E0SN040", "FRSTDIVTYP": "SN", "FRSTDIVNO": "04"}, "geometry": {"type": "Polygon", "coordinates": [[[-119.885084, 42.911661], [-119.885562, 42.915346], [-119.88576, 42.916875], [-119.887033, 42.916879], [-119.890743, 42.91689], [-119.891986, 42.916894], [-119.895727, 42.916905], [-119.896938, 42.916908], [-119.900711, 42.916919], [-119.901891, 42.916923], [-119.905695, 42.916934], [-119.905481, 42.915402], [-119.905243, 42.91173], [-119.905004, 42.908057], [-119.899905, 42.908037], [-119.894805, 42.908017], [-119.889706, 42.907997], [-119.884606, 42.907976], [-119.885084, 42.911661]]]}}, {"type": "Feature", "properties": {"PLSSID": "OR330310S0240E0", "FRSTDIVID": "OR330310S0240E0SN050", "FRSTDIVTYP": "SN", "FRSTDIVNO": "05"}, "geometry": {"type": "Polygon", "coordinates": [[[-119.905243, 42.91173], [-119.905481, 42.915402], [-119.905695, 42.916934], [-119.906844, 42.916937], [-119.910679, 42.916949], [-119.911797, 42.916952], [-119.915664, 42.916963], [-119.91675, 42.916966], [-119.920649, 42.916978], [-119.921703, 42.916981], [-119.925633, 42.916993], [-119.925289, 42.915461], [-119.925083, 42.911804], [-119.924877, 42.908148], [-119.919909, 42.908125], [-119.914941, 42.908103], [-119.909972, 42.90808], [-119.905004, 42.908057], [-119.905243, 42.91173]]]}}, {"type": "Feature", "properties": {"PLSSID": "OR330310S0240E0", "FRSTDIVID": "OR330310S0240E0SN060", "FRSTDIVTYP": "SN", "FRSTDIVNO": "06"}, "geometry": {"type": "Polygon", "coordinates": [[[-119.925083, 42.911804], [-119.925289, 42.915461], [-119.925633, 42.916993], [-119.926656, 42.916996], [-119.93021, 42.917006], [-119.931609, 42.91701], [-119.93478, 42.917032], [-119.936569, 42.917044], [-119.939345, 42.917063], [-119.941529, 42.917078], [-119.943518, 42.917084], [-119.943506, 42.915578], [-119.943549, 42.91191], [-119.943593, 42.908242], [-119.939401, 42.90822], [-119.934629, 42.908195], [-119.929753, 42.908171], [-119.924877, 42.908148], [-119.925083, 42.911804]]]}}, {"type": "Feature", "properties": {"PLSSID": "OR330310S0240E0", "FRSTDIVID": "OR330310S0240E0SN070", "FRSTDIVTYP": "SN", "FRSTDIVNO": "07"}, "geometry": {"type": "Polygon", "coordinates": [[[-119.924609, 42.897155], [-119.924698, 42.90082], [-119.924788, 42.904484], [-119.924877, 42.908148], [-119.929753, 42.908171], [-119.934629, 42.908195], [-119.939401, 42.90822], [-119.943593, 42.908242], [-119.943547, 42.904577], [-119.943501, 42.900912], [-119.943579, 42.89725], [-119.943657, 42.893589], [-119.939343, 42.893562], [-119.934411, 42.893534], [-119.929465, 42.893513], [-119.924519, 42.893491], [-119.924609, 42.897155]]]}}, {"type": "Feature", "properties": {"PLSSID": "OR330310S0240E0", "FRSTDIVID": "OR330310S0240E0SN080", "FRSTDIVTYP": "SN", "FRSTDIVNO": "08"}, "geometry": {"type": "Polygon", "coordinates": [[[-119.904685, 42.897088], [-119.904791, 42.900745], [-119.904898, 42.904401], [-119.905004, 42.908057], [-119.909972, 42.90808], [-119.914941, 42.908103], [-119.919909, 42.908125], [-119.924877, 42.908148], [-119.924788, 42.904484], [-119.924698, 42.90082], [-119.924609, 42.897155], [-119.924519, 42.893491], [-119.919534, 42.893477], [-119.914549, 42.893462], [-119.909564, 42.893447], [-119.904579, 42.893432], [-119.904685, 42.897088]]]}}, {"type": "Feature", "properties": {"PLSSID": "OR330310S0240E0", "FRSTDIVID": "OR330310S0240E0SN090", "FRSTDIVTYP": "SN", "FRSTDIVNO": "09"}, "geometry": {"type": "Polygon", "coordinates": [[[-119.884787, 42.89703], [-119.884726, 42.900678], [-119.884666, 42.904327], [-119.884606, 42.907976], [-119.889706, 42.907997], [-119.894805, 42.908017], [-119.899905, 42.908037], [-119.905004, 42.908057], [-119.904898, 42.904401], [-119.904791, 42.900745], [-119.904685, 42.897088], [-119.904579, 42.893432], [-119.899646, 42.893419], [-119.894713, 42.893406], [-119.88978, 42.893394], [-119.884847, 42.893381], [-119.884787, 42.89703]]]}}, {"type": "Feature", "properties": {"PLSSID": "OR330310S0240E0", "FRSTDIVID": "OR330310S0240E0SN100", "FRSTDIVTYP": "SN", "FRSTDIVNO": "10"}, "geometry": {"type": "Polygon", "coordinates": [[[-119.8653, 42.896984], [-119.865315, 42.90063], [-119.86533, 42.904277], [-119.865345, 42.907923], [-119.87016, 42.907936], [-119.874976, 42.90795], [-119.876084, 42.907953], [-119.879791, 42.907963], [-119.884606, 42.907976], [-119.884666, 42.904327], [-119.884726, 42.900678], [-119.884787, 42.89703], [-119.884847, 42.893381], [-119.879956, 42.89337], [-119.876083, 42.893362], [-119.875066, 42.893359], [-119.870175, 42.893348], [-119.865285, 42.893337], [-119.8653, 42.896984]]]}}, {"type": "Feature", "properties": {"PLSSID": "OR330310S0240E0", "FRSTDIVID": "OR330310S0240E0SN110", "FRSTDIVTYP": "SN", "FRSTDIVNO": "11"}, "geometry": {"type": "Polygon", "coordinates": [[[-119.860325, 42.893357], [-119.855365, 42.893376], [-119.850406, 42.893395], [-119.845446, 42.893414], [-119.845472, 42.897053], [-119.845498, 42.900691], [-119.845524, 42.904329], [-119.845551, 42.907968], [-119.850499, 42.907957], [-119.855448, 42.907946], [-119.860396, 42.907934], [-119.865345, 42.907923], [-119.86533, 42.904277], [-119.865315, 42.90063], [-119.8653, 42.896984], [-119.865285, 42.893337], [-119.860325, 42.893357]]]}}, {"type": "Feature", "properties": {"PLSSID": "OR330310S0240E0", "FRSTDIVID": "OR330310S0240E0SN120", "FRSTDIVTYP": "SN", "FRSTDIVNO": "12"}, "geometry": {"type": "Polygon", "coordinates": [[[-119.84046, 42.893442], [-119.835473, 42.89347], [-119.830487, 42.893498], [-119.8255, 42.893525], [-119.825493, 42.896177], [-119.82549, 42.897161], [-119.825482, 42.899802], [-119.825479, 42.900797], [-119.825472, 42.903427], [-119.825469, 42.904446], [-119.825461, 42.907052], [-119.825458, 42.908094], [-119.830481, 42.908063], [-119.835504, 42.908031], [-119.840527, 42.907999], [-119.845551, 42.907968], [-119.845524, 42.904329], [-119.845498, 42.900691], [-119.845472, 42.897053], [-119.845446, 42.893414], [-119.84046, 42.893442]]]}}, {"type": "Feature", "properties": {"PLSSID": "OR330310S0240E0", "FRSTDIVID": "OR330310S0240E0SN130", "FRSTDIVTYP": "SN", "FRSTDIVNO": "13"}, "geometry": {"type": "Polygon", "coordinates": [[[-119.84043, 42.878799], [-119.835402, 42.878811], [-119.830374, 42.878823], [-119.825346, 42.878835], [-119.825372, 42.881607], [-119.825381, 42.882519], [-119.825407, 42.885261], [-119.825415, 42.886202], [-119.825441, 42.888915], [-119.82545, 42.889876], [-119.825475, 42.89257], [-119.8255, 42.893525], [-119.830487, 42.893498], [-119.835473, 42.89347], [-119.84046, 42.893442], [-119.845446, 42.893414], [-119.845449, 42.889758], [-119.845452, 42.886101], [-119.845454, 42.882444], [-119.845457, 42.878788], [-119.84043, 42.878799]]]}}, {"type": "Feature", "properties": {"PLSSID": "OR330310S0240E0", "FRSTDIVID": "OR330310S0240E0SN140", "FRSTDIVTYP": "SN", "FRSTDIVNO": "14"}, "geometry": {"type": "Polygon", "coordinates": [[[-119.860417, 42.878761], [-119.855431, 42.87877], [-119.850444, 42.878779], [-119.845457, 42.878788], [-119.845454, 42.882444], [-119.845452, 42.886101], [-119.845449, 42.889758], [-119.845446, 42.893414], [-119.850406, 42.893395], [-119.855365, 42.893376], [-119.860325, 42.893357], [-119.865285, 42.893337], [-119.865314, 42.889691], [-119.865344, 42.886045], [-119.865374, 42.882399], [-119.865404, 42.878753], [-119.860417, 42.878761]]]}}, {"type": "Feature", "properties": {"PLSSID": "OR330310S0240E0", "FRSTDIVID": "OR330310S0240E0SN150", "FRSTDIVTYP": "SN", "FRSTDIVNO": "15"}, "geometry": {"type": "Polygon", "coordinates": [[[-119.880072, 42.878734], [-119.876082, 42.878739], [-119.875182, 42.87874], [-119.870293, 42.878746], [-119.865404, 42.878753], [-119.865374, 42.882399], [-119.865344, 42.886045], [-119.865314, 42.889691], [-119.865285, 42.893337], [-119.870175, 42.893348], [-119.875066, 42.893359], [-119.876083, 42.893362], [-119.879956, 42.89337], [-119.884847, 42.893381], [-119.884875, 42.889717], [-119.884904, 42.886054], [-119.884932, 42.882391], [-119.884961, 42.878727], [-119.880072, 42.878734]]]}}, {"type": "Feature", "properties": {"PLSSID": "OR330310S0240E0", "FRSTDIVID": "OR330310S0240E0SN160", "FRSTDIVTYP": "SN", "FRSTDIVNO": "16"}, "geometry": {"type": "Polygon", "coordinates": [[[-119.884932, 42.882391], [-119.884904, 42.886054], [-119.884875, 42.889717], [-119.884847, 42.893381], [-119.88978, 42.893394], [-119.894713, 42.893406], [-119.899646, 42.893419], [-119.904579, 42.893432], [-119.90443, 42.889765], [-119.904281, 42.886098], [-119.904132, 42.882431], [-119.903983, 42.878765], [-119.899228, 42.878755], [-119.894472, 42.878746], [-119.889716, 42.878737], [-119.884961, 42.878727], [-119.884932, 42.882391]]]}}, {"type": "Feature", "properties": {"PLSSID": "OR330310S0240E0", "FRSTDIVID": "OR330310S0240E0SN170", "FRSTDIVTYP": "SN", "FRSTDIVNO": "17"}, "geometry": {"type": "Polygon", "coordinates": [[[-119.904132, 42.882431], [-119.904281, 42.886098], [-119.90443, 42.889765], [-119.904579, 42.893432], [-119.909564, 42.893447], [-119.914549, 42.893462], [-119.919534, 42.893477], [-119.924519, 42.893491], [-119.924476, 42.889839], [-119.924432, 42.886187], [-119.924388, 42.882534], [-119.924344, 42.878882], [-119.919254, 42.878853], [-119.914164, 42.878823], [-119.909073, 42.878794], [-119.903983, 42.878765], [-119.904132, 42.882431]]]}}, {"type": "Feature", "properties": {"PLSSID": "OR330310S0240E0", "FRSTDIVID": "OR330310S0240E0SN180", "FRSTDIVTYP": "SN", "FRSTDIVNO": "18"}, "geometry": {"type": "Polygon", "coordinates": [[[-119.924388, 42.882534], [-119.924432, 42.886187], [-119.924476, 42.889839], [-119.924519, 42.893491], [-119.929465, 42.893513], [-119.934411, 42.893534], [-119.939343, 42.893562], [-119.943657, 42.893589], [-119.943649, 42.889932], [-119.943641, 42.886276], [-119.943639, 42.882615], [-119.943637, 42.878954], [-119.939376, 42.878934], [-119.934387, 42.878913], [-119.929365, 42.878897], [-119.924344, 42.878882], [-119.924388, 42.882534]]]}}, {"type": "Feature", "properties": {"PLSSID": "OR330310S0240E0", "FRSTDIVID": "OR330310S0240E0SN190", "FRSTDIVTYP": "SN", "FRSTDIVNO": "19"}, "geometry": {"type": "Polygon", "coordinates": [[[-119.924455, 42.86788], [-119.924418, 42.871548], [-119.924384, 42.874898], [-119.924381, 42.875215], [-119.924344, 42.878882], [-119.929365, 42.878897], [-119.934387, 42.878913], [-119.939376, 42.878934], [-119.943637, 42.878954], [-119.943637, 42.875266], [-119.943637, 42.874898], [-119.943636, 42.871578], [-119.943617, 42.867897], [-119.943597, 42.864215], [-119.939321, 42.864217], [-119.934354, 42.864218], [-119.929423, 42.864215], [-119.924492, 42.864213], [-119.924455, 42.86788]]]}}, {"type": "Feature", "properties": {"PLSSID": "OR330310S0240E0", "FRSTDIVID": "OR330310S0240E0SN200", "FRSTDIVTYP": "SN", "FRSTDIVNO": "20"}, "geometry": {"type": "Polygon", "coordinates": [[[-119.904623, 42.867776], [-119.904409, 42.871439], [-119.904208, 42.874894], [-119.904196, 42.875102], [-119.903983, 42.878765], [-119.909073, 42.878794], [-119.914164, 42.878823], [-119.919254, 42.878853], [-119.924344, 42.878882], [-119.924381, 42.875215], [-119.924384, 42.874898], [-119.924418, 42.871548], [-119.924455, 42.86788], [-119.924492, 42.864213], [-119.919578, 42.864188], [-119.914664, 42.864163], [-119.90975, 42.864138], [-119.904836, 42.864114], [-119.904623, 42.867776]]]}}, {"type": "Feature", "properties": {"PLSSID": "OR330310S0240E0", "FRSTDIVID": "OR330310S0240E0SN210", "FRSTDIVTYP": "SN", "FRSTDIVNO": "21"}, "geometry": {"type": "Polygon", "coordinates": [[[-119.885479, 42.867648], [-119.885306, 42.871341], [-119.88514, 42.874886], [-119.885134, 42.875034], [-119.884961, 42.878727], [-119.889716, 42.878737], [-119.894472, 42.878746], [-119.899228, 42.878755], [-119.903983, 42.878765], [-119.904196, 42.875102], [-119.904208, 42.874894], [-119.904409, 42.871439], [-119.904623, 42.867776], [-119.904836, 42.864114], [-119.90004, 42.864074], [-119.895244, 42.864034], [-119.890448, 42.863994], [-119.885652, 42.863955], [-119.885479, 42.867648]]]}}, {"type": "Feature", "properties": {"PLSSID": "OR330310S0240E0", "FRSTDIVID": "OR330310S0240E0SN220", "FRSTDIVTYP": "SN", "FRSTDIVNO": "22"}, "geometry": {"type": "Polygon", "coordinates": [[[-119.880705, 42.864003], [-119.876082, 42.864047], [-119.875759, 42.86405], [-119.870812, 42.864098], [-119.865865, 42.864146], [-119.86575, 42.867798], [-119.865635, 42.87145], [-119.865526, 42.874887], [-119.865519, 42.875101], [-119.865404, 42.878753], [-119.870293, 42.878746], [-119.875182, 42.87874], [-119.876082, 42.878739], [-119.880072, 42.878734], [-119.884961, 42.878727], [-119.885134, 42.875034], [-119.88514, 42.874886], [-119.885306, 42.871341], [-119.885479, 42.867648], [-119.885652, 42.863955], [-119.880705, 42.864003]]]}}, {"type": "Feature", "properties": {"PLSSID": "OR330310S0240E0", "FRSTDIVID": "OR330310S0240E0SN230", "FRSTDIVTYP": "SN", "FRSTDIVNO": "23"}, "geometry": {"type": "Polygon", "coordinates": [[[-119.860795, 42.864157], [-119.855726, 42.864168], [-119.850656, 42.864179], [-119.845586, 42.86419], [-119.845554, 42.867839], [-119.845522, 42.871489], [-119.845492, 42.874895], [-119.84549, 42.875138], [-119.845457, 42.878788], [-119.850444, 42.878779], [-119.855431, 42.87877], [-119.860417, 42.878761], [-119.865404, 42.878753], [-119.865519, 42.875101], [-119.865526, 42.874887], [-119.865635, 42.87145], [-119.86575, 42.867798], [-119.865865, 42.864146], [-119.860795, 42.864157]]]}}, {"type": "Feature", "properties": {"PLSSID": "OR330310S0240E0", "FRSTDIVID": "OR330310S0240E0SN240", "FRSTDIVTYP": "SN", "FRSTDIVNO": "24"}, "geometry": {"type": "Polygon", "coordinates": [[[-119.840534, 42.864199], [-119.835482, 42.864209], [-119.83043, 42.864218], [-119.825378, 42.864228], [-119.82537, 42.867056], [-119.825367, 42.867875], [-119.825359, 42.870688], [-119.825357, 42.871522], [-119.825348, 42.87432], [-119.825347, 42.874899], [-119.825346, 42.875176], [-119.825338, 42.877953], [-119.825346, 42.878835], [-119.830374, 42.878823], [-119.835402, 42.878811], [-119.84043, 42.878799], [-119.845457, 42.878788], [-119.84549, 42.875138], [-119.845492, 42.874895], [-119.845522, 42.871489], [-119.845554, 42.867839], [-119.845586, 42.86419], [-119.840534, 42.864199]]]}}, {"type": "Feature", "properties": {"PLSSID": "OR330310S0240E0", "FRSTDIVID": "OR330310S0240E0SN250", "FRSTDIVTYP": "SN", "FRSTDIVNO": "25"}, "geometry": {"type": "Polygon", "coordinates": [[[-119.840545, 42.849653], [-119.835504, 42.84966], [-119.830462, 42.849667], [-119.82542, 42.849675], [-119.825412, 42.852526], [-119.82541, 42.853316], [-119.825401, 42.856158], [-119.825399, 42.856958], [-119.825391, 42.859791], [-119.825389, 42.860593], [-119.82538, 42.863423], [-119.825378, 42.864228], [-119.83043, 42.864218], [-119.835482, 42.864209], [-119.840534, 42.864199], [-119.845586, 42.86419], [-119.845586, 42.860554], [-119.845587, 42.856918], [-119.845587, 42.853282], [-119.845587, 42.849646], [-119.840545, 42.849653]]]}}, {"type": "Feature", "properties": {"PLSSID": "OR330310S0240E0", "FRSTDIVID": "OR330310S0240E0SN260", "FRSTDIVTYP": "SN", "FRSTDIVNO": "26"}, "geometry": {"type": "Polygon", "coordinates": [[[-119.845587, 42.853282], [-119.845587, 42.856918], [-119.845586, 42.860554], [-119.845586, 42.86419], [-119.850656, 42.864179], [-119.855726, 42.864168], [-119.860795, 42.864157], [-119.865865, 42.864146], [-119.865872, 42.860529], [-119.865879, 42.856912], [-119.865886, 42.853295], [-119.865893, 42.849677], [-119.860816, 42.84967], [-119.85574, 42.849662], [-119.850663, 42.849654], [-119.845587, 42.849646], [-119.845587, 42.853282]]]}}, {"type": "Feature", "properties": {"PLSSID": "OR330310S0240E0", "FRSTDIVID": "OR330310S0240E0SN270", "FRSTDIVTYP": "SN", "FRSTDIVNO": "27"}, "geometry": {"type": "Polygon", "coordinates": [[[-119.880521, 42.849547], [-119.876083, 42.849587], [-119.875645, 42.849591], [-119.870769, 42.849634], [-119.865893, 42.849677], [-119.865886, 42.853295], [-119.865879, 42.856912], [-119.865872, 42.860529], [-119.865865, 42.864146], [-119.870812, 42.864098], [-119.875759, 42.86405], [-119.876082, 42.864047], [-119.880705, 42.864003], [-119.885652, 42.863955], [-119.885588, 42.860342], [-119.885524, 42.856729], [-119.88546, 42.853117], [-119.885397, 42.849504], [-119.880521, 42.849547]]]}}, {"type": "Feature", "properties": {"PLSSID": "OR330310S0240E0", "FRSTDIVID": "OR330310S0240E0SN280", "FRSTDIVTYP": "SN", "FRSTDIVNO": "28"}, "geometry": {"type": "Polygon", "coordinates": [[[-119.88546, 42.853117], [-119.885524, 42.856729], [-119.885588, 42.860342], [-119.885652, 42.863955], [-119.890448, 42.863994], [-119.895244, 42.864034], [-119.90004, 42.864074], [-119.904836, 42.864114], [-119.904904, 42.860469], [-119.904973, 42.856824], [-119.905041, 42.853179], [-119.90511, 42.849534], [-119.900181, 42.849527], [-119.895253, 42.849519], [-119.890325, 42.849512], [-119.885397, 42.849504], [-119.88546, 42.853117]]]}}, {"type": "Feature", "properties": {"PLSSID": "OR330310S0240E0", "FRSTDIVID": "OR330310S0240E0SN290", "FRSTDIVTYP": "SN", "FRSTDIVNO": "29"}, "geometry": {"type": "Polygon", "coordinates": [[[-119.919788, 42.849533], [-119.914895, 42.849534], [-119.910002, 42.849534], [-119.90511, 42.849534], [-119.905041, 42.853179], [-119.904973, 42.856824], [-119.904904, 42.860469], [-119.904836, 42.864114], [-119.90975, 42.864138], [-119.914664, 42.864163], [-119.919578, 42.864188], [-119.924492, 42.864213], [-119.924539, 42.860543], [-119.924586, 42.856873], [-119.924633, 42.853203], [-119.92468, 42.849533], [-119.919788, 42.849533]]]}}, {"type": "Feature", "properties": {"PLSSID": "OR330310S0240E0", "FRSTDIVID": "OR330310S0240E0SN300", "FRSTDIVTYP": "SN", "FRSTDIVNO": "30"}, "geometry": {"type": "Polygon", "coordinates": [[[-119.939371, 42.849505], [-119.934477, 42.849519], [-119.929579, 42.849526], [-119.92468, 42.849533], [-119.924633, 42.853203], [-119.924586, 42.856873], [-119.924539, 42.860543], [-119.924492, 42.864213], [-119.929423, 42.864215], [-119.934354, 42.864218], [-119.939321, 42.864217], [-119.943597, 42.864215], [-119.943593, 42.860534], [-119.943588, 42.856854], [-119.943593, 42.853172], [-119.943599, 42.849491], [-119.939371, 42.849505]]]}}, {"type": "Feature", "properties": {"PLSSID": "OR330310S0240E0", "FRSTDIVID": "OR330310S0240E0SN310", "FRSTDIVTYP": "SN", "FRSTDIVNO": "31"}, "geometry": {"type": "Polygon", "coordinates": [[[-119.939367, 42.834836], [-119.934527, 42.834856], [-119.929687, 42.834875], [-119.924847, 42.834895], [-119.924805, 42.838554], [-119.924764, 42.842214], [-119.924722, 42.845873], [-119.92468, 42.849533], [-119.929579, 42.849526], [-119.934477, 42.849519], [-119.939371, 42.849505], [-119.943599, 42.849491], [-119.943601, 42.845822], [-119.943604, 42.842153], [-119.943601, 42.838486], [-119.943598, 42.834819], [-119.939367, 42.834836]]]}}, {"type": "Feature", "properties": {"PLSSID": "OR330310S0240E0", "FRSTDIVID": "OR330310S0240E0SN320", "FRSTDIVTYP": "SN", "FRSTDIVNO": "32"}, "geometry": {"type": "Polygon", "coordinates": [[[-119.920007, 42.834914], [-119.915167, 42.834934], [-119.910327, 42.834953], [-119.905487, 42.834972], [-119.905393, 42.838613], [-119.905298, 42.842254], [-119.905204, 42.845894], [-119.90511, 42.849534], [-119.910002, 42.849534], [-119.914895, 42.849534], [-119.919788, 42.849533], [-119.92468, 42.849533], [-119.924722, 42.845873], [-119.924764, 42.842214], [-119.924805, 42.838554], [-119.924847, 42.834895], [-119.920007, 42.834914]]]}}, {"type": "Feature", "properties": {"PLSSID": "OR330310S0240E0", "FRSTDIVID": "OR330310S0240E0SN330", "FRSTDIVTYP": "SN", "FRSTDIVNO": "33"}, "geometry": {"type": "Polygon", "coordinates": [[[-119.900485, 42.83498], [-119.895484, 42.834988], [-119.890482, 42.834996], [-119.885481, 42.835004], [-119.88546, 42.838629], [-119.885439, 42.842254], [-119.885418, 42.845879], [-119.885397, 42.849504], [-119.890325, 42.849512], [-119.895253, 42.849519], [-119.900181, 42.849527], [-119.90511, 42.849534], [-119.905204, 42.845894], [-119.905298, 42.842254], [-119.905393, 42.838613], [-119.905487, 42.834972], [-119.900485, 42.83498]]]}}, {"type": "Feature", "properties": {"PLSSID": "OR330310S0240E0", "FRSTDIVID": "OR330310S0240E0SN340", "FRSTDIVTYP": "SN", "FRSTDIVNO": "34"}, "geometry": {"type": "Polygon", "coordinates": [[[-119.880479, 42.835012], [-119.876083, 42.835019], [-119.875478, 42.835019], [-119.870476, 42.835027], [-119.865475, 42.835035], [-119.865579, 42.838696], [-119.865684, 42.842356], [-119.865788, 42.846017], [-119.865893, 42.849677], [-119.870769, 42.849634], [-119.875645, 42.849591], [-119.876083, 42.849587], [-119.880521, 42.849547], [-119.885397, 42.849504], [-119.885418, 42.845879], [-119.885439, 42.842254], [-119.88546, 42.838629], [-119.885481, 42.835004], [-119.880479, 42.835012]]]}}, {"type": "Feature", "properties": {"PLSSID": "OR330310S0240E0", "FRSTDIVID": "OR330310S0240E0SN350", "FRSTDIVTYP": "SN", "FRSTDIVNO": "35"}, "geometry": {"type": "Polygon", "coordinates": [[[-119.860473, 42.835043], [-119.855472, 42.835051], [-119.85047, 42.835059], [-119.845469, 42.835067], [-119.845498, 42.838711], [-119.845528, 42.842356], [-119.845557, 42.846001], [-119.845587, 42.849646], [-119.850663, 42.849654], [-119.85574, 42.849662], [-119.860816, 42.84967], [-119.865893, 42.849677], [-119.865788, 42.846017], [-119.865684, 42.842356], [-119.865579, 42.838696], [-119.865475, 42.835035], [-119.860473, 42.835043]]]}}, {"type": "Feature", "properties": {"PLSSID": "OR330310S0240E0", "FRSTDIVID": "OR330310S0240E0SN360", "FRSTDIVTYP": "SN", "FRSTDIVNO": "36"}, "geometry": {"type": "Polygon", "coordinates": [[[-119.840467, 42.835074], [-119.835466, 42.835082], [-119.830464, 42.83509], [-119.825463, 42.835098], [-119.825454, 42.837997], [-119.825452, 42.838743], [-119.825444, 42.841629], [-119.825442, 42.842388], [-119.825433, 42.845261], [-119.825431, 42.846031], [-119.825423, 42.848894], [-119.82542, 42.849675], [-119.830462, 42.849667], [-119.835504, 42.84966], [-119.840545, 42.849653], [-119.845587, 42.849646], [-119.845557, 42.846001], [-119.845528, 42.842356], [-119.845498, 42.838711], [-119.845469, 42.835067], [-119.840467, 42.835074]]]}}, {"type": "Feature", "properties": {"PLSSID": "OR330310S0230E0", "FRSTDIVID": "OR330310S0230E0SN010", "FRSTDIVTYP": "SN", "FRSTDIVNO": "01"}, "geometry": {"type": "Polygon", "coordinates": [[[-119.959636, 42.90816], [-119.954687, 42.908162], [-119.94914, 42.908202], [-119.943593, 42.908242], [-119.943549, 42.91191], [-119.943506, 42.915578], [-119.943518, 42.917084], [-119.946466, 42.917106], [-119.948528, 42.917122], [-119.951396, 42.917143], [-119.953539, 42.917152], [-119.956335, 42.917163], [-119.95855, 42.917172], [-119.961275, 42.917183], [-119.963561, 42.917184], [-119.964612, 42.915446], [-119.964598, 42.911802], [-119.964585, 42.908157], [-119.959636, 42.90816]]]}}, {"type": "Feature", "properties": {"PLSSID": "OR330310S0230E0", "FRSTDIVID": "OR330310S0230E0SN120", "FRSTDIVTYP": "SN", "FRSTDIVNO": "12"}, "geometry": {"type": "Polygon", "coordinates": [[[-119.958598, 42.893549], [-119.95361, 42.893562], [-119.948633, 42.893576], [-119.943657, 42.893589], [-119.943579, 42.89725], [-119.943501, 42.900912], [-119.943547, 42.904577], [-119.943593, 42.908242], [-119.94914, 42.908202], [-119.954687, 42.908162], [-119.959636, 42.90816], [-119.964585, 42.908157], [-119.964558, 42.904501], [-119.964531, 42.900844], [-119.964058, 42.89719], [-119.963585, 42.893536], [-119.958598, 42.893549]]]}}, {"type": "Feature", "properties": {"PLSSID": "OR330310S0230E0", "FRSTDIVID": "OR330310S0230E0SN130", "FRSTDIVTYP": "SN", "FRSTDIVNO": "13"}, "geometry": {"type": "Polygon", "coordinates": [[[-119.958572, 42.878846], [-119.953546, 42.878857], [-119.948592, 42.878906], [-119.943637, 42.878954], [-119.943639, 42.882615], [-119.943641, 42.886276], [-119.943649, 42.889932], [-119.943657, 42.893589], [-119.948633, 42.893576], [-119.95361, 42.893562], [-119.958598, 42.893549], [-119.963585, 42.893536], [-119.963566, 42.889869], [-119.963547, 42.886202], [-119.963572, 42.882518], [-119.963597, 42.878835], [-119.958572, 42.878846]]]}}, {"type": "Feature", "properties": {"PLSSID": "OR330310S0230E0", "FRSTDIVID": "OR330310S0230E0SN240", "FRSTDIVTYP": "SN", "FRSTDIVNO": "24"}, "geometry": {"type": "Polygon", "coordinates": [[[-119.948591, 42.864184], [-119.943597, 42.864215], [-119.943617, 42.867897], [-119.943636, 42.871578], [-119.943637, 42.874898], [-119.943637, 42.875266], [-119.943637, 42.878954], [-119.948592, 42.878906], [-119.953546, 42.878857], [-119.958572, 42.878846], [-119.963597, 42.878835], [-119.963557, 42.875171], [-119.963554, 42.874896], [-119.963516, 42.871508], [-119.963531, 42.867904], [-119.963546, 42.864301], [-119.958565, 42.864227], [-119.953585, 42.864153], [-119.948591, 42.864184]]]}}, {"type": "Feature", "properties": {"PLSSID": "OR330310S0230E0", "FRSTDIVID": "OR330310S0230E0SN250", "FRSTDIVTYP": "SN", "FRSTDIVNO": "25"}, "geometry": {"type": "Polygon", "coordinates": [[[-119.958565, 42.864227], [-119.963546, 42.864301], [-119.963543, 42.860651], [-119.96354, 42.857002], [-119.963573, 42.853226], [-119.963606, 42.84945], [-119.958586, 42.849424], [-119.953566, 42.849399], [-119.948582, 42.849445], [-119.943599, 42.849491], [-119.943593, 42.853172], [-119.943588, 42.856854], [-119.943593, 42.860534], [-119.943597, 42.864215], [-119.948591, 42.864184], [-119.953585, 42.864153], [-119.958565, 42.864227]]]}}, {"type": "Feature", "properties": {"PLSSID": "OR330310S0230E0", "FRSTDIVID": "OR330310S0230E0SN360", "FRSTDIVTYP": "SN", "FRSTDIVNO": "36"}, "geometry": {"type": "Polygon", "coordinates": [[[-119.943599, 42.849491], [-119.948582, 42.849445], [-119.953566, 42.849399], [-119.958586, 42.849424], [-119.963606, 42.84945], [-119.963586, 42.845741], [-119.963566, 42.842031], [-119.96359, 42.838436], [-119.963615, 42.834841], [-119.95861, 42.834835], [-119.953606, 42.83483], [-119.948602, 42.834825], [-119.943598, 42.834819], [-119.943601, 42.838486], [-119.943604, 42.842153], [-119.943601, 42.845822], [-119.943599, 42.849491]]]}}, {"type": "Feature", "properties": {"PLSSID": "OR330300S0290E0", "FRSTDIVID": "OR330300S0290E0SN190", "FRSTDIVTYP": "SN", "FRSTDIVNO": "19"}, "geometry": {"type": "Polygon", "coordinates": [[[-119.330747, 42.943499], [-119.325805, 42.943512], [-119.32085, 42.94354], [-119.315895, 42.943568], [-119.315918, 42.94719], [-119.315941, 42.950812], [-119.315965, 42.954434], [-119.315988, 42.958057], [-119.320939, 42.958037], [-119.32589, 42.958016], [-119.330831, 42.958006], [-119.337394, 42.957989], [-119.337392, 42.955394], [-119.337391, 42.95436], [-119.33739, 42.951765], [-119.337389, 42.950731], [-119.337387, 42.948136], [-119.337387, 42.947102], [-119.337385, 42.944507], [-119.337383, 42.943474], [-119.330747, 42.943499]]]}}, {"type": "Feature", "properties": {"PLSSID": "OR330300S0290E0", "FRSTDIVID": "OR330300S0290E0SN200", "FRSTDIVTYP": "SN", "FRSTDIVNO": "20"}, "geometry": {"type": "Polygon", "coordinates": [[[-119.310972, 42.943572], [-119.306049, 42.943576], [-119.301126, 42.94358], [-119.296202, 42.943584], [-119.296227, 42.947201], [-119.296252, 42.950819], [-119.296276, 42.954436], [-119.296301, 42.958054], [-119.301222, 42.958054], [-119.306144, 42.958055], [-119.311066, 42.958056], [-119.315988, 42.958057], [-119.315965, 42.954434], [-119.315941, 42.950812], [-119.315918, 42.94719], [-119.315895, 42.943568], [-119.310972, 42.943572]]]}}, {"type": "Feature", "properties": {"PLSSID": "OR330300S0290E0", "FRSTDIVID": "OR330300S0290E0SN290", "FRSTDIVTYP": "SN", "FRSTDIVNO": "29"}, "geometry": {"type": "Polygon", "coordinates": [[[-119.31243, 42.929091], [-119.310985, 42.929092], [-119.307495, 42.929098], [-119.30605, 42.929099], [-119.302559, 42.929104], [-119.301115, 42.929105], [-119.297624, 42.929111], [-119.296179, 42.929111], [-119.296185, 42.932729], [-119.296191, 42.936348], [-119.296197, 42.939966], [-119.296202, 42.943584], [-119.301126, 42.94358], [-119.306049, 42.943576], [-119.310972, 42.943572], [-119.315895, 42.943568], [-119.315902, 42.939947], [-119.315908, 42.936327], [-119.315914, 42.932706], [-119.315921, 42.929086], [-119.31243, 42.929091]]]}}, {"type": "Feature", "properties": {"PLSSID": "OR330300S0290E0", "FRSTDIVID": "OR330300S0290E0SN300", "FRSTDIVTYP": "SN", "FRSTDIVNO": "30"}, "geometry": {"type": "Polygon", "coordinates": [[[-119.332344, 42.929058], [-119.33074, 42.92906], [-119.327404, 42.929067], [-119.3258, 42.929069], [-119.322464, 42.929076], [-119.32086, 42.929078], [-119.317524, 42.929085], [-119.315921, 42.929086], [-119.315914, 42.932706], [-119.315908, 42.936327], [-119.315902, 42.939947], [-119.315895, 42.943568], [-119.32085, 42.94354], [-119.325805, 42.943512], [-119.330747, 42.943499], [-119.337383, 42.943474], [-119.337378, 42.94088], [-119.337376, 42.939863], [-119.337371, 42.937252], [-119.337369, 42.936253], [-119.337364, 42.933625], [-119.337361, 42.932643], [-119.337356, 42.929997], [-119.337356, 42.929042], [-119.332344, 42.929058]]]}}, {"type": "Feature", "properties": {"PLSSID": "OR330300S0290E0", "FRSTDIVID": "OR330300S0290E0SN310", "FRSTDIVTYP": "SN", "FRSTDIVNO": "31"}, "geometry": {"type": "Polygon", "coordinates": [[[-119.324898, 42.915445], [-119.322405, 42.915448], [-119.320873, 42.91545], [-119.317943, 42.915453], [-119.317473, 42.915453], [-119.31748, 42.918247], [-119.317491, 42.921863], [-119.317508, 42.925474], [-119.317524, 42.929085], [-119.32086, 42.929078], [-119.322464, 42.929076], [-119.3258, 42.929069], [-119.327404, 42.929067], [-119.33074, 42.92906], [-119.332344, 42.929058], [-119.337356, 42.929042], [-119.337334, 42.926374], [-119.337326, 42.925406], [-119.337304, 42.922738], [-119.337296, 42.921771], [-119.337274, 42.919102], [-119.337266, 42.918135], [-119.337244, 42.915467], [-119.335705, 42.915464], [-119.335202, 42.915463], [-119.332262, 42.915457], [-119.331882, 42.915456], [-119.330747, 42.915454], [-119.327335, 42.915447], [-119.32579, 42.915444], [-119.324898, 42.915445]]]}}, {"type": "Feature", "properties": {"PLSSID": "OR330300S0290E0", "FRSTDIVID": "OR330300S0290E0SN320", "FRSTDIVTYP": "SN", "FRSTDIVNO": "32"}, "geometry": {"type": "Polygon", "coordinates": [[[-119.297629, 42.918266], [-119.29763, 42.921883], [-119.297627, 42.925497], [-119.297624, 42.929111], [-119.301115, 42.929105], [-119.302559, 42.929104], [-119.30605, 42.929099], [-119.307495, 42.929098], [-119.310985, 42.929092], [-119.31243, 42.929091], [-119.315921, 42.929086], [-119.317524, 42.929085], [-119.317508, 42.925474], [-119.317491, 42.921863], [-119.31748, 42.918247], [-119.317473, 42.915453], [-119.315956, 42.915455], [-119.312513, 42.915459], [-119.311042, 42.915461], [-119.311039, 42.915461], [-119.310785, 42.915461], [-119.307552, 42.915465], [-119.306122, 42.915466], [-119.305411, 42.915464], [-119.30259, 42.915457], [-119.301195, 42.915453], [-119.297628, 42.915444], [-119.297629, 42.918266]]]}}, {"type": "Feature", "properties": {"PLSSID": "OR330300S0280E0", "FRSTDIVID": "OR330300S0280E0SN190", "FRSTDIVTYP": "SN", "FRSTDIVNO": "19"}, "geometry": {"type": "Polygon", "coordinates": [[[-119.450987, 42.944364], [-119.446065, 42.944366], [-119.441149, 42.944369], [-119.436233, 42.944373], [-119.436249, 42.948019], [-119.436265, 42.951666], [-119.436282, 42.955313], [-119.436298, 42.95896], [-119.441228, 42.958992], [-119.446158, 42.959025], [-119.451088, 42.959041], [-119.456612, 42.959062], [-119.456609, 42.955841], [-119.456609, 42.955376], [-119.456608, 42.95218], [-119.456608, 42.951691], [-119.456606, 42.94852], [-119.456606, 42.948006], [-119.456604, 42.94486], [-119.456573, 42.944362], [-119.450987, 42.944364]]]}}, {"type": "Feature", "properties": {"PLSSID": "OR330300S0280E0", "FRSTDIVID": "OR330300S0280E0SN200", "FRSTDIVTYP": "SN", "FRSTDIVNO": "20"}, "geometry": {"type": "Polygon", "coordinates": [[[-119.431281, 42.944391], [-119.426329, 42.944409], [-119.421377, 42.944427], [-119.416425, 42.944445], [-119.416444, 42.94805], [-119.416463, 42.951655], [-119.416483, 42.95526], [-119.416502, 42.958865], [-119.421451, 42.958889], [-119.4264, 42.958912], [-119.431349, 42.958936], [-119.436298, 42.95896], [-119.436282, 42.955313], [-119.436265, 42.951666], [-119.436249, 42.948019], [-119.436233, 42.944373], [-119.431281, 42.944391]]]}}, {"type": "Feature", "properties": {"PLSSID": "OR330300S0280E0", "FRSTDIVID": "OR330300S0280E0SN210", "FRSTDIVTYP": "SN", "FRSTDIVNO": "21"}, "geometry": {"type": "Polygon", "coordinates": [[[-119.411476, 42.944453], [-119.406527, 42.944461], [-119.401578, 42.944469], [-119.39663, 42.944478], [-119.396645, 42.948092], [-119.39666, 42.951707], [-119.396675, 42.955322], [-119.39669, 42.958937], [-119.401643, 42.958919], [-119.406596, 42.958901], [-119.411549, 42.958883], [-119.416502, 42.958865], [-119.416483, 42.95526], [-119.416463, 42.951655], [-119.416444, 42.94805], [-119.416425, 42.944445], [-119.411476, 42.944453]]]}}, {"type": "Feature", "properties": {"PLSSID": "OR330300S0280E0", "FRSTDIVID": "OR330300S0280E0SN220", "FRSTDIVTYP": "SN", "FRSTDIVNO": "22"}, "geometry": {"type": "Polygon", "coordinates": [[[-119.39168, 42.944482], [-119.38673, 42.944486], [-119.38178, 42.944491], [-119.37683, 42.944495], [-119.376848, 42.948109], [-119.376867, 42.951722], [-119.376885, 42.955336], [-119.376903, 42.95895], [-119.38185, 42.958947], [-119.386797, 42.958943], [-119.391743, 42.95894], [-119.39669, 42.958937], [-119.396675, 42.955322], [-119.39666, 42.951707], [-119.396645, 42.948092], [-119.39663, 42.944478], [-119.39168, 42.944482]]]}}, {"type": "Feature", "properties": {"PLSSID": "OR330300S0280E0", "FRSTDIVID": "OR330300S0280E0SN230", "FRSTDIVTYP": "SN", "FRSTDIVNO": "23"}, "geometry": {"type": "Polygon", "coordinates": [[[-119.376068, 42.9445], [-119.376065, 42.9445], [-119.371892, 42.944527], [-119.366953, 42.944559], [-119.362015, 42.944591], [-119.357077, 42.944622], [-119.357091, 42.948224], [-119.357104, 42.951825], [-119.357118, 42.955426], [-119.357132, 42.959027], [-119.362075, 42.959008], [-119.367018, 42.958988], [-119.37196, 42.958969], [-119.376065, 42.958953], [-119.376068, 42.958953], [-119.376903, 42.95895], [-119.376885, 42.955336], [-119.376867, 42.951722], [-119.376848, 42.948109], [-119.37683, 42.944495], [-119.376068, 42.9445]]]}}, {"type": "Feature", "properties": {"PLSSID": "OR330300S0280E0", "FRSTDIVID": "OR330300S0280E0SN240", "FRSTDIVTYP": "SN", "FRSTDIVNO": "24"}, "geometry": {"type": "Polygon", "coordinates": [[[-119.337387, 42.947102], [-119.337387, 42.948136], [-119.337389, 42.950731], [-119.33739, 42.951765], [-119.337391, 42.95436], [-119.337392, 42.955394], [-119.337394, 42.957989], [-119.337395, 42.959023], [-119.342329, 42.959024], [-119.347263, 42.959025], [-119.352198, 42.959026], [-119.357132, 42.959027], [-119.357118, 42.955426], [-119.357104, 42.951825], [-119.357091, 42.948224], [-119.357077, 42.944622], [-119.352154, 42.944594], [-119.347231, 42.944565], [-119.342308, 42.944536], [-119.337385, 42.944507], [-119.337387, 42.947102]]]}}, {"type": "Feature", "properties": {"PLSSID": "OR330300S0280E0", "FRSTDIVID": "OR330300S0280E0SN250", "FRSTDIVTYP": "SN", "FRSTDIVNO": "25"}, "geometry": {"type": "Polygon", "coordinates": [[[-119.337361, 42.932643], [-119.337364, 42.933625], [-119.337369, 42.936253], [-119.337371, 42.937252], [-119.337376, 42.939863], [-119.337378, 42.94088], [-119.337383, 42.943474], [-119.337385, 42.944507], [-119.342308, 42.944536], [-119.347231, 42.944565], [-119.352154, 42.944594], [-119.357077, 42.944622], [-119.357061, 42.940992], [-119.357046, 42.937362], [-119.35703, 42.933731], [-119.357014, 42.930101], [-119.3521, 42.930075], [-119.347185, 42.930049], [-119.342271, 42.930023], [-119.337356, 42.929997], [-119.337361, 42.932643]]]}}, {"type": "Feature", "properties": {"PLSSID": "OR330300S0280E0", "FRSTDIVID": "OR330300S0280E0SN260", "FRSTDIVTYP": "SN", "FRSTDIVNO": "26"}, "geometry": {"type": "Polygon", "coordinates": [[[-119.376068, 42.930009], [-119.376064, 42.930009], [-119.371793, 42.93003], [-119.366867, 42.930053], [-119.361941, 42.930077], [-119.357014, 42.930101], [-119.35703, 42.933731], [-119.357046, 42.937362], [-119.357061, 42.940992], [-119.357077, 42.944622], [-119.362015, 42.944591], [-119.366953, 42.944559], [-119.371892, 42.944527], [-119.376065, 42.9445], [-119.376068, 42.9445], [-119.37683, 42.944495], [-119.376802, 42.940873], [-119.376774, 42.93725], [-119.376747, 42.933628], [-119.376719, 42.930006], [-119.376068, 42.930009]]]}}, {"type": "Feature", "properties": {"PLSSID": "OR330300S0280E0", "FRSTDIVID": "OR330300S0280E0SN270", "FRSTDIVTYP": "SN", "FRSTDIVNO": "27"}, "geometry": {"type": "Polygon", "coordinates": [[[-119.391612, 42.929998], [-119.386647, 42.930001], [-119.381683, 42.930003], [-119.376719, 42.930006], [-119.376747, 42.933628], [-119.376774, 42.93725], [-119.376802, 42.940873], [-119.37683, 42.944495], [-119.38178, 42.944491], [-119.38673, 42.944486], [-119.39168, 42.944482], [-119.39663, 42.944478], [-119.396616, 42.940857], [-119.396603, 42.937236], [-119.396589, 42.933616], [-119.396576, 42.929995], [-119.391612, 42.929998]]]}}, {"type": "Feature", "properties": {"PLSSID": "OR330300S0280E0", "FRSTDIVID": "OR330300S0280E0SN280", "FRSTDIVTYP": "SN", "FRSTDIVNO": "28"}, "geometry": {"type": "Polygon", "coordinates": [[[-119.411438, 42.929962], [-119.406484, 42.929973], [-119.40153, 42.929984], [-119.396576, 42.929995], [-119.396589, 42.933616], [-119.396603, 42.937236], [-119.396616, 42.940857], [-119.39663, 42.944478], [-119.401578, 42.944469], [-119.406527, 42.944461], [-119.411476, 42.944453], [-119.416425, 42.944445], [-119.416417, 42.940822], [-119.416409, 42.937198], [-119.416401, 42.933575], [-119.416393, 42.929951], [-119.411438, 42.929962]]]}}, {"type": "Feature", "properties": {"PLSSID": "OR330300S0280E0", "FRSTDIVID": "OR330300S0280E0SN290", "FRSTDIVTYP": "SN", "FRSTDIVNO": "29"}, "geometry": {"type": "Polygon", "coordinates": [[[-119.431196, 42.929904], [-119.426262, 42.92992], [-119.421327, 42.929935], [-119.416393, 42.929951], [-119.416401, 42.933575], [-119.416409, 42.937198], [-119.416417, 42.940822], [-119.416425, 42.944445], [-119.421377, 42.944427], [-119.426329, 42.944409], [-119.431281, 42.944391], [-119.436233, 42.944373], [-119.436208, 42.940751], [-119.436182, 42.93713], [-119.436156, 42.933509], [-119.436131, 42.929888], [-119.431196, 42.929904]]]}}, {"type": "Feature", "properties": {"PLSSID": "OR330300S0280E0", "FRSTDIVID": "OR330300S0280E0SN300", "FRSTDIVTYP": "SN", "FRSTDIVNO": "30"}, "geometry": {"type": "Polygon", "coordinates": [[[-119.456529, 42.929846], [-119.450922, 42.929855], [-119.445993, 42.929861], [-119.441062, 42.929875], [-119.436131, 42.929888], [-119.436156, 42.933509], [-119.436182, 42.93713], [-119.436208, 42.940751], [-119.436233, 42.944373], [-119.441149, 42.944369], [-119.446065, 42.944366], [-119.450987, 42.944364], [-119.456573, 42.944362], [-119.456564, 42.941249], [-119.456563, 42.940731], [-119.456553, 42.937598], [-119.456552, 42.9371], [-119.456542, 42.933947], [-119.456541, 42.93347], [-119.456531, 42.930295], [-119.456531, 42.929846], [-119.456529, 42.929846]]]}}, {"type": "Feature", "properties": {"PLSSID": "OR330300S0280E0", "FRSTDIVID": "OR330300S0280E0SN310", "FRSTDIVTYP": "SN", "FRSTDIVNO": "31"}, "geometry": {"type": "Polygon", "coordinates": [[[-119.436077, 42.919047], [-119.43609, 42.922664], [-119.43611, 42.926276], [-119.436131, 42.929888], [-119.441062, 42.929875], [-119.445993, 42.929861], [-119.450922, 42.929855], [-119.456529, 42.929846], [-119.456531, 42.929846], [-119.456518, 42.926677], [-119.456517, 42.926225], [-119.456504, 42.923056], [-119.456502, 42.922604], [-119.456489, 42.919435], [-119.456487, 42.918982], [-119.456474, 42.915814], [-119.454112, 42.91581], [-119.450889, 42.915796], [-119.449146, 42.91579], [-119.445948, 42.915779], [-119.444188, 42.915774], [-119.441006, 42.915763], [-119.439265, 42.915758], [-119.436631, 42.915749], [-119.436066, 42.915747], [-119.436077, 42.919047]]]}}, {"type": "Feature", "properties": {"PLSSID": "OR330300S0280E0", "FRSTDIVID": "OR330300S0280E0SN320", "FRSTDIVTYP": "SN", "FRSTDIVNO": "32"}, "geometry": {"type": "Polygon", "coordinates": [[[-119.416381, 42.915697], [-119.416384, 42.919081], [-119.416387, 42.922703], [-119.41639, 42.926327], [-119.416393, 42.929951], [-119.421327, 42.929935], [-119.426262, 42.92992], [-119.431196, 42.929904], [-119.436131, 42.929888], [-119.43611, 42.926276], [-119.43609, 42.922664], [-119.436077, 42.919047], [-119.436066, 42.915747], [-119.434341, 42.91574], [-119.43114, 42.915729], [-119.429417, 42.915722], [-119.426749, 42.915712], [-119.426214, 42.91571], [-119.424494, 42.915704], [-119.421296, 42.915701], [-119.419563, 42.915699], [-119.416834, 42.915697], [-119.416381, 42.915697]]]}}, {"type": "Feature", "properties": {"PLSSID": "OR330300S0280E0", "FRSTDIVID": "OR330300S0280E0SN330", "FRSTDIVTYP": "SN", "FRSTDIVNO": "33"}, "geometry": {"type": "Polygon", "coordinates": [[[-119.396562, 42.91913], [-119.396566, 42.922752], [-119.396571, 42.926373], [-119.396576, 42.929995], [-119.40153, 42.929984], [-119.406484, 42.929973], [-119.411438, 42.929962], [-119.416393, 42.929951], [-119.41639, 42.926327], [-119.416387, 42.922703], [-119.416384, 42.919081], [-119.416381, 42.915697], [-119.414632, 42.915699], [-119.411425, 42.915703], [-119.409701, 42.915705], [-119.406922, 42.915709], [-119.406469, 42.915708], [-119.40477, 42.915707], [-119.401514, 42.915704], [-119.39983, 42.915703], [-119.397014, 42.9157], [-119.396558, 42.915699], [-119.396562, 42.91913]]]}}, {"type": "Feature", "properties": {"PLSSID": "OR330300S0280E0", "FRSTDIVID": "OR330300S0280E0SN340", "FRSTDIVTYP": "SN", "FRSTDIVNO": "34"}, "geometry": {"type": "Polygon", "coordinates": [[[-119.376659, 42.919136], [-119.376672, 42.922758], [-119.376695, 42.926382], [-119.376719, 42.930006], [-119.381683, 42.930003], [-119.386647, 42.930001], [-119.391612, 42.929998], [-119.396576, 42.929995], [-119.396571, 42.926373], [-119.396566, 42.922752], [-119.396562, 42.91913], [-119.396558, 42.915699], [-119.394891, 42.915696], [-119.391595, 42.91569], [-119.389951, 42.915687], [-119.387077, 42.915682], [-119.386631, 42.91568], [-119.385012, 42.915671], [-119.381644, 42.915669], [-119.380078, 42.915667], [-119.377093, 42.915664], [-119.376646, 42.915662], [-119.376659, 42.919136]]]}}, {"type": "Feature", "properties": {"PLSSID": "OR330300S0280E0", "FRSTDIVID": "OR330300S0280E0SN350", "FRSTDIVTYP": "SN", "FRSTDIVNO": "35"}, "geometry": {"type": "Polygon", "coordinates": [[[-119.356927, 42.919179], [-119.356945, 42.922812], [-119.35698, 42.926457], [-119.357014, 42.930101], [-119.361941, 42.930077], [-119.366867, 42.930053], [-119.371793, 42.93003], [-119.376064, 42.930009], [-119.376068, 42.930009], [-119.376719, 42.930006], [-119.376695, 42.926382], [-119.376672, 42.922758], [-119.376659, 42.919136], [-119.376646, 42.915662], [-119.376067, 42.915659], [-119.376064, 42.915659], [-119.375144, 42.915654], [-119.371696, 42.915636], [-119.370211, 42.915628], [-119.367065, 42.915611], [-119.366746, 42.915611], [-119.365277, 42.915608], [-119.365252, 42.915607], [-119.364204, 42.915601], [-119.361822, 42.915586], [-119.360301, 42.915576], [-119.357131, 42.915557], [-119.356909, 42.915556], [-119.356927, 42.919179]]]}}, {"type": "Feature", "properties": {"PLSSID": "OR330300S0280E0", "FRSTDIVID": "OR330300S0280E0SN360", "FRSTDIVTYP": "SN", "FRSTDIVNO": "36"}, "geometry": {"type": "Polygon", "coordinates": [[[-119.337266, 42.918135], [-119.337274, 42.919102], [-119.337296, 42.921771], [-119.337304, 42.922738], [-119.337326, 42.925406], [-119.337334, 42.926374], [-119.337356, 42.929042], [-119.337356, 42.929997], [-119.342271, 42.930023], [-119.347185, 42.930049], [-119.3521, 42.930075], [-119.357014, 42.930101], [-119.35698, 42.926457], [-119.356945, 42.922812], [-119.356927, 42.919179], [-119.356909, 42.915556], [-119.355374, 42.915549], [-119.352311, 42.915535], [-119.351993, 42.915533], [-119.351962, 42.915533], [-119.350448, 42.915526], [-119.347181, 42.915511], [-119.347077, 42.915512], [-119.346423, 42.915515], [-119.345521, 42.91552], [-119.34216, 42.915498], [-119.340591, 42.915488], [-119.338349, 42.915474], [-119.337244, 42.915467], [-119.337266, 42.918135]]]}}, {"type": "Feature", "properties": {"PLSSID": "OR330300S0270E0", "FRSTDIVID": "OR330300S0270E0SN190", "FRSTDIVTYP": "SN", "FRSTDIVNO": "19"}, "geometry": {"type": "Polygon", "coordinates": [[[-119.555702, 42.948657], [-119.555687, 42.95228], [-119.555673, 42.955902], [-119.555658, 42.959525], [-119.560584, 42.959532], [-119.565509, 42.959538], [-119.570433, 42.959547], [-119.575394, 42.959555], [-119.5754, 42.95593], [-119.575405, 42.952306], [-119.57541, 42.948682], [-119.575416, 42.945057], [-119.570493, 42.945052], [-119.56557, 42.945048], [-119.560643, 42.945041], [-119.555716, 42.945034], [-119.555702, 42.948657]]]}}, {"type": "Feature", "properties": {"PLSSID": "OR330300S0270E0", "FRSTDIVID": "OR330300S0270E0SN200", "FRSTDIVTYP": "SN", "FRSTDIVNO": "20"}, "geometry": {"type": "Polygon", "coordinates": [[[-119.535934, 42.948603], [-119.535924, 42.952231], [-119.535914, 42.955858], [-119.535904, 42.959486], [-119.540843, 42.959495], [-119.545781, 42.959505], [-119.55072, 42.959515], [-119.555658, 42.959525], [-119.555673, 42.955902], [-119.555687, 42.95228], [-119.555702, 42.948657], [-119.555716, 42.945034], [-119.550773, 42.945019], [-119.54583, 42.945005], [-119.540887, 42.94499], [-119.535944, 42.944976], [-119.535934, 42.948603]]]}}, {"type": "Feature", "properties": {"PLSSID": "OR330300S0270E0", "FRSTDIVID": "OR330300S0270E0SN210", "FRSTDIVTYP": "SN", "FRSTDIVNO": "21"}, "geometry": {"type": "Polygon", "coordinates": [[[-119.516081, 42.948565], [-119.516083, 42.952193], [-119.516084, 42.955822], [-119.516085, 42.959451], [-119.52104, 42.959459], [-119.525995, 42.959468], [-119.530949, 42.959477], [-119.535904, 42.959486], [-119.535914, 42.955858], [-119.535924, 42.952231], [-119.535934, 42.948603], [-119.535944, 42.944976], [-119.530978, 42.944966], [-119.526012, 42.944956], [-119.521046, 42.944946], [-119.51608, 42.944936], [-119.516081, 42.948565]]]}}, {"type": "Feature", "properties": {"PLSSID": "OR330300S0270E0", "FRSTDIVID": "OR330300S0270E0SN220", "FRSTDIVTYP": "SN", "FRSTDIVNO": "22"}, "geometry": {"type": "Polygon", "coordinates": [[[-119.496263, 42.948533], [-119.496261, 42.952161], [-119.49626, 42.955789], [-119.496258, 42.959417], [-119.501073, 42.959425], [-119.501215, 42.959425], [-119.506172, 42.959434], [-119.511128, 42.959442], [-119.516085, 42.959451], [-119.516084, 42.955822], [-119.516083, 42.952193], [-119.516081, 42.948565], [-119.51608, 42.944936], [-119.511126, 42.944928], [-119.506172, 42.94492], [-119.501219, 42.944912], [-119.501073, 42.944912], [-119.496265, 42.944905], [-119.496263, 42.948533]]]}}, {"type": "Feature", "properties": {"PLSSID": "OR330300S0270E0", "FRSTDIVID": "OR330300S0270E0SN230", "FRSTDIVTYP": "SN", "FRSTDIVNO": "23"}, "geometry": {"type": "Polygon", "coordinates": [[[-119.476406, 42.948512], [-119.476406, 42.952143], [-119.476407, 42.955774], [-119.476408, 42.959405], [-119.48137, 42.959408], [-119.486333, 42.959411], [-119.491295, 42.959414], [-119.496258, 42.959417], [-119.49626, 42.955789], [-119.496261, 42.952161], [-119.496263, 42.948533], [-119.496265, 42.944905], [-119.4913, 42.944899], [-119.486335, 42.944893], [-119.48137, 42.944887], [-119.476405, 42.944881], [-119.476406, 42.948512]]]}}, {"type": "Feature", "properties": {"PLSSID": "OR330300S0270E0", "FRSTDIVID": "OR330300S0270E0SN240", "FRSTDIVTYP": "SN", "FRSTDIVNO": "24"}, "geometry": {"type": "Polygon", "coordinates": [[[-119.456606, 42.948006], [-119.456606, 42.94852], [-119.456608, 42.951691], [-119.456608, 42.95218], [-119.456609, 42.955376], [-119.456609, 42.955841], [-119.456612, 42.959062], [-119.456611, 42.959501], [-119.461561, 42.959477], [-119.46651, 42.959453], [-119.471459, 42.959429], [-119.476408, 42.959405], [-119.476407, 42.955774], [-119.476406, 42.952143], [-119.476406, 42.948512], [-119.476405, 42.944881], [-119.471455, 42.944876], [-119.466504, 42.94487], [-119.461554, 42.944865], [-119.456604, 42.94486], [-119.456606, 42.948006]]]}}, {"type": "Feature", "properties": {"PLSSID": "OR330300S0270E0", "FRSTDIVID": "OR330300S0270E0SN250", "FRSTDIVTYP": "SN", "FRSTDIVNO": "25"}, "geometry": {"type": "Polygon", "coordinates": [[[-119.456541, 42.93347], [-119.456542, 42.933947], [-119.456552, 42.9371], [-119.456553, 42.937598], [-119.456563, 42.940731], [-119.456564, 42.941249], [-119.456573, 42.944362], [-119.456604, 42.94486], [-119.461554, 42.944865], [-119.466504, 42.94487], [-119.471455, 42.944876], [-119.476405, 42.944881], [-119.476414, 42.941263], [-119.476422, 42.937645], [-119.47643, 42.934027], [-119.476439, 42.930409], [-119.471462, 42.930381], [-119.466485, 42.930352], [-119.461508, 42.930324], [-119.456531, 42.930295], [-119.456541, 42.93347]]]}}, {"type": "Feature", "properties": {"PLSSID": "OR330300S0270E0", "FRSTDIVID": "OR330300S0270E0SN260", "FRSTDIVTYP": "SN", "FRSTDIVNO": "26"}, "geometry": {"type": "Polygon", "coordinates": [[[-119.47643, 42.934027], [-119.476422, 42.937645], [-119.476414, 42.941263], [-119.476405, 42.944881], [-119.48137, 42.944887], [-119.486335, 42.944893], [-119.4913, 42.944899], [-119.496265, 42.944905], [-119.496279, 42.941283], [-119.496293, 42.937662], [-119.496307, 42.93404], [-119.496321, 42.930419], [-119.49135, 42.930417], [-119.48638, 42.930414], [-119.481409, 42.930412], [-119.476439, 42.930409], [-119.47643, 42.934027]]]}}, {"type": "Feature", "properties": {"PLSSID": "OR330300S0270E0", "FRSTDIVID": "OR330300S0270E0SN270", "FRSTDIVTYP": "SN", "FRSTDIVNO": "27"}, "geometry": {"type": "Polygon", "coordinates": [[[-119.496307, 42.93404], [-119.496293, 42.937662], [-119.496279, 42.941283], [-119.496265, 42.944905], [-119.501073, 42.944912], [-119.501219, 42.944912], [-119.506172, 42.94492], [-119.511126, 42.944928], [-119.51608, 42.944936], [-119.516109, 42.941319], [-119.516138, 42.937702], [-119.516168, 42.934085], [-119.516197, 42.930468], [-119.511228, 42.930455], [-119.506259, 42.930443], [-119.50129, 42.930431], [-119.501073, 42.930431], [-119.496321, 42.930419], [-119.496307, 42.93404]]]}}, {"type": "Feature", "properties": {"PLSSID": "OR330300S0270E0", "FRSTDIVID": "OR330300S0270E0SN280", "FRSTDIVTYP": "SN", "FRSTDIVNO": "28"}, "geometry": {"type": "Polygon", "coordinates": [[[-119.516168, 42.934085], [-119.516138, 42.937702], [-119.516109, 42.941319], [-119.51608, 42.944936], [-119.521046, 42.944946], [-119.526012, 42.944956], [-119.530978, 42.944966], [-119.535944, 42.944976], [-119.535962, 42.941353], [-119.535979, 42.937731], [-119.535996, 42.934109], [-119.536014, 42.930486], [-119.531059, 42.930482], [-119.526105, 42.930477], [-119.521151, 42.930472], [-119.516197, 42.930468], [-119.516168, 42.934085]]]}}, {"type": "Feature", "properties": {"PLSSID": "OR330300S0270E0", "FRSTDIVID": "OR330300S0270E0SN290", "FRSTDIVTYP": "SN", "FRSTDIVNO": "29"}, "geometry": {"type": "Polygon", "coordinates": [[[-119.535996, 42.934109], [-119.535979, 42.937731], [-119.535962, 42.941353], [-119.535944, 42.944976], [-119.540887, 42.94499], [-119.54583, 42.945005], [-119.550773, 42.945019], [-119.555716, 42.945034], [-119.555735, 42.941412], [-119.555753, 42.93779], [-119.555771, 42.934169], [-119.555789, 42.930547], [-119.550845, 42.930532], [-119.545902, 42.930517], [-119.540958, 42.930501], [-119.536014, 42.930486], [-119.535996, 42.934109]]]}}, {"type": "Feature", "properties": {"PLSSID": "OR330300S0270E0", "FRSTDIVID": "OR330300S0270E0SN300", "FRSTDIVTYP": "SN", "FRSTDIVNO": "30"}, "geometry": {"type": "Polygon", "coordinates": [[[-119.555771, 42.934169], [-119.555753, 42.93779], [-119.555735, 42.941412], [-119.555716, 42.945034], [-119.560643, 42.945041], [-119.56557, 42.945048], [-119.570493, 42.945052], [-119.575416, 42.945057], [-119.575424, 42.941439], [-119.575432, 42.937821], [-119.57544, 42.934203], [-119.575447, 42.930585], [-119.570581, 42.930576], [-119.56565, 42.930566], [-119.56072, 42.930557], [-119.555789, 42.930547], [-119.555771, 42.934169]]]}}, {"type": "Feature", "properties": {"PLSSID": "OR330300S0270E0", "FRSTDIVID": "OR330300S0270E0SN310", "FRSTDIVTYP": "SN", "FRSTDIVNO": "31"}, "geometry": {"type": "Polygon", "coordinates": [[[-119.555818, 42.919693], [-119.555809, 42.923311], [-119.555799, 42.926929], [-119.555789, 42.930547], [-119.56072, 42.930557], [-119.56565, 42.930566], [-119.570581, 42.930576], [-119.575447, 42.930585], [-119.575455, 42.926967], [-119.575463, 42.923349], [-119.575471, 42.919731], [-119.575479, 42.916112], [-119.571947, 42.916106], [-119.570567, 42.916104], [-119.566994, 42.916097], [-119.565636, 42.916095], [-119.562041, 42.916087], [-119.560733, 42.916085], [-119.557128, 42.916077], [-119.555828, 42.916075], [-119.555818, 42.919693]]]}}, {"type": "Feature", "properties": {"PLSSID": "OR330300S0270E0", "FRSTDIVID": "OR330300S0270E0SN320", "FRSTDIVTYP": "SN", "FRSTDIVNO": "32"}, "geometry": {"type": "Polygon", "coordinates": [[[-119.536015, 42.919606], [-119.536014, 42.923233], [-119.536014, 42.92686], [-119.536014, 42.930486], [-119.540958, 42.930501], [-119.545902, 42.930517], [-119.550845, 42.930532], [-119.555789, 42.930547], [-119.555799, 42.926929], [-119.555809, 42.923311], [-119.555818, 42.919693], [-119.555828, 42.916075], [-119.552216, 42.916054], [-119.550856, 42.916046], [-119.547303, 42.916025], [-119.545884, 42.916016], [-119.542391, 42.916004], [-119.54095, 42.915998], [-119.537452, 42.915985], [-119.536015, 42.91598], [-119.536015, 42.919606]]]}}, {"type": "Feature", "properties": {"PLSSID": "OR330300S0270E0", "FRSTDIVID": "OR330300S0270E0SN330", "FRSTDIVTYP": "SN", "FRSTDIVNO": "33"}, "geometry": {"type": "Polygon", "coordinates": [[[-119.516203, 42.919573], [-119.516201, 42.923204], [-119.516199, 42.926836], [-119.516197, 42.930468], [-119.521151, 42.930472], [-119.526105, 42.930477], [-119.531059, 42.930482], [-119.536014, 42.930486], [-119.536014, 42.92686], [-119.536014, 42.923233], [-119.536015, 42.919606], [-119.536015, 42.91598], [-119.532513, 42.915972], [-119.531068, 42.915969], [-119.527574, 42.915961], [-119.52612, 42.915958], [-119.522636, 42.915947], [-119.521168, 42.915945], [-119.517688, 42.915942], [-119.516205, 42.915941], [-119.516203, 42.919573]]]}}, {"type": "Feature", "properties": {"PLSSID": "OR330300S0270E0", "FRSTDIVID": "OR330300S0270E0SN340", "FRSTDIVTYP": "SN", "FRSTDIVNO": "34"}, "geometry": {"type": "Polygon", "coordinates": [[[-119.496356, 42.919523], [-119.496344, 42.923155], [-119.496333, 42.926787], [-119.496321, 42.930419], [-119.501073, 42.930431], [-119.50129, 42.930431], [-119.506259, 42.930443], [-119.511228, 42.930455], [-119.516197, 42.930468], [-119.516199, 42.926836], [-119.516201, 42.923204], [-119.516203, 42.919573], [-119.516205, 42.915941], [-119.51274, 42.915934], [-119.511233, 42.915931], [-119.507792, 42.915924], [-119.506262, 42.915921], [-119.502844, 42.915911], [-119.501315, 42.915906], [-119.501073, 42.915905], [-119.49791, 42.915896], [-119.496368, 42.915891], [-119.496356, 42.919523]]]}}, {"type": "Feature", "properties": {"PLSSID": "OR330300S0270E0", "FRSTDIVID": "OR330300S0270E0SN350", "FRSTDIVTYP": "SN", "FRSTDIVNO": "35"}, "geometry": {"type": "Polygon", "coordinates": [[[-119.476456, 42.919497], [-119.47645, 42.923134], [-119.476444, 42.926772], [-119.476439, 42.930409], [-119.481409, 42.930412], [-119.48638, 42.930414], [-119.49135, 42.930417], [-119.496321, 42.930419], [-119.496333, 42.926787], [-119.496344, 42.923155], [-119.496356, 42.919523], [-119.496368, 42.915891], [-119.492976, 42.91589], [-119.4914, 42.91589], [-119.488042, 42.915889], [-119.486432, 42.915888], [-119.484569, 42.915885], [-119.483828, 42.915884], [-119.483142, 42.915883], [-119.483111, 42.915883], [-119.481456, 42.915876], [-119.478998, 42.915868], [-119.476461, 42.91586], [-119.476456, 42.919497]]]}}, {"type": "Feature", "properties": {"PLSSID": "OR330300S0270E0", "FRSTDIVID": "OR330300S0270E0SN360", "FRSTDIVTYP": "SN", "FRSTDIVNO": "36"}, "geometry": {"type": "Polygon", "coordinates": [[[-119.456487, 42.918982], [-119.456489, 42.919435], [-119.456502, 42.922604], [-119.456504, 42.923056], [-119.456517, 42.926225], [-119.456518, 42.926677], [-119.456531, 42.929846], [-119.456531, 42.930295], [-119.461508, 42.930324], [-119.466485, 42.930352], [-119.471462, 42.930381], [-119.476439, 42.930409], [-119.476444, 42.926772], [-119.47645, 42.923134], [-119.476456, 42.919497], [-119.476461, 42.91586], [-119.474022, 42.915854], [-119.471465, 42.915848], [-119.469047, 42.915843], [-119.46647, 42.915837], [-119.464071, 42.915831], [-119.461472, 42.915825], [-119.459084, 42.91582], [-119.456474, 42.915814], [-119.456487, 42.918982]]]}}, {"type": "Feature", "properties": {"PLSSID": "OR330300S0260E0", "FRSTDIVID": "OR330300S0260E0SN190", "FRSTDIVTYP": "SN", "FRSTDIVNO": "19"}, "geometry": {"type": "Polygon", "coordinates": [[[-119.674603, 42.948926], [-119.674601, 42.952548], [-119.674598, 42.956172], [-119.674595, 42.959795], [-119.679534, 42.959806], [-119.684473, 42.959817], [-119.689408, 42.959831], [-119.694416, 42.959845], [-119.694418, 42.956226], [-119.694419, 42.952606], [-119.694421, 42.948986], [-119.694422, 42.945366], [-119.689429, 42.94535], [-119.684484, 42.945335], [-119.679545, 42.945319], [-119.674606, 42.945303], [-119.674603, 42.948926]]]}}, {"type": "Feature", "properties": {"PLSSID": "OR330300S0260E0", "FRSTDIVID": "OR330300S0260E0SN200", "FRSTDIVTYP": "SN", "FRSTDIVNO": "20"}, "geometry": {"type": "Polygon", "coordinates": [[[-119.654853, 42.948849], [-119.654845, 42.952475], [-119.654838, 42.956102], [-119.65483, 42.959728], [-119.659771, 42.959745], [-119.664713, 42.959761], [-119.669654, 42.959778], [-119.674595, 42.959795], [-119.674598, 42.956172], [-119.674601, 42.952548], [-119.674603, 42.948926], [-119.674606, 42.945303], [-119.669669, 42.945283], [-119.664733, 42.945263], [-119.659797, 42.945243], [-119.65486, 42.945223], [-119.654853, 42.948849]]]}}, {"type": "Feature", "properties": {"PLSSID": "OR330300S0260E0", "FRSTDIVID": "OR330300S0260E0SN210", "FRSTDIVTYP": "SN", "FRSTDIVNO": "21"}, "geometry": {"type": "Polygon", "coordinates": [[[-119.635045, 42.948789], [-119.635018, 42.952416], [-119.63499, 42.956043], [-119.634963, 42.95967], [-119.63993, 42.959685], [-119.644896, 42.959699], [-119.649863, 42.959714], [-119.65483, 42.959728], [-119.654838, 42.956102], [-119.654845, 42.952475], [-119.654853, 42.948849], [-119.65486, 42.945223], [-119.649913, 42.945207], [-119.644966, 42.945192], [-119.64002, 42.945177], [-119.635073, 42.945162], [-119.635045, 42.948789]]]}}, {"type": "Feature", "properties": {"PLSSID": "OR330300S0260E0", "FRSTDIVID": "OR330300S0260E0SN220", "FRSTDIVTYP": "SN", "FRSTDIVNO": "22"}, "geometry": {"type": "Polygon", "coordinates": [[[-119.615091, 42.948766], [-119.615086, 42.952381], [-119.615082, 42.955995], [-119.615078, 42.95961], [-119.620049, 42.959625], [-119.62502, 42.95964], [-119.626077, 42.959643], [-119.629992, 42.959655], [-119.634963, 42.95967], [-119.63499, 42.956043], [-119.635018, 42.952416], [-119.635045, 42.948789], [-119.635073, 42.945162], [-119.630078, 42.945159], [-119.626077, 42.945157], [-119.625084, 42.945157], [-119.620089, 42.945154], [-119.615095, 42.945152], [-119.615091, 42.948766]]]}}, {"type": "Feature", "properties": {"PLSSID": "OR330300S0260E0", "FRSTDIVID": "OR330300S0260E0SN230", "FRSTDIVTYP": "SN", "FRSTDIVNO": "23"}, "geometry": {"type": "Polygon", "coordinates": [[[-119.610104, 42.959609], [-119.615078, 42.95961], [-119.615082, 42.955995], [-119.615086, 42.952381], [-119.615091, 42.948766], [-119.615095, 42.945152], [-119.610119, 42.945142], [-119.605144, 42.945132], [-119.600168, 42.945123], [-119.595193, 42.945113], [-119.595191, 42.948737], [-119.595188, 42.952361], [-119.595186, 42.955985], [-119.595184, 42.959609], [-119.600157, 42.959609], [-119.605131, 42.959609], [-119.610104, 42.959609]]]}}, {"type": "Feature", "properties": {"PLSSID": "OR330300S0260E0", "FRSTDIVID": "OR330300S0260E0SN240", "FRSTDIVTYP": "SN", "FRSTDIVNO": "24"}, "geometry": {"type": "Polygon", "coordinates": [[[-119.57541, 42.948682], [-119.575405, 42.952306], [-119.5754, 42.95593], [-119.575394, 42.959555], [-119.580342, 42.959569], [-119.585289, 42.959582], [-119.590236, 42.959596], [-119.595184, 42.959609], [-119.595186, 42.955985], [-119.595188, 42.952361], [-119.595191, 42.948737], [-119.595193, 42.945113], [-119.590249, 42.945099], [-119.585305, 42.945085], [-119.58036, 42.945071], [-119.575416, 42.945057], [-119.57541, 42.948682]]]}}, {"type": "Feature", "properties": {"PLSSID": "OR330300S0260E0", "FRSTDIVID": "OR330300S0260E0SN250", "FRSTDIVTYP": "SN", "FRSTDIVNO": "25"}, "geometry": {"type": "Polygon", "coordinates": [[[-119.57544, 42.934203], [-119.575432, 42.937821], [-119.575424, 42.941439], [-119.575416, 42.945057], [-119.58036, 42.945071], [-119.585305, 42.945085], [-119.590249, 42.945099], [-119.595193, 42.945113], [-119.595214, 42.941495], [-119.595235, 42.937877], [-119.595257, 42.934259], [-119.595278, 42.930641], [-119.59032, 42.930627], [-119.585363, 42.930613], [-119.580405, 42.930599], [-119.575447, 42.930585], [-119.57544, 42.934203]]]}}, {"type": "Feature", "properties": {"PLSSID": "OR330300S0260E0", "FRSTDIVID": "OR330300S0260E0SN260", "FRSTDIVTYP": "SN", "FRSTDIVNO": "26"}, "geometry": {"type": "Polygon", "coordinates": [[[-119.595257, 42.934259], [-119.595235, 42.937877], [-119.595214, 42.941495], [-119.595193, 42.945113], [-119.600168, 42.945123], [-119.605144, 42.945132], [-119.610119, 42.945142], [-119.615095, 42.945152], [-119.615105, 42.941529], [-119.615116, 42.937907], [-119.615127, 42.934285], [-119.615138, 42.930662], [-119.610173, 42.930657], [-119.605207, 42.930652], [-119.600243, 42.930646], [-119.595278, 42.930641], [-119.595257, 42.934259]]]}}, {"type": "Feature", "properties": {"PLSSID": "OR330300S0260E0", "FRSTDIVID": "OR330300S0260E0SN270", "FRSTDIVTYP": "SN", "FRSTDIVNO": "27"}, "geometry": {"type": "Polygon", "coordinates": [[[-119.630081, 42.930657], [-119.626077, 42.930658], [-119.6251, 42.930659], [-119.620119, 42.930661], [-119.615138, 42.930662], [-119.615127, 42.934285], [-119.615116, 42.937907], [-119.615105, 42.941529], [-119.615095, 42.945152], [-119.620089, 42.945154], [-119.625084, 42.945157], [-119.626077, 42.945157], [-119.630078, 42.945159], [-119.635073, 42.945162], [-119.63507, 42.941535], [-119.635067, 42.937908], [-119.635064, 42.934282], [-119.635062, 42.930655], [-119.630081, 42.930657]]]}}, {"type": "Feature", "properties": {"PLSSID": "OR330300S0260E0", "FRSTDIVID": "OR330300S0260E0SN280", "FRSTDIVTYP": "SN", "FRSTDIVNO": "28"}, "geometry": {"type": "Polygon", "coordinates": [[[-119.635064, 42.934282], [-119.635067, 42.937908], [-119.63507, 42.941535], [-119.635073, 42.945162], [-119.64002, 42.945177], [-119.644966, 42.945192], [-119.649913, 42.945207], [-119.65486, 42.945223], [-119.654862, 42.9416], [-119.654864, 42.937977], [-119.654867, 42.934355], [-119.654869, 42.930732], [-119.649917, 42.930713], [-119.644965, 42.930694], [-119.640014, 42.930674], [-119.635062, 42.930655], [-119.635064, 42.934282]]]}}, {"type": "Feature", "properties": {"PLSSID": "OR330300S0260E0", "FRSTDIVID": "OR330300S0260E0SN290", "FRSTDIVTYP": "SN", "FRSTDIVNO": "29"}, "geometry": {"type": "Polygon", "coordinates": [[[-119.654867, 42.934355], [-119.654864, 42.937977], [-119.654862, 42.9416], [-119.65486, 42.945223], [-119.659797, 42.945243], [-119.664733, 42.945263], [-119.669669, 42.945283], [-119.674606, 42.945303], [-119.674603, 42.941679], [-119.6746, 42.938056], [-119.674597, 42.934433], [-119.674594, 42.930809], [-119.669663, 42.93079], [-119.664732, 42.930771], [-119.6598, 42.930752], [-119.654869, 42.930732], [-119.654867, 42.934355]]]}}, {"type": "Feature", "properties": {"PLSSID": "OR330300S0260E0", "FRSTDIVID": "OR330300S0260E0SN300", "FRSTDIVTYP": "SN", "FRSTDIVNO": "30"}, "geometry": {"type": "Polygon", "coordinates": [[[-119.674597, 42.934433], [-119.6746, 42.938056], [-119.674603, 42.941679], [-119.674606, 42.945303], [-119.679545, 42.945319], [-119.684484, 42.945335], [-119.689429, 42.94535], [-119.694422, 42.945366], [-119.694424, 42.941746], [-119.694426, 42.938126], [-119.694427, 42.934506], [-119.694429, 42.930887], [-119.689389, 42.930867], [-119.684457, 42.930848], [-119.679526, 42.930829], [-119.674594, 42.930809], [-119.674597, 42.934433]]]}}, {"type": "Feature", "properties": {"PLSSID": "OR330300S0260E0", "FRSTDIVID": "OR330300S0260E0SN310", "FRSTDIVTYP": "SN", "FRSTDIVNO": "31"}, "geometry": {"type": "Polygon", "coordinates": [[[-119.674606, 42.919964], [-119.674602, 42.923579], [-119.674598, 42.927194], [-119.674594, 42.930809], [-119.679526, 42.930829], [-119.684457, 42.930848], [-119.689389, 42.930867], [-119.694429, 42.930887], [-119.69443, 42.927267], [-119.694432, 42.923647], [-119.694433, 42.920027], [-119.694435, 42.916407], [-119.694072, 42.916406], [-119.689479, 42.916393], [-119.68909, 42.916391], [-119.684522, 42.916378], [-119.684107, 42.916377], [-119.679566, 42.916363], [-119.679125, 42.916362], [-119.67461, 42.916349], [-119.674606, 42.919964]]]}}, {"type": "Feature", "properties": {"PLSSID": "OR330300S0260E0", "FRSTDIVID": "OR330300S0260E0SN320", "FRSTDIVTYP": "SN", "FRSTDIVNO": "32"}, "geometry": {"type": "Polygon", "coordinates": [[[-119.654806, 42.919901], [-119.654827, 42.923511], [-119.654848, 42.927122], [-119.654869, 42.930732], [-119.6598, 42.930752], [-119.664732, 42.930771], [-119.669663, 42.93079], [-119.674594, 42.930809], [-119.674598, 42.927194], [-119.674602, 42.923579], [-119.674606, 42.919964], [-119.67461, 42.916349], [-119.674165, 42.916347], [-119.669654, 42.916334], [-119.669204, 42.916333], [-119.664698, 42.916319], [-119.664243, 42.916318], [-119.659742, 42.916305], [-119.659283, 42.916303], [-119.654786, 42.91629], [-119.654806, 42.919901]]]}}, {"type": "Feature", "properties": {"PLSSID": "OR330300S0260E0", "FRSTDIVID": "OR330300S0260E0SN330", "FRSTDIVTYP": "SN", "FRSTDIVNO": "33"}, "geometry": {"type": "Polygon", "coordinates": [[[-119.634986, 42.919853], [-119.635011, 42.923454], [-119.635036, 42.927054], [-119.635062, 42.930655], [-119.640014, 42.930674], [-119.644965, 42.930694], [-119.649917, 42.930713], [-119.654869, 42.930732], [-119.654848, 42.927122], [-119.654827, 42.923511], [-119.654806, 42.919901], [-119.654786, 42.91629], [-119.654289, 42.916289], [-119.649829, 42.916281], [-119.649293, 42.91628], [-119.644873, 42.916271], [-119.644297, 42.91627], [-119.639917, 42.916262], [-119.639302, 42.916261], [-119.634961, 42.916253], [-119.634986, 42.919853]]]}}, {"type": "Feature", "properties": {"PLSSID": "OR330300S0260E0", "FRSTDIVID": "OR330300S0260E0SN340", "FRSTDIVTYP": "SN", "FRSTDIVNO": "34"}, "geometry": {"type": "Polygon", "coordinates": [[[-119.615136, 42.919827], [-119.615137, 42.923439], [-119.615137, 42.927051], [-119.615138, 42.930662], [-119.620119, 42.930661], [-119.6251, 42.930659], [-119.626077, 42.930658], [-119.630081, 42.930657], [-119.635062, 42.930655], [-119.635036, 42.927054], [-119.635011, 42.923454], [-119.634986, 42.919853], [-119.634961, 42.916253], [-119.634364, 42.916252], [-119.630004, 42.916243], [-119.629425, 42.916242], [-119.626077, 42.916236], [-119.625049, 42.916234], [-119.624486, 42.916233], [-119.620092, 42.916224], [-119.619547, 42.916223], [-119.615136, 42.916215], [-119.615136, 42.919827]]]}}, {"type": "Feature", "properties": {"PLSSID": "OR330300S0260E0", "FRSTDIVID": "OR330300S0260E0SN350", "FRSTDIVTYP": "SN", "FRSTDIVNO": "35"}, "geometry": {"type": "Polygon", "coordinates": [[[-119.595303, 42.919793], [-119.595294, 42.923409], [-119.595286, 42.927025], [-119.595278, 42.930641], [-119.600243, 42.930646], [-119.605207, 42.930652], [-119.610173, 42.930657], [-119.615138, 42.930662], [-119.615137, 42.927051], [-119.615137, 42.923439], [-119.615136, 42.919827], [-119.615136, 42.916215], [-119.614613, 42.916214], [-119.61018, 42.916206], [-119.609679, 42.916205], [-119.605224, 42.916196], [-119.604745, 42.916195], [-119.600267, 42.916187], [-119.599811, 42.916186], [-119.596751, 42.91618], [-119.595311, 42.916177], [-119.595303, 42.919793]]]}}, {"type": "Feature", "properties": {"PLSSID": "OR330300S0260E0", "FRSTDIVID": "OR330300S0260E0SN360", "FRSTDIVTYP": "SN", "FRSTDIVNO": "36"}, "geometry": {"type": "Polygon", "coordinates": [[[-119.575471, 42.919731], [-119.575463, 42.923349], [-119.575455, 42.926967], [-119.575447, 42.930585], [-119.580405, 42.930599], [-119.585363, 42.930613], [-119.59032, 42.930627], [-119.595278, 42.930641], [-119.595286, 42.927025], [-119.595294, 42.923409], [-119.595303, 42.919793], [-119.595311, 42.916177], [-119.591795, 42.916171], [-119.590355, 42.916168], [-119.586839, 42.916161], [-119.585401, 42.916159], [-119.581885, 42.916142], [-119.58044, 42.916136], [-119.576902, 42.916116], [-119.575479, 42.916112], [-119.575471, 42.919731]]]}}, {"type": "Feature", "properties": {"PLSSID": "OR330300S0250E0", "FRSTDIVID": "OR330300S0250E0SN190", "FRSTDIVTYP": "SN", "FRSTDIVNO": "19"}, "geometry": {"type": "Polygon", "coordinates": [[[-119.807922, 42.945626], [-119.802982, 42.945629], [-119.798042, 42.945632], [-119.793102, 42.945635], [-119.7931, 42.949258], [-119.793099, 42.952881], [-119.793097, 42.956504], [-119.793095, 42.960128], [-119.798032, 42.960133], [-119.802968, 42.960138], [-119.807916, 42.96014], [-119.812883, 42.960141], [-119.812885, 42.95651], [-119.812887, 42.952879], [-119.812889, 42.949251], [-119.812891, 42.945623], [-119.807922, 42.945626]]]}}, {"type": "Feature", "properties": {"PLSSID": "OR330300S0250E0", "FRSTDIVID": "OR330300S0250E0SN200", "FRSTDIVTYP": "SN", "FRSTDIVNO": "20"}, "geometry": {"type": "Polygon", "coordinates": [[[-119.773284, 42.949227], [-119.773291, 42.952849], [-119.773299, 42.95647], [-119.773306, 42.960092], [-119.778254, 42.960101], [-119.783201, 42.96011], [-119.788148, 42.960119], [-119.793095, 42.960128], [-119.793097, 42.956504], [-119.793099, 42.952881], [-119.7931, 42.949258], [-119.793102, 42.945635], [-119.788146, 42.945627], [-119.783189, 42.94562], [-119.778233, 42.945612], [-119.773277, 42.945605], [-119.773284, 42.949227]]]}}, {"type": "Feature", "properties": {"PLSSID": "OR330300S0250E0", "FRSTDIVID": "OR330300S0250E0SN210", "FRSTDIVTYP": "SN", "FRSTDIVNO": "21"}, "geometry": {"type": "Polygon", "coordinates": [[[-119.768323, 42.945619], [-119.763369, 42.945633], [-119.758415, 42.945646], [-119.753461, 42.94566], [-119.75348, 42.949266], [-119.753499, 42.952872], [-119.753519, 42.956477], [-119.753539, 42.960083], [-119.758481, 42.960085], [-119.763423, 42.960087], [-119.768364, 42.96009], [-119.773306, 42.960092], [-119.773299, 42.95647], [-119.773291, 42.952849], [-119.773284, 42.949227], [-119.773277, 42.945605], [-119.768323, 42.945619]]]}}, {"type": "Feature", "properties": {"PLSSID": "OR330300S0250E0", "FRSTDIVID": "OR330300S0250E0SN220", "FRSTDIVTYP": "SN", "FRSTDIVNO": "22"}, "geometry": {"type": "Polygon", "coordinates": [[[-119.733843, 42.949121], [-119.733842, 42.952749], [-119.733842, 42.956376], [-119.733843, 42.960004], [-119.738767, 42.960024], [-119.743691, 42.960043], [-119.748615, 42.960063], [-119.751081, 42.960073], [-119.753539, 42.960083], [-119.753519, 42.956477], [-119.753499, 42.952872], [-119.75348, 42.949266], [-119.753461, 42.94566], [-119.751081, 42.94564], [-119.748556, 42.945619], [-119.743652, 42.945577], [-119.738747, 42.945535], [-119.733843, 42.945494], [-119.733843, 42.949121]]]}}, {"type": "Feature", "properties": {"PLSSID": "OR330300S0250E0", "FRSTDIVID": "OR330300S0250E0SN230", "FRSTDIVTYP": "SN", "FRSTDIVNO": "23"}, "geometry": {"type": "Polygon", "coordinates": [[[-119.71408, 42.949044], [-119.714081, 42.952665], [-119.714082, 42.956286], [-119.714082, 42.959906], [-119.719022, 42.959931], [-119.723962, 42.959955], [-119.728902, 42.95998], [-119.733843, 42.960004], [-119.733842, 42.956376], [-119.733842, 42.952749], [-119.733843, 42.949121], [-119.733843, 42.945494], [-119.728902, 42.945476], [-119.723961, 42.945459], [-119.719021, 42.945441], [-119.71408, 42.945424], [-119.71408, 42.949044]]]}}, {"type": "Feature", "properties": {"PLSSID": "OR330300S0250E0", "FRSTDIVID": "OR330300S0250E0SN240", "FRSTDIVTYP": "SN", "FRSTDIVNO": "24"}, "geometry": {"type": "Polygon", "coordinates": [[[-119.694421, 42.948986], [-119.694419, 42.952606], [-119.694418, 42.956226], [-119.694416, 42.959845], [-119.699332, 42.959861], [-119.704249, 42.959876], [-119.709165, 42.959891], [-119.714082, 42.959906], [-119.714082, 42.956286], [-119.714081, 42.952665], [-119.71408, 42.949044], [-119.71408, 42.945424], [-119.709165, 42.945409], [-119.704251, 42.945395], [-119.699337, 42.94538], [-119.694422, 42.945366], [-119.694421, 42.948986]]]}}, {"type": "Feature", "properties": {"PLSSID": "OR330300S0250E0", "FRSTDIVID": "OR330300S0250E0SN250", "FRSTDIVTYP": "SN", "FRSTDIVNO": "25"}, "geometry": {"type": "Polygon", "coordinates": [[[-119.694427, 42.934506], [-119.694426, 42.938126], [-119.694424, 42.941746], [-119.694422, 42.945366], [-119.699337, 42.94538], [-119.704251, 42.945395], [-119.709165, 42.945409], [-119.71408, 42.945424], [-119.714083, 42.941807], [-119.714086, 42.93819], [-119.714088, 42.934572], [-119.714091, 42.930955], [-119.709175, 42.930938], [-119.70426, 42.930921], [-119.699344, 42.930904], [-119.694429, 42.930887], [-119.694427, 42.934506]]]}}, {"type": "Feature", "properties": {"PLSSID": "OR330300S0250E0", "FRSTDIVID": "OR330300S0250E0SN260", "FRSTDIVTYP": "SN", "FRSTDIVNO": "26"}, "geometry": {"type": "Polygon", "coordinates": [[[-119.714088, 42.934572], [-119.714086, 42.93819], [-119.714083, 42.941807], [-119.71408, 42.945424], [-119.719021, 42.945441], [-119.723961, 42.945459], [-119.728902, 42.945476], [-119.733843, 42.945494], [-119.733848, 42.941876], [-119.733853, 42.938259], [-119.733858, 42.934642], [-119.733863, 42.931024], [-119.72892, 42.931007], [-119.723977, 42.93099], [-119.719034, 42.930973], [-119.714091, 42.930955], [-119.714088, 42.934572]]]}}, {"type": "Feature", "properties": {"PLSSID": "OR330300S0250E0", "FRSTDIVID": "OR330300S0250E0SN270", "FRSTDIVTYP": "SN", "FRSTDIVNO": "27"}, "geometry": {"type": "Polygon", "coordinates": [[[-119.733858, 42.934642], [-119.733853, 42.938259], [-119.733848, 42.941876], [-119.733843, 42.945494], [-119.738747, 42.945535], [-119.743652, 42.945577], [-119.748556, 42.945619], [-119.751081, 42.94564], [-119.753461, 42.94566], [-119.753484, 42.942024], [-119.753507, 42.938388], [-119.753529, 42.934751], [-119.753552, 42.931115], [-119.751081, 42.931104], [-119.74863, 42.931092], [-119.743707, 42.93107], [-119.738785, 42.931047], [-119.733863, 42.931024], [-119.733858, 42.934642]]]}}, {"type": "Feature", "properties": {"PLSSID": "OR330300S0250E0", "FRSTDIVID": "OR330300S0250E0SN280", "FRSTDIVTYP": "SN", "FRSTDIVNO": "28"}, "geometry": {"type": "Polygon", "coordinates": [[[-119.753529, 42.934751], [-119.753507, 42.938388], [-119.753484, 42.942024], [-119.753461, 42.94566], [-119.758415, 42.945646], [-119.763369, 42.945633], [-119.768323, 42.945619], [-119.773277, 42.945605], [-119.773294, 42.941986], [-119.773312, 42.938366], [-119.77333, 42.934747], [-119.773348, 42.931128], [-119.768399, 42.931125], [-119.76345, 42.931121], [-119.758501, 42.931118], [-119.753552, 42.931115], [-119.753529, 42.934751]]]}}, {"type": "Feature", "properties": {"PLSSID": "OR330300S0250E0", "FRSTDIVID": "OR330300S0250E0SN290", "FRSTDIVTYP": "SN", "FRSTDIVNO": "29"}, "geometry": {"type": "Polygon", "coordinates": [[[-119.77333, 42.934747], [-119.773312, 42.938366], [-119.773294, 42.941986], [-119.773277, 42.945605], [-119.778233, 42.945612], [-119.783189, 42.94562], [-119.788146, 42.945627], [-119.793102, 42.945635], [-119.793103, 42.942011], [-119.793103, 42.938388], [-119.793104, 42.934764], [-119.793104, 42.931141], [-119.788165, 42.931138], [-119.783226, 42.931134], [-119.778287, 42.931131], [-119.773348, 42.931128], [-119.77333, 42.934747]]]}}, {"type": "Feature", "properties": {"PLSSID": "OR330300S0250E0", "FRSTDIVID": "OR330300S0250E0SN300", "FRSTDIVTYP": "SN", "FRSTDIVNO": "30"}, "geometry": {"type": "Polygon", "coordinates": [[[-119.807903, 42.931131], [-119.802971, 42.931134], [-119.798038, 42.931138], [-119.793104, 42.931141], [-119.793104, 42.934764], [-119.793103, 42.938388], [-119.793103, 42.942011], [-119.793102, 42.945635], [-119.798042, 42.945632], [-119.802982, 42.945629], [-119.807922, 42.945626], [-119.812891, 42.945623], [-119.812888, 42.941996], [-119.812884, 42.938369], [-119.812881, 42.934748], [-119.812877, 42.931127], [-119.807903, 42.931131]]]}}, {"type": "Feature", "properties": {"PLSSID": "OR330300S0250E0", "FRSTDIVID": "OR330300S0250E0SN310", "FRSTDIVTYP": "SN", "FRSTDIVNO": "31"}, "geometry": {"type": "Polygon", "coordinates": [[[-119.793106, 42.920277], [-119.793105, 42.923899], [-119.793105, 42.92752], [-119.793104, 42.931141], [-119.798038, 42.931138], [-119.802971, 42.931134], [-119.807903, 42.931131], [-119.812877, 42.931127], [-119.812874, 42.927503], [-119.81287, 42.92388], [-119.812867, 42.920274], [-119.812863, 42.916669], [-119.810037, 42.916671], [-119.807896, 42.916674], [-119.805049, 42.916676], [-119.802967, 42.916657], [-119.800133, 42.916657], [-119.798037, 42.916657], [-119.795216, 42.916657], [-119.793107, 42.916656], [-119.793106, 42.920277]]]}}, {"type": "Feature", "properties": {"PLSSID": "OR330300S0250E0", "FRSTDIVID": "OR330300S0250E0SN320", "FRSTDIVTYP": "SN", "FRSTDIVNO": "32"}, "geometry": {"type": "Polygon", "coordinates": [[[-119.773421, 42.920263], [-119.773396, 42.923885], [-119.773372, 42.927506], [-119.773348, 42.931128], [-119.778287, 42.931131], [-119.783226, 42.931134], [-119.788165, 42.931138], [-119.793104, 42.931141], [-119.793105, 42.92752], [-119.793105, 42.923899], [-119.793106, 42.920277], [-119.793107, 42.916656], [-119.790298, 42.916657], [-119.788203, 42.916658], [-119.785382, 42.916659], [-119.783299, 42.916651], [-119.780454, 42.916648], [-119.778372, 42.916646], [-119.775525, 42.916644], [-119.773445, 42.916642], [-119.773421, 42.920263]]]}}, {"type": "Feature", "properties": {"PLSSID": "OR330300S0250E0", "FRSTDIVID": "OR330300S0250E0SN330", "FRSTDIVTYP": "SN", "FRSTDIVNO": "33"}, "geometry": {"type": "Polygon", "coordinates": [[[-119.763541, 42.916627], [-119.760711, 42.916627], [-119.758588, 42.916627], [-119.755754, 42.916628], [-119.753634, 42.916628], [-119.753614, 42.92025], [-119.753594, 42.923872], [-119.753573, 42.927493], [-119.753552, 42.931115], [-119.758501, 42.931118], [-119.76345, 42.931121], [-119.768399, 42.931125], [-119.773348, 42.931128], [-119.773372, 42.927506], [-119.773396, 42.923885], [-119.773421, 42.920263], [-119.773445, 42.916642], [-119.770597, 42.916631], [-119.768493, 42.916622], [-119.765668, 42.916611], [-119.763541, 42.916627]]]}}, {"type": "Feature", "properties": {"PLSSID": "OR330300S0250E0", "FRSTDIVID": "OR330300S0250E0SN340", "FRSTDIVTYP": "SN", "FRSTDIVNO": "34"}, "geometry": {"type": "Polygon", "coordinates": [[[-119.733887, 42.920168], [-119.733879, 42.923787], [-119.733871, 42.927406], [-119.733863, 42.931024], [-119.738785, 42.931047], [-119.743707, 42.93107], [-119.74863, 42.931092], [-119.751081, 42.931104], [-119.753552, 42.931115], [-119.753573, 42.927493], [-119.753594, 42.923872], [-119.753614, 42.92025], [-119.753634, 42.916628], [-119.751081, 42.916617], [-119.750802, 42.916616], [-119.748703, 42.916607], [-119.745854, 42.916596], [-119.743772, 42.916583], [-119.740913, 42.916573], [-119.738834, 42.916566], [-119.735972, 42.916557], [-119.733896, 42.91655], [-119.733887, 42.920168]]]}}, {"type": "Feature", "properties": {"PLSSID": "OR330300S0250E0", "FRSTDIVID": "OR330300S0250E0SN350", "FRSTDIVTYP": "SN", "FRSTDIVNO": "35"}, "geometry": {"type": "Polygon", "coordinates": [[[-119.714107, 42.920104], [-119.714102, 42.923721], [-119.714096, 42.927338], [-119.714091, 42.930955], [-119.719034, 42.930973], [-119.723977, 42.93099], [-119.72892, 42.931007], [-119.733863, 42.931024], [-119.733871, 42.927406], [-119.733879, 42.923787], [-119.733887, 42.920168], [-119.733896, 42.91655], [-119.731031, 42.916543], [-119.728951, 42.916538], [-119.72609, 42.916531], [-119.724006, 42.916529], [-119.72119, 42.916517], [-119.719059, 42.916508], [-119.716291, 42.916496], [-119.714112, 42.916487], [-119.714107, 42.920104]]]}}, {"type": "Feature", "properties": {"PLSSID": "OR330300S0250E0", "FRSTDIVID": "OR330300S0250E0SN360", "FRSTDIVTYP": "SN", "FRSTDIVNO": "36"}, "geometry": {"type": "Polygon", "coordinates": [[[-119.694433, 42.920027], [-119.694432, 42.923647], [-119.69443, 42.927267], [-119.694429, 42.930887], [-119.699344, 42.930904], [-119.70426, 42.930921], [-119.709175, 42.930938], [-119.714091, 42.930955], [-119.714096, 42.927338], [-119.714102, 42.923721], [-119.714107, 42.920104], [-119.714112, 42.916487], [-119.711392, 42.916479], [-119.709188, 42.916472], [-119.706492, 42.916464], [-119.704265, 42.916454], [-119.703884, 42.916451], [-119.69935, 42.916418], [-119.699021, 42.916416], [-119.694435, 42.916407], [-119.694433, 42.920027]]]}}, {"type": "Feature", "properties": {"PLSSID": "OR330300S0240E0", "FRSTDIVID": "OR330300S0240E0SN190", "FRSTDIVTYP": "SN", "FRSTDIVNO": "19"}, "geometry": {"type": "Polygon", "coordinates": [[[-119.912084, 42.949331], [-119.912072, 42.952955], [-119.912061, 42.95658], [-119.91205, 42.960204], [-119.916952, 42.960218], [-119.921854, 42.960231], [-119.92674, 42.960255], [-119.931852, 42.96028], [-119.931834, 42.956662], [-119.931816, 42.953044], [-119.931802, 42.949433], [-119.931788, 42.945821], [-119.926748, 42.945792], [-119.921863, 42.945763], [-119.916979, 42.945735], [-119.912095, 42.945706], [-119.912084, 42.949331]]]}}, {"type": "Feature", "properties": {"PLSSID": "OR330300S0240E0", "FRSTDIVID": "OR330300S0240E0SN200", "FRSTDIVTYP": "SN", "FRSTDIVNO": "20"}, "geometry": {"type": "Polygon", "coordinates": [[[-119.892122, 42.949346], [-119.892168, 42.952987], [-119.892213, 42.956627], [-119.892259, 42.960268], [-119.897207, 42.960252], [-119.902154, 42.960236], [-119.907102, 42.96022], [-119.91205, 42.960204], [-119.912061, 42.95658], [-119.912072, 42.952955], [-119.912084, 42.949331], [-119.912095, 42.945706], [-119.90709, 42.945706], [-119.902086, 42.945706], [-119.897081, 42.945705], [-119.892077, 42.945705], [-119.892122, 42.949346]]]}}, {"type": "Feature", "properties": {"PLSSID": "OR330300S0240E0", "FRSTDIVID": "OR330300S0240E0SN210", "FRSTDIVTYP": "SN", "FRSTDIVNO": "21"}, "geometry": {"type": "Polygon", "coordinates": [[[-119.887142, 42.945712], [-119.882207, 42.945718], [-119.877273, 42.945724], [-119.876084, 42.945726], [-119.872338, 42.945731], [-119.872405, 42.949385], [-119.872472, 42.95304], [-119.872538, 42.956694], [-119.872605, 42.960349], [-119.876084, 42.960334], [-119.877519, 42.960329], [-119.882432, 42.960308], [-119.887346, 42.960288], [-119.892259, 42.960268], [-119.892213, 42.956627], [-119.892168, 42.952987], [-119.892122, 42.949346], [-119.892077, 42.945705], [-119.887142, 42.945712]]]}}, {"type": "Feature", "properties": {"PLSSID": "OR330300S0240E0", "FRSTDIVID": "OR330300S0240E0SN220", "FRSTDIVTYP": "SN", "FRSTDIVNO": "22"}, "geometry": {"type": "Polygon", "coordinates": [[[-119.852517, 42.949344], [-119.852518, 42.952959], [-119.85252, 42.956575], [-119.852521, 42.96019], [-119.857542, 42.96023], [-119.862563, 42.960269], [-119.867584, 42.960309], [-119.872605, 42.960349], [-119.872538, 42.956694], [-119.872472, 42.95304], [-119.872405, 42.949385], [-119.872338, 42.945731], [-119.867383, 42.94573], [-119.862427, 42.94573], [-119.857472, 42.94573], [-119.852516, 42.945729], [-119.852517, 42.949344]]]}}, {"type": "Feature", "properties": {"PLSSID": "OR330300S0240E0", "FRSTDIVID": "OR330300S0240E0SN230", "FRSTDIVTYP": "SN", "FRSTDIVNO": "23"}, "geometry": {"type": "Polygon", "coordinates": [[[-119.832721, 42.949296], [-119.832728, 42.952937], [-119.832735, 42.956578], [-119.832742, 42.960219], [-119.837687, 42.960212], [-119.842632, 42.960204], [-119.847576, 42.960197], [-119.852521, 42.96019], [-119.85252, 42.956575], [-119.852518, 42.952959], [-119.852517, 42.949344], [-119.852516, 42.945729], [-119.847566, 42.945711], [-119.842615, 42.945692], [-119.837664, 42.945674], [-119.832714, 42.945655], [-119.832721, 42.949296]]]}}, {"type": "Feature", "properties": {"PLSSID": "OR330300S0240E0", "FRSTDIVID": "OR330300S0240E0SN240", "FRSTDIVTYP": "SN", "FRSTDIVNO": "24"}, "geometry": {"type": "Polygon", "coordinates": [[[-119.812889, 42.949251], [-119.812887, 42.952879], [-119.812885, 42.95651], [-119.812883, 42.960141], [-119.817849, 42.960161], [-119.822813, 42.96018], [-119.827778, 42.960199], [-119.832742, 42.960219], [-119.832735, 42.956578], [-119.832728, 42.952937], [-119.832721, 42.949296], [-119.832714, 42.945655], [-119.827758, 42.945647], [-119.822803, 42.945639], [-119.817848, 42.945631], [-119.812891, 42.945623], [-119.812889, 42.949251]]]}}, {"type": "Feature", "properties": {"PLSSID": "OR330300S0240E0", "FRSTDIVID": "OR330300S0240E0SN250", "FRSTDIVTYP": "SN", "FRSTDIVNO": "25"}, "geometry": {"type": "Polygon", "coordinates": [[[-119.812881, 42.934748], [-119.812884, 42.938369], [-119.812888, 42.941996], [-119.812891, 42.945623], [-119.817848, 42.945631], [-119.822803, 42.945639], [-119.827758, 42.945647], [-119.832714, 42.945655], [-119.832712, 42.942031], [-119.83271, 42.938407], [-119.832709, 42.934784], [-119.832707, 42.93116], [-119.82775, 42.931152], [-119.822792, 42.931143], [-119.817836, 42.931136], [-119.812877, 42.931127], [-119.812881, 42.934748]]]}}, {"type": "Feature", "properties": {"PLSSID": "OR330300S0240E0", "FRSTDIVID": "OR330300S0240E0SN260", "FRSTDIVTYP": "SN", "FRSTDIVNO": "26"}, "geometry": {"type": "Polygon", "coordinates": [[[-119.832709, 42.934784], [-119.83271, 42.938407], [-119.832712, 42.942031], [-119.832714, 42.945655], [-119.837664, 42.945674], [-119.842615, 42.945692], [-119.847566, 42.945711], [-119.852516, 42.945729], [-119.852501, 42.942095], [-119.852486, 42.938461], [-119.852471, 42.934827], [-119.852457, 42.931193], [-119.847519, 42.931185], [-119.842582, 42.931177], [-119.837645, 42.931169], [-119.832707, 42.93116], [-119.832709, 42.934784]]]}}, {"type": "Feature", "properties": {"PLSSID": "OR330300S0240E0", "FRSTDIVID": "OR330300S0240E0SN270", "FRSTDIVTYP": "SN", "FRSTDIVNO": "27"}, "geometry": {"type": "Polygon", "coordinates": [[[-119.852471, 42.934827], [-119.852486, 42.938461], [-119.852501, 42.942095], [-119.852516, 42.945729], [-119.857472, 42.94573], [-119.862427, 42.94573], [-119.867383, 42.94573], [-119.872338, 42.945731], [-119.872315, 42.942117], [-119.872292, 42.938503], [-119.872269, 42.93489], [-119.872246, 42.931275], [-119.867298, 42.931255], [-119.862351, 42.931234], [-119.857404, 42.931214], [-119.852457, 42.931193], [-119.852471, 42.934827]]]}}, {"type": "Feature", "properties": {"PLSSID": "OR330300S0240E0", "FRSTDIVID": "OR330300S0240E0SN280", "FRSTDIVTYP": "SN", "FRSTDIVNO": "28"}, "geometry": {"type": "Polygon", "coordinates": [[[-119.872269, 42.93489], [-119.872292, 42.938503], [-119.872315, 42.942117], [-119.872338, 42.945731], [-119.876084, 42.945726], [-119.877273, 42.945724], [-119.882207, 42.945718], [-119.887142, 42.945712], [-119.892077, 42.945705], [-119.892066, 42.942116], [-119.892056, 42.938528], [-119.892045, 42.934939], [-119.892035, 42.93135], [-119.887087, 42.931332], [-119.88214, 42.931313], [-119.877193, 42.931295], [-119.876084, 42.93129], [-119.872246, 42.931275], [-119.872269, 42.93489]]]}}, {"type": "Feature", "properties": {"PLSSID": "OR330300S0240E0", "FRSTDIVID": "OR330300S0240E0SN290", "FRSTDIVTYP": "SN", "FRSTDIVNO": "29"}, "geometry": {"type": "Polygon", "coordinates": [[[-119.892045, 42.934939], [-119.892056, 42.938528], [-119.892066, 42.942116], [-119.892077, 42.945705], [-119.897081, 42.945705], [-119.902086, 42.945706], [-119.90709, 42.945706], [-119.912095, 42.945706], [-119.912033, 42.942132], [-119.911972, 42.938557], [-119.91191, 42.934983], [-119.911849, 42.931408], [-119.906895, 42.931394], [-119.901942, 42.931379], [-119.896988, 42.931365], [-119.892035, 42.93135], [-119.892045, 42.934939]]]}}, {"type": "Feature", "properties": {"PLSSID": "OR330300S0240E0", "FRSTDIVID": "OR330300S0240E0SN300", "FRSTDIVTYP": "SN", "FRSTDIVNO": "30"}, "geometry": {"type": "Polygon", "coordinates": [[[-119.926691, 42.931382], [-119.921744, 42.931391], [-119.916796, 42.9314], [-119.911849, 42.931408], [-119.91191, 42.934983], [-119.911972, 42.938557], [-119.912033, 42.942132], [-119.912095, 42.945706], [-119.916979, 42.945735], [-119.921863, 42.945763], [-119.926748, 42.945792], [-119.931788, 42.945821], [-119.931746, 42.942205], [-119.931704, 42.938589], [-119.931733, 42.934981], [-119.931762, 42.931373], [-119.926691, 42.931382]]]}}, {"type": "Feature", "properties": {"PLSSID": "OR330300S0240E0", "FRSTDIVID": "OR330300S0240E0SN310", "FRSTDIVTYP": "SN", "FRSTDIVNO": "31"}, "geometry": {"type": "Polygon", "coordinates": [[[-119.91181, 42.920566], [-119.911823, 42.92418], [-119.911836, 42.927794], [-119.911849, 42.931408], [-119.916796, 42.9314], [-119.921744, 42.931391], [-119.926691, 42.931382], [-119.931762, 42.931373], [-119.93173, 42.927731], [-119.931697, 42.924089], [-119.931653, 42.920549], [-119.931609, 42.91701], [-119.93021, 42.917006], [-119.926656, 42.916996], [-119.925633, 42.916993], [-119.921703, 42.916981], [-119.920649, 42.916978], [-119.91675, 42.916966], [-119.915664, 42.916963], [-119.911797, 42.916952], [-119.91181, 42.920566]]]}}, {"type": "Feature", "properties": {"PLSSID": "OR330300S0240E0", "FRSTDIVID": "OR330300S0240E0SN320", "FRSTDIVTYP": "SN", "FRSTDIVNO": "32"}, "geometry": {"type": "Polygon", "coordinates": [[[-119.891998, 42.920508], [-119.89201, 42.924122], [-119.892022, 42.927736], [-119.892035, 42.93135], [-119.896988, 42.931365], [-119.901942, 42.931379], [-119.906895, 42.931394], [-119.911849, 42.931408], [-119.911836, 42.927794], [-119.911823, 42.92418], [-119.91181, 42.920566], [-119.911797, 42.916952], [-119.910679, 42.916949], [-119.906844, 42.916937], [-119.905695, 42.916934], [-119.901891, 42.916923], [-119.900711, 42.916919], [-119.896938, 42.916908], [-119.895727, 42.916905], [-119.891986, 42.916894], [-119.891998, 42.920508]]]}}, {"type": "Feature", "properties": {"PLSSID": "OR330300S0240E0", "FRSTDIVID": "OR330300S0240E0SN330", "FRSTDIVTYP": "SN", "FRSTDIVNO": "33"}, "geometry": {"type": "Polygon", "coordinates": [[[-119.872192, 42.920445], [-119.87221, 42.924055], [-119.872228, 42.927666], [-119.872246, 42.931275], [-119.876084, 42.93129], [-119.877193, 42.931295], [-119.88214, 42.931313], [-119.887087, 42.931332], [-119.892035, 42.93135], [-119.892022, 42.927736], [-119.89201, 42.924122], [-119.891998, 42.920508], [-119.891986, 42.916894], [-119.890743, 42.91689], [-119.887033, 42.916879], [-119.88576, 42.916875], [-119.88208, 42.916864], [-119.880788, 42.916861], [-119.877127, 42.91685], [-119.876084, 42.916847], [-119.875817, 42.916846], [-119.872174, 42.916835], [-119.872192, 42.920445]]]}}, {"type": "Feature", "properties": {"PLSSID": "OR330300S0240E0", "FRSTDIVID": "OR330300S0240E0SN340", "FRSTDIVTYP": "SN", "FRSTDIVNO": "34"}, "geometry": {"type": "Polygon", "coordinates": [[[-119.852386, 42.920381], [-119.852409, 42.923985], [-119.852433, 42.927589], [-119.852457, 42.931193], [-119.857404, 42.931214], [-119.862351, 42.931234], [-119.867298, 42.931255], [-119.872246, 42.931275], [-119.872228, 42.927666], [-119.87221, 42.924055], [-119.872192, 42.920445], [-119.872174, 42.916835], [-119.870845, 42.916831], [-119.867221, 42.916821], [-119.865874, 42.916817], [-119.862268, 42.916806], [-119.860878, 42.916802], [-119.857315, 42.916792], [-119.855881, 42.916787], [-119.852362, 42.916777], [-119.852386, 42.920381]]]}}, {"type": "Feature", "properties": {"PLSSID": "OR330300S0240E0", "FRSTDIVID": "OR330300S0240E0SN350", "FRSTDIVTYP": "SN", "FRSTDIVNO": "35"}, "geometry": {"type": "Polygon", "coordinates": [[[-119.83259, 42.920329], [-119.832629, 42.92394], [-119.832668, 42.92755], [-119.832707, 42.93116], [-119.837645, 42.931169], [-119.842582, 42.931177], [-119.847519, 42.931185], [-119.852457, 42.931193], [-119.852433, 42.927589], [-119.852409, 42.923985], [-119.852386, 42.920381], [-119.852362, 42.916777], [-119.850885, 42.916773], [-119.847409, 42.916762], [-119.845889, 42.916758], [-119.842457, 42.916748], [-119.840764, 42.916743], [-119.837504, 42.916733], [-119.83564, 42.916728], [-119.832551, 42.916719], [-119.83259, 42.920329]]]}}, {"type": "Feature", "properties": {"PLSSID": "OR330300S0240E0", "FRSTDIVID": "OR330300S0240E0SN360", "FRSTDIVTYP": "SN", "FRSTDIVNO": "36"}, "geometry": {"type": "Polygon", "coordinates": [[[-119.812867, 42.920274], [-119.81287, 42.92388], [-119.812874, 42.927503], [-119.812877, 42.931127], [-119.817836, 42.931136], [-119.822792, 42.931143], [-119.82775, 42.931152], [-119.832707, 42.93116], [-119.832668, 42.92755], [-119.832629, 42.92394], [-119.83259, 42.920329], [-119.832551, 42.916719], [-119.830528, 42.916716], [-119.827627, 42.916712], [-119.825433, 42.916709], [-119.822703, 42.916691], [-119.819946, 42.916684], [-119.817783, 42.91668], [-119.815022, 42.916673], [-119.812863, 42.916669], [-119.812867, 42.920274]]]}}, {"type": "Feature", "properties": {"PLSSID": "OR330300S0230E0", "FRSTDIVID": "OR330300S0230E0SN240", "FRSTDIVTYP": "SN", "FRSTDIVNO": "24"}, "geometry": {"type": "Polygon", "coordinates": [[[-119.931802, 42.949433], [-119.931816, 42.953044], [-119.931834, 42.956662], [-119.931852, 42.96028], [-119.936783, 42.960264], [-119.941714, 42.960247], [-119.94665, 42.960226], [-119.951587, 42.960205], [-119.951573, 42.956588], [-119.95156, 42.952971], [-119.951549, 42.949424], [-119.951537, 42.945878], [-119.946587, 42.945925], [-119.941637, 42.945973], [-119.936713, 42.945897], [-119.931788, 42.945821], [-119.931802, 42.949433]]]}}, {"type": "Feature", "properties": {"PLSSID": "OR330300S0230E0", "FRSTDIVID": "OR330300S0230E0SN250", "FRSTDIVTYP": "SN", "FRSTDIVNO": "25"}, "geometry": {"type": "Polygon", "coordinates": [[[-119.936674, 42.931362], [-119.931762, 42.931373], [-119.931733, 42.934981], [-119.931704, 42.938589], [-119.931746, 42.942205], [-119.931788, 42.945821], [-119.936713, 42.945897], [-119.941637, 42.945973], [-119.946587, 42.945925], [-119.951537, 42.945878], [-119.951494, 42.942328], [-119.951451, 42.938778], [-119.951449, 42.935155], [-119.951447, 42.931532], [-119.946516, 42.931441], [-119.941585, 42.931351], [-119.936674, 42.931362]]]}}, {"type": "Feature", "properties": {"PLSSID": "OR330300S0230E0", "FRSTDIVID": "OR330300S0230E0SN360", "FRSTDIVTYP": "SN", "FRSTDIVNO": "36"}, "geometry": {"type": "Polygon", "coordinates": [[[-119.946516, 42.931441], [-119.951447, 42.931532], [-119.951449, 42.927858], [-119.951451, 42.924185], [-119.951423, 42.920664], [-119.951396, 42.917143], [-119.948528, 42.917122], [-119.946466, 42.917106], [-119.943518, 42.917084], [-119.941529, 42.917078], [-119.939345, 42.917063], [-119.936569, 42.917044], [-119.93478, 42.917032], [-119.931609, 42.91701], [-119.931653, 42.920549], [-119.931697, 42.924089], [-119.93173, 42.927731], [-119.931762, 42.931373], [-119.936674, 42.931362], [-119.941585, 42.931351], [-119.946516, 42.931441]]]}}]}